text	label	Pattern Category	domain	site	step_label	confidence	source_type	feat_hidden	feat_tiny	feat_bottom_buried	feat_high_risk_step	feat_is_button	feat_is_link	ccpa_category
FLASH SALE | LIMITED TIME ONLY Shop Now	1	Urgency	foreign	ec_darkpattern	unknown	1.0	original							
Pillowcases & Shams	0	Not Dark Pattern	foreign	ec_darkpattern	unknown	1.0	original							
Write a review	0	Not Dark Pattern	foreign	ec_darkpattern	unknown	1.0	original							
To start your return, simply click on the following button and add your return details. Once the form is filled, you will receive an email with shipping instructions for how to ship the item(s) to our warehouse.	0	Not Dark Pattern	foreign	ec_darkpattern	unknown	1.0	original							
 newsletter signup (privacy policy) 	0	Not Dark Pattern	foreign	ec_darkpattern	unknown	1.0	original							
In demand	1	Scarcity	foreign	ec_darkpattern	unknown	1.0	original							
We cannot guarantee door to door delivery for every customer. Buyers in remote areas such as farms, islands, mining camps, small towns, or out-of-towners, etc may need to collect from their nearest freight depot.	0	Not Dark Pattern	foreign	ec_darkpattern	unknown	1.0	original							
Hurry! Only 2 left in stock	1	Scarcity	foreign	ec_darkpattern	unknown	1.0	original							
In Stock only 3 left	1	Scarcity	foreign	ec_darkpattern	unknown	1.0	original							
International Shipping Policy	0	Not Dark Pattern	foreign	ec_darkpattern	unknown	1.0	original							
Clothes, Shoes & Accessories	0	Not Dark Pattern	foreign	ec_darkpattern	unknown	1.0	original							
Hurry! Only 2 left	1	Scarcity	foreign	ec_darkpattern	unknown	1.0	original							
Primary Arms Scopes	0	Not Dark Pattern	foreign	ec_darkpattern	unknown	1.0	original							
ONLY 8 LEFT	1	Scarcity	foreign	ec_darkpattern	unknown	1.0	original							
MoTrail	0	Not Dark Pattern	foreign	ec_darkpattern	unknown	1.0	original							
LCD Ribbon Cables	0	Not Dark Pattern	foreign	ec_darkpattern	unknown	1.0	original							
READY FOR YOUR NEXT AUTHENTIC NHL JERSEY?	0	Not Dark Pattern	foreign	ec_darkpattern	unknown	1.0	original							
OUR BEST SELLING GOGGLE	1	Misdirection	foreign	ec_darkpattern	unknown	1.0	original							
1,142 people have added to cart recently	1	Social Proof	foreign	ec_darkpattern	unknown	1.0	original							
Limited Availability	1	Scarcity	foreign	ec_darkpattern	unknown	1.0	original							
No thanks. I don't like free things...	1	Misdirection	foreign	ec_darkpattern	unknown	1.0	original							
 read you will want to read -- Five Book Group Favourites * Sunday Post *	0	Not Dark Pattern	foreign	ec_darkpattern	unknown	1.0	original							
 Supply & Demand 	0	Not Dark Pattern	foreign	ec_darkpattern	unknown	1.0	original							
Michael in Pontiac, United States purchased a  	1	Social Proof	foreign	ec_darkpattern	unknown	1.0	original							
Bathroom Lighting	0	Not Dark Pattern	foreign	ec_darkpattern	unknown	1.0	original							
 Shop Optics > 	0	Not Dark Pattern	foreign	ec_darkpattern	unknown	1.0	original							
9 people are viewing this.	1	Social Proof	foreign	ec_darkpattern	unknown	1.0	original							
894 Claimed! Hurry, only a few left!	1	Scarcity	foreign	ec_darkpattern	unknown	1.0	original							
77 PEOPLE LIKE THIS	1	Social Proof	foreign	ec_darkpattern	unknown	1.0	original							
Girls Trousers	0	Not Dark Pattern	foreign	ec_darkpattern	unknown	1.0	original							
Specs	0	Not Dark Pattern	foreign	ec_darkpattern	unknown	1.0	original							
4 items left	1	Scarcity	foreign	ec_darkpattern	unknown	1.0	original							
HURRY! EXCLUSIVE DEAL FOR YOU! 1 4 : 4 5	1	Urgency	foreign	ec_darkpattern	unknown	1.0	original							
Offer ends in	1	Urgency	foreign	ec_darkpattern	unknown	1.0	original							
Another babe in Alexandria, United States just ordered Flat Tummy Tea	1	Social Proof	foreign	ec_darkpattern	unknown	1.0	original							
Someone in Boling Iago Texas United States Purchased Seek Discomfort Sketch White iPhone Case 5 hours ago	1	Social Proof	foreign	ec_darkpattern	unknown	1.0	original							
More Info	0	Not Dark Pattern	foreign	ec_darkpattern	unknown	1.0	original							
Daystate FAC Air Rifles	0	Not Dark Pattern	foreign	ec_darkpattern	unknown	1.0	original							
Keyboard Navigation Profile (Motor-Impaired): this profile enables motor-impaired persons to operate the website using the keyboard Tab, Shift+Tab, and the Enter keys. Users can also use shortcuts such as “M” (menus), “H” (headings), “F” (forms), “B” (buttons), and “G” (graphics) to jump to specific elements.	0	Not Dark Pattern	foreign	ec_darkpattern	unknown	1.0	original							
24 sold in last 24 hours.	1	Social Proof	foreign	ec_darkpattern	unknown	1.0	original							
 #CERTIFIED_FACE_MASKS 	0	Not Dark Pattern	foreign	ec_darkpattern	unknown	1.0	original							
Shop the Look	0	Not Dark Pattern	foreign	ec_darkpattern	unknown	1.0	original							
Kicks Remotes	0	Not Dark Pattern	foreign	ec_darkpattern	unknown	1.0	original							
Only 7 left in stock.	1	Scarcity	foreign	ec_darkpattern	unknown	1.0	original							
Whey Protein Isolate	0	Not Dark Pattern	foreign	ec_darkpattern	unknown	1.0	original							
 Cases for Magsafe Refine by Product Type: Cases for Magsafe 	0	Not Dark Pattern	foreign	ec_darkpattern	unknown	1.0	original							
Product Info	0	Not Dark Pattern	foreign	ec_darkpattern	unknown	1.0	original							
Someone from Norway purchased a Super FG Grater - 12x Faster - 15% OFF	1	Social Proof	foreign	ec_darkpattern	unknown	1.0	original							
 Sign In With Google 	0	Not Dark Pattern	foreign	ec_darkpattern	unknown	1.0	original							
Shop All	0	Not Dark Pattern	foreign	ec_darkpattern	unknown	1.0	original							
 You can change your preference here Shop for Select an age 	0	Not Dark Pattern	foreign	ec_darkpattern	unknown	1.0	original							
1 in Stock	1	Scarcity	foreign	ec_darkpattern	unknown	1.0	original							
 shop all 	0	Not Dark Pattern	foreign	ec_darkpattern	unknown	1.0	original							
Low Stock Alert: Only 8 left in inventory	1	Scarcity	foreign	ec_darkpattern	unknown	1.0	original							
Womens Platform Shoes	0	Not Dark Pattern	foreign	ec_darkpattern	unknown	1.0	original							
Screen print graphics	0	Not Dark Pattern	foreign	ec_darkpattern	unknown	1.0	original							
IBKUL Solid Mock Neck Half Zip Pullover purchased from Clinton, MD, US 1 minute ago	1	Social Proof	foreign	ec_darkpattern	unknown	1.0	original							
Thin and tough - protects from minor scratches	0	Not Dark Pattern	foreign	ec_darkpattern	unknown	1.0	original							
Kimberly R.	0	Not Dark Pattern	foreign	ec_darkpattern	unknown	1.0	original							
I don't feel lucky	1	Misdirection	foreign	ec_darkpattern	unknown	1.0	original							
Only 3 items left	1	Scarcity	foreign	ec_darkpattern	unknown	1.0	original							
 Butterscotch Cakes 	0	Not Dark Pattern	foreign	ec_darkpattern	unknown	1.0	original							
Someone in Saint Kilda, Victoria purchased Frank Queen Size Bed Base	1	Social Proof	foreign	ec_darkpattern	unknown	1.0	original							
Awntech New Yorker Window/Entry Slope Awnin ...	0	Not Dark Pattern	foreign	ec_darkpattern	unknown	1.0	original							
45 ADDED TO BAG IN THE PAST 24 HOURS	1	Social Proof	foreign	ec_darkpattern	unknown	1.0	original							
87% offers claimed. Hurry up!	1	Scarcity	foreign	ec_darkpattern	unknown	1.0	original							
HURRY! £32.99 UK DELIVERY ENDS SOON	1	Urgency	foreign	ec_darkpattern	unknown	1.0	original							
ONLY 3 LEFT	1	Scarcity	foreign	ec_darkpattern	unknown	1.0	original							
8 items left	1	Scarcity	foreign	ec_darkpattern	unknown	1.0	original							
19 people viewed this product per day	1	Social Proof	foreign	ec_darkpattern	unknown	1.0	original							
 Irwin 	0	Not Dark Pattern	foreign	ec_darkpattern	unknown	1.0	original							
96 ITEM(S) LEFT IN STOCK!	1	Scarcity	foreign	ec_darkpattern	unknown	1.0	original							
__________	0	Not Dark Pattern	foreign	ec_darkpattern	unknown	1.0	original							
Only 1 left In Stock	1	Scarcity	foreign	ec_darkpattern	unknown	1.0	original							
Availability: Only 4 Left!	1	Scarcity	foreign	ec_darkpattern	unknown	1.0	original							
 Personalised Gifts 	0	Not Dark Pattern	foreign	ec_darkpattern	unknown	1.0	original							
A customer service specialist will contact you soon.	0	Not Dark Pattern	foreign	ec_darkpattern	unknown	1.0	original							
Your order is reserved for 09:54 minutes!	1	Urgency	foreign	ec_darkpattern	unknown	1.0	original							
 Screws & Other Fixings 	0	Not Dark Pattern	foreign	ec_darkpattern	unknown	1.0	original							
Use the domain shortly after payment	0	Not Dark Pattern	foreign	ec_darkpattern	unknown	1.0	original							
Office Supplies & Decor	0	Not Dark Pattern	foreign	ec_darkpattern	unknown	1.0	original							
This size has only 1 left in stock	1	Scarcity	foreign	ec_darkpattern	unknown	1.0	original							
Arrow	0	Not Dark Pattern	foreign	ec_darkpattern	unknown	1.0	original							
Returns an Item	0	Not Dark Pattern	foreign	ec_darkpattern	unknown	1.0	original							
HOT PRODUCT Over 250 people are looking at this item.	1	Social Proof	foreign	ec_darkpattern	unknown	1.0	original							
I don't want to save money	1	Misdirection	foreign	ec_darkpattern	unknown	1.0	original							
HURRY! ONLY 2 LEFT IN STOCK!	1	Scarcity	foreign	ec_darkpattern	unknown	1.0	original							
Hair type: Curly	0	Not Dark Pattern	foreign	ec_darkpattern	unknown	1.0	original							
DEAL ENDS IN 40:55:13	1	Urgency	foreign	ec_darkpattern	unknown	1.0	original							
Someone bought: HYPE BLUE LARGE SPLAT KIDS LEGGINGS	1	Social Proof	foreign	ec_darkpattern	unknown	1.0	original							
Only 1 Left	1	Scarcity	foreign	ec_darkpattern	unknown	1.0	original							
Search for similiar products	0	Not Dark Pattern	foreign	ec_darkpattern	unknown	1.0	original							
Only 33 left	1	Scarcity	foreign	ec_darkpattern	unknown	1.0	original							
FAMILY SHADE PACK | PICK YOUR PACK	0	Not Dark Pattern	foreign	ec_darkpattern	unknown	1.0	original							
Promaster City Remotes	0	Not Dark Pattern	foreign	ec_darkpattern	unknown	1.0	original							
Hurry, only a few left!	1	Scarcity	foreign	ec_darkpattern	unknown	1.0	original							
 V&A Collection People Tree’s collaboration with the Victoria and Albert Museum offers a stylish and contemporary capsule collection which celebrates the beauty and variety of pattern which the London museum is renowned for. 	0	Not Dark Pattern	foreign	ec_darkpattern	unknown	1.0	original							
Only 11 left!	1	Scarcity	foreign	ec_darkpattern	unknown	1.0	original							
Hurry! Only 6 left in stock	1	Scarcity	foreign	ec_darkpattern	unknown	1.0	original							
40 users are currently active on our website just now.	1	Social Proof	foreign	ec_darkpattern	unknown	1.0	original							
Hair Tools	0	Not Dark Pattern	foreign	ec_darkpattern	unknown	1.0	original							
Email Address*	0	Not Dark Pattern	foreign	ec_darkpattern	unknown	1.0	original							
 Send Us Your Jersey 	0	Not Dark Pattern	foreign	ec_darkpattern	unknown	1.0	original							
 View All Home Office Furniture 	0	Not Dark Pattern	foreign	ec_darkpattern	unknown	1.0	original							
Search Result:Search Results: 	0	Not Dark Pattern	foreign	ec_darkpattern	unknown	1.0	original							
90% offers claimed. Hurry up!	1	Scarcity	foreign	ec_darkpattern	unknown	1.0	original							
Tube Tops	0	Not Dark Pattern	foreign	ec_darkpattern	unknown	1.0	original							
"Mitchell H. Purchased a Dimplex IgniteXL 100"" Linear Built in Electric Fireplace"	1	Social Proof	foreign	ec_darkpattern	unknown	1.0	original							
Hair type: Wavy	0	Not Dark Pattern	foreign	ec_darkpattern	unknown	1.0	original							
7 people looked at this product in the last 24 hours.	1	Social Proof	foreign	ec_darkpattern	unknown	1.0	original							
Glow Gear	0	Not Dark Pattern	foreign	ec_darkpattern	unknown	1.0	original							
18 In Stock	1	Scarcity	foreign	ec_darkpattern	unknown	1.0	original							
Someone in New Lynn bought a Kogan A1 Earphones with Inline Control for IOS/Android 1 hour ago.	1	Social Proof	foreign	ec_darkpattern	unknown	1.0	original							
00:15:07:45	1	Urgency	foreign	ec_darkpattern	unknown	1.0	original							
No, I'll rather pay full price.	1	Misdirection	foreign	ec_darkpattern	unknown	1.0	original							
Only 9 Left.	1	Scarcity	foreign	ec_darkpattern	unknown	1.0	original							
Deals of the Week	0	Not Dark Pattern	foreign	ec_darkpattern	unknown	1.0	original							
 ... It covers love and loss, friendship and pain through 	0	Not Dark Pattern	foreign	ec_darkpattern	unknown	1.0	original							
1 person is viewing this	1	Social Proof	foreign	ec_darkpattern	unknown	1.0	original							
Your order is reserved for 09:14 minutes! 	1	Urgency	foreign	ec_darkpattern	unknown	1.0	original							
 Gift TypeFlowers, Cakes, Plants, etc. 	0	Not Dark Pattern	foreign	ec_darkpattern	unknown	1.0	original							
 CAMILLA World 	0	Not Dark Pattern	foreign	ec_darkpattern	unknown	1.0	original							
Sweep Train Simple A Line Tulle Wedding Dress with Appliques and Beading	0	Not Dark Pattern	foreign	ec_darkpattern	unknown	1.0	original							
Fun Treat Tossing	0	Not Dark Pattern	foreign	ec_darkpattern	unknown	1.0	original							
Limited time remaining!	1	Urgency	foreign	ec_darkpattern	unknown	1.0	original							
No thanks, I'll pay full price	1	Misdirection	foreign	ec_darkpattern	unknown	1.0	original							
Your shopping bag is empty...	0	Not Dark Pattern	foreign	ec_darkpattern	unknown	1.0	original							
Trousers & Chinos	0	Not Dark Pattern	foreign	ec_darkpattern	unknown	1.0	original							
Only 7 left in stock!	1	Scarcity	foreign	ec_darkpattern	unknown	1.0	original							
Only 5 item(s) left.	1	Scarcity	foreign	ec_darkpattern	unknown	1.0	original							
 Chargers 	0	Not Dark Pattern	foreign	ec_darkpattern	unknown	1.0	original							
(only 5 left)	1	Scarcity	foreign	ec_darkpattern	unknown	1.0	original							
 Eyelashes 	0	Not Dark Pattern	foreign	ec_darkpattern	unknown	1.0	original							
Pick the price that matches your budget. 	0	Not Dark Pattern	foreign	ec_darkpattern	unknown	1.0	original							
Bringing the latest footwear, ‘fits and accessories from the biggest brands, the JD app makes coppin’ the hottest looks even easier!	0	Not Dark Pattern	foreign	ec_darkpattern	unknown	1.0	original							
Child Safety	0	Not Dark Pattern	foreign	ec_darkpattern	unknown	1.0	original							
 Cosmic Rainbow 	0	Not Dark Pattern	foreign	ec_darkpattern	unknown	1.0	original							
NRA Annual Meetings & Exhibits	0	Not Dark Pattern	foreign	ec_darkpattern	unknown	1.0	original							
ShoesBootsCasual ShoesFormal ShoesSandals & Flip-flopsShoe Care & AccessoriesSlippersSneakers & CanvasSports Shoes	0	Not Dark Pattern	foreign	ec_darkpattern	unknown	1.0	original							
 Moonstone Beads 	0	Not Dark Pattern	foreign	ec_darkpattern	unknown	1.0	original							
I'll Shop Without A Discount	1	Misdirection	foreign	ec_darkpattern	unknown	1.0	original							
Only 11 Left In Stock	1	Scarcity	foreign	ec_darkpattern	unknown	1.0	original							
 Netherlands Antilles USD	0	Not Dark Pattern	foreign	ec_darkpattern	unknown	1.0	original							
Was this product description useful?YesNo	0	Not Dark Pattern	foreign	ec_darkpattern	unknown	1.0	original							
Returns Information	0	Not Dark Pattern	foreign	ec_darkpattern	unknown	1.0	original							
TiesToys & GamesTravelWatches	0	Not Dark Pattern	foreign	ec_darkpattern	unknown	1.0	original							
Bought by 39 people in last few hours! HOT SELLER!	1	Social Proof	foreign	ec_darkpattern	unknown	1.0	original							
Books and Stationery	0	Not Dark Pattern	foreign	ec_darkpattern	unknown	1.0	original							
Your order is reserved for 08:48 minutes!	1	Urgency	foreign	ec_darkpattern	unknown	1.0	original							
11 11 Hours: 00 22 Minutes: 3223 3223 Seconds	1	Urgency	foreign	ec_darkpattern	unknown	1.0	original							
 Bioactive Custodians 	0	Not Dark Pattern	foreign	ec_darkpattern	unknown	1.0	original							
 Most-Hearted Styles Shop Now 	0	Not Dark Pattern	foreign	ec_darkpattern	unknown	1.0	original							
 Use a clean vase and clean water.	0	Not Dark Pattern	foreign	ec_darkpattern	unknown	1.0	original							
 well, this is awkward. 	0	Not Dark Pattern	foreign	ec_darkpattern	unknown	1.0	original							
@elsieandpresley_ got some fantastic color results with our Hair Color Wax. Well done 👏	0	Not Dark Pattern	foreign	ec_darkpattern	unknown	1.0	original							
 All Licensed 	0	Not Dark Pattern	foreign	ec_darkpattern	unknown	1.0	original							
Nursing chairs	0	Not Dark Pattern	foreign	ec_darkpattern	unknown	1.0	original							
Only 1 Item(s) left	1	Scarcity	foreign	ec_darkpattern	unknown	1.0	original							
Discount pending $10 OFF 00:30:00	1	Urgency	foreign	ec_darkpattern	unknown	1.0	original							
Juniors' Shoes	0	Not Dark Pattern	foreign	ec_darkpattern	unknown	1.0	original							
Limited Time: $10 Off! Discount Reflected In Price!	1	Urgency	foreign	ec_darkpattern	unknown	1.0	original							
Switchers	0	Not Dark Pattern	foreign	ec_darkpattern	unknown	1.0	original							
 Data Processor Privacy Policy: https://cookieinformation.com/cookie-and-privacy-policy 	0	Not Dark Pattern	foreign	ec_darkpattern	unknown	1.0	original							
Ribbons	0	Not Dark Pattern	foreign	ec_darkpattern	unknown	1.0	original							
By clicking Sign Up, you agree to receive marketing text messages from Southern Tide at the number provided, including messages sent by autodialer. Consent is not a condition of any purchase. Message and data rates may apply. Message frequency varies. Reply HELP for help or STOP to cancel. View our Privacy Policy and Terms of Service.	0	Not Dark Pattern	foreign	ec_darkpattern	unknown	1.0	original							
IN 43 PEOPLE'S SHOPPING BAG	1	Social Proof	foreign	ec_darkpattern	unknown	1.0	original							
 Amethyst Beads 	0	Not Dark Pattern	foreign	ec_darkpattern	unknown	1.0	original							
Down Jackets	0	Not Dark Pattern	foreign	ec_darkpattern	unknown	1.0	original							
Hurry up! Prices increase in 0 DAYS 11 HRS 59 MINS 55 SECS	1	Urgency	foreign	ec_darkpattern	unknown	1.0	original							
BERNARD in Philadelphia, United States purchased a	1	Social Proof	foreign	ec_darkpattern	unknown	1.0	original							
NO THANKS, I DON’T MIND MISSING OUT	1	Misdirection	foreign	ec_darkpattern	unknown	1.0	original							
Hurry, only 1 left!	1	Scarcity	foreign	ec_darkpattern	unknown	1.0	original							
Only 26 Left	1	Scarcity	foreign	ec_darkpattern	unknown	1.0	original							
7 sold in last 24 hours	1	Social Proof	foreign	ec_darkpattern	unknown	1.0	original							
Buy Wearables»	0	Not Dark Pattern	foreign	ec_darkpattern	unknown	1.0	original							
LAST CHANCE - UP TO 70% OFF - ENDS IN: 20 HRS 28 MINS 30 SECS	1	Urgency	foreign	ec_darkpattern	unknown	1.0	original							
 Watercolour Brushes Toggle category Watercolour Brushes 	0	Not Dark Pattern	foreign	ec_darkpattern	unknown	1.0	original							
LightInTheBox 掲載記事	0	Not Dark Pattern	foreign	ec_darkpattern	unknown	1.0	original							
Clear filter	0	Not Dark Pattern	foreign	ec_darkpattern	unknown	1.0	original							
HURRY UP > 09H 42M 39S	1	Urgency	foreign	ec_darkpattern	unknown	1.0	original							
 Sweats 	0	Not Dark Pattern	foreign	ec_darkpattern	unknown	1.0	original							
Q: Will this damage my hair?	0	Not Dark Pattern	foreign	ec_darkpattern	unknown	1.0	original							
Brandon Blackwood	0	Not Dark Pattern	foreign	ec_darkpattern	unknown	1.0	original							
Someone in Sasebo, Japan just bought	1	Social Proof	foreign	ec_darkpattern	unknown	1.0	original							
80 Customers are considering this product right now.	1	Social Proof	foreign	ec_darkpattern	unknown	1.0	original							
88 PEOPLE VIEWED ITEM IN THE LAST 24 HOURS	1	Social Proof	foreign	ec_darkpattern	unknown	1.0	original							
 End Tables	0	Not Dark Pattern	foreign	ec_darkpattern	unknown	1.0	original							
ONLY 2 LEFT IN STOCK!	1	Scarcity	foreign	ec_darkpattern	unknown	1.0	original							
Only few items left in stock	1	Scarcity	foreign	ec_darkpattern	unknown	1.0	original							
Only 1.75 yards left in stock!	1	Scarcity	foreign	ec_darkpattern	unknown	1.0	original							
 Brilliant! Chose what I wanted, and came a week later. Very happy with my purchase 	0	Not Dark Pattern	foreign	ec_darkpattern	unknown	1.0	original							
71 people have purchased this item	1	Social Proof	foreign	ec_darkpattern	unknown	1.0	original							
Only 8 left	1	Scarcity	foreign	ec_darkpattern	unknown	1.0	original							
Subscribe & Save	1	Misdirection	foreign	ec_darkpattern	unknown	1.0	original							
We use cookies to improve our services, make personal offers, and enhance your experience. If you do not accept optional cookies below, your experience may be affected. If you want to know more, please, read the Cookie Policy	0	Not Dark Pattern	foreign	ec_darkpattern	unknown	1.0	original							
Long Dress Style Beach Cover Up With Lace Detail Jessica in Metairie, United States	1	Social Proof	foreign	ec_darkpattern	unknown	1.0	original							
Someone in Kilwinning, United Kingdom just bought Cuban Link Chain Bracelet	1	Social Proof	foreign	ec_darkpattern	unknown	1.0	original							
00DAYS00HOURS14MINUTES21SECONDS	1	Urgency	foreign	ec_darkpattern	unknown	1.0	original							
Great prices, professional customer services	0	Not Dark Pattern	foreign	ec_darkpattern	unknown	1.0	original							
Carnival Remotes	0	Not Dark Pattern	foreign	ec_darkpattern	unknown	1.0	original							
Hurry! Only 1 left in size M!!	1	Scarcity	foreign	ec_darkpattern	unknown	1.0	original							
Items in your cart are in high demand.	1	Scarcity	foreign	ec_darkpattern	unknown	1.0	original							
 VIP Points! 	0	Not Dark Pattern	foreign	ec_darkpattern	unknown	1.0	original							
Root Touch Up + Brow Filler	0	Not Dark Pattern	foreign	ec_darkpattern	unknown	1.0	original							
Limited stock Only 2 left	1	Scarcity	foreign	ec_darkpattern	unknown	1.0	original							
 Looks like your cart is empty, let's fix that! 	0	Not Dark Pattern	foreign	ec_darkpattern	unknown	1.0	original							
Over 500 left in stock	1	Scarcity	foreign	ec_darkpattern	unknown	1.0	original							
Lasers 	0	Not Dark Pattern	foreign	ec_darkpattern	unknown	1.0	original							
Choose your payment day. View your schedule and select pay now.	0	Not Dark Pattern	foreign	ec_darkpattern	unknown	1.0	original							
Hurry up! 6 people other than you have this product in their cart	1	Social Proof	foreign	ec_darkpattern	unknown	1.0	original							
 E-Gift Cards 	0	Not Dark Pattern	foreign	ec_darkpattern	unknown	1.0	original							
1 LEFT	1	Scarcity	foreign	ec_darkpattern	unknown	1.0	original							
Leslie in USA just Purchased Special Design Exclusive Handmade Silver Ring	1	Social Proof	foreign	ec_darkpattern	unknown	1.0	original							
 Personalised Chocolates 	0	Not Dark Pattern	foreign	ec_darkpattern	unknown	1.0	original							
Shop Dresses by Occasion	0	Not Dark Pattern	foreign	ec_darkpattern	unknown	1.0	original							
I do not want to protect my item	1	Misdirection	foreign	ec_darkpattern	unknown	1.0	original							
Add to Your Gift and We'll Ship it For Free!	1	Misdirection	foreign	ec_darkpattern	unknown	1.0	original							
Wallets 	0	Not Dark Pattern	foreign	ec_darkpattern	unknown	1.0	original							
 Exclusive offers & discounts for club members via email 	0	Not Dark Pattern	foreign	ec_darkpattern	unknown	1.0	original							
Buy with humm.	0	Not Dark Pattern	foreign	ec_darkpattern	unknown	1.0	original							
 Household Cleaning Kitchen Bathroom Eco Laundry General Cleaning Kitchenware Cook & Bakeware Food Storage & Preservation Kitchen Textiles Appliances Kitchen Appliances Household Appliances Bed, Bath & Living 	0	Not Dark Pattern	foreign	ec_darkpattern	unknown	1.0	original							
Synthesis E-MTB Carbon Wheelset	0	Not Dark Pattern	foreign	ec_darkpattern	unknown	1.0	original							
25,439 people have viewed this item	1	Social Proof	foreign	ec_darkpattern	unknown	1.0	original							
No thanks I definitely measured correctly	1	Misdirection	foreign	ec_darkpattern	unknown	1.0	original							
57 PEOPLE HAVE LOOKED AT THIS TODAY	1	Social Proof	foreign	ec_darkpattern	unknown	1.0	original							
Theresa from Botkins just bought Panoply 14918 A-line Lace Formal Dress	1	Social Proof	foreign	ec_darkpattern	unknown	1.0	original							
Women's ApparelCollection 	0	Not Dark Pattern	foreign	ec_darkpattern	unknown	1.0	original							
Before you check out, can we tempt you?	1	Misdirection	foreign	ec_darkpattern	unknown	1.0	original							
 Women's Sandals 	0	Not Dark Pattern	foreign	ec_darkpattern	unknown	1.0	original							
 Plant-Based Beauty 	0	Not Dark Pattern	foreign	ec_darkpattern	unknown	1.0	original							
When you join the PetPlus Plan, you are given the option to purchase your membership on an annual or monthly basis and you are automatically enrolled in our recurring billing program. You may cancel at any time by contacting our customer service team, but you will not be refunded for any unused days on your membership if you choose to cancel prior to the end of your billing cycle. You may cancel your PetPlus membership at any time without penalty if you have not utilized any of your PetPlus benefits (including discounts on products and/or services). For customers charged on a monthly basis, if you have purchased products or used services using your PetPlus benefits, we will charge a $25 administrative fee per membership cancellation if the membership is cancelled within three months of enrollment.	1	Obstruction	foreign	ec_darkpattern	unknown	1.0	original							
 Frame out of stock in this colour	0	Not Dark Pattern	foreign	ec_darkpattern	unknown	1.0	original							
Hair Care Sets	0	Not Dark Pattern	foreign	ec_darkpattern	unknown	1.0	original							
Limited quantity remaining	1	Scarcity	foreign	ec_darkpattern	unknown	1.0	original							
CareersAbout UsAffiliatesPrivacy SettingsAdvertise with usHelpSite map	0	Not Dark Pattern	foreign	ec_darkpattern	unknown	1.0	original							
128 sold today! Hurry, only a few left!	1	Scarcity	foreign	ec_darkpattern	unknown	1.0	original							
4 people are looking at this right now.	1	Social Proof	foreign	ec_darkpattern	unknown	1.0	original							
No thanks, I dont want a discount	1	Misdirection	foreign	ec_darkpattern	unknown	1.0	original							
Someone from Portland, United States (US) purchased MODALERT recently.	1	Social Proof	foreign	ec_darkpattern	unknown	1.0	original							
Limited Time Offer Limited Offer! 15% off on Naomi Home with Coupon 9N03. You pay $63.74	1	Urgency	foreign	ec_darkpattern	unknown	1.0	original							
2 people are viewing this	1	Social Proof	foreign	ec_darkpattern	unknown	1.0	original							
HURRY! ONLY 1 IN STOCK!	1	Scarcity	foreign	ec_darkpattern	unknown	1.0	original							
Printed 	0	Not Dark Pattern	foreign	ec_darkpattern	unknown	1.0	original							
Patient Transfer Devices	0	Not Dark Pattern	foreign	ec_darkpattern	unknown	1.0	original							
 Summer Casual Printed Loosen Short Sleeve T-Shirt 	0	Not Dark Pattern	foreign	ec_darkpattern	unknown	1.0	original							
 Summer V Neck Solid Color Short Sleeve Waffle T-Shirt 	0	Not Dark Pattern	foreign	ec_darkpattern	unknown	1.0	original							
LAST CHANCE TO ACTIVATE 10% OFF	1	Scarcity	foreign	ec_darkpattern	unknown	1.0	original							
Your order is reserved for 09:45 minutes!	1	Urgency	foreign	ec_darkpattern	unknown	1.0	original							
only 5 left	1	Scarcity	foreign	ec_darkpattern	unknown	1.0	original							
78 Persons looking for this product	1	Social Proof	foreign	ec_darkpattern	unknown	1.0	original							
 Heart Shaped Cake 	0	Not Dark Pattern	foreign	ec_darkpattern	unknown	1.0	original							
227 Bought Already	1	Social Proof	foreign	ec_darkpattern	unknown	1.0	original							
You've made the starting lineup. Be on the look out for an exclusive offer for signing up.	0	Not Dark Pattern	foreign	ec_darkpattern	unknown	1.0	original							
Universal Fit Collapsible Smart Phone Stand	0	Not Dark Pattern	foreign	ec_darkpattern	unknown	1.0	original							
Hurry! Only Limited Items Left	1	Scarcity	foreign	ec_darkpattern	unknown	1.0	original							
現代奴隷法に対する透明性に関する声明 (opens in a new tab)	0	Not Dark Pattern	foreign	ec_darkpattern	unknown	1.0	original							
Strong demand! Complete your order before it's too late!	1	Scarcity	foreign	ec_darkpattern	unknown	1.0	original							
Your order is reserved for 09:56 minutes!	1	Urgency	foreign	ec_darkpattern	unknown	1.0	original							
Sudha rana from Jaipur bought this product, 23 Mins ago.	1	Social Proof	foreign	ec_darkpattern	unknown	1.0	original							
Gift Wrapping Supplies	0	Not Dark Pattern	foreign	ec_darkpattern	unknown	1.0	original							
6 others have already bought this deal today!	1	Social Proof	foreign	ec_darkpattern	unknown	1.0	original							
"""No Worry"" Membership Renewal We will bill your credit card on file at the introductory rate of $2.99 per month for the first year, for membership rewards and discounts. At the end of the introductory period, you'll be billed at the regular monthly rate of $3.99 per month. If you don't want your membership renewed, simply contact us and we will cancel your subscription. You will be refunded for the current month's membership fee, less any membership savings you have received. Exclusive Toll-Free Hotline Number Because we want your calls to get top priority, we have a special number for Value Club members only: 1-800-648-4282. Your call will be handled with the utmost promptness, courtesy and efficiency possible."	1	Obstruction	foreign	ec_darkpattern	unknown	1.0	original							
info@coolhockey.com	0	Not Dark Pattern	foreign	ec_darkpattern	unknown	1.0	original							
"LIMITED TIME OFFER 10% OFF - ENTER CODE \""CASES\"" AT CHECKOUT"	1	Urgency	foreign	ec_darkpattern	unknown	1.0	original							
 Safe & Secure Checkout 	0	Not Dark Pattern	foreign	ec_darkpattern	unknown	1.0	original							
GRACE from ORLANDO, United States bought Camouflage Jumpsuit 31 minutes ago          	1	Social Proof	foreign	ec_darkpattern	unknown	1.0	original							
Synne Kristine in Halden, bought Classic Bokksu Subscription (Billed Every 1 Month) (Ships every 1 Months) about 45 minutes ago	1	Social Proof	foreign	ec_darkpattern	unknown	1.0	original							
Wall Mounted Air Conditioners	0	Not Dark Pattern	foreign	ec_darkpattern	unknown	1.0	original							
803 Claimed! Hurry, only a few left!	1	Scarcity	foreign	ec_darkpattern	unknown	1.0	original							
Monira in Doha, Qatar purchased a LilyVanity™ Velvet Box	1	Social Proof	foreign	ec_darkpattern	unknown	1.0	original							
Only 2 left!	1	Scarcity	foreign	ec_darkpattern	unknown	1.0	original							
3 PEOPLE VIEWING	1	Social Proof	foreign	ec_darkpattern	unknown	1.0	original							
No thanks, I’d rather pay full price.	1	Misdirection	foreign	ec_darkpattern	unknown	1.0	original							
Product Feature	0	Not Dark Pattern	foreign	ec_darkpattern	unknown	1.0	original							
Plant-based Protein	0	Not Dark Pattern	foreign	ec_darkpattern	unknown	1.0	original							
Parad Combo Deals 	0	Not Dark Pattern	foreign	ec_darkpattern	unknown	1.0	original							
Last Shape Guide	0	Not Dark Pattern	foreign	ec_darkpattern	unknown	1.0	original							
 Baby & Toddler Toys 	0	Not Dark Pattern	foreign	ec_darkpattern	unknown	1.0	original							
Shipping Insurance Remove Insurance	1	Sneaking	foreign	ec_darkpattern	unknown	1.0	original							
Clocks 	0	Not Dark Pattern	foreign	ec_darkpattern	unknown	1.0	original							
 Cat's Eye Beads 	0	Not Dark Pattern	foreign	ec_darkpattern	unknown	1.0	original							
Shop now. Pay later. Always interest-free	0	Not Dark Pattern	foreign	ec_darkpattern	unknown	1.0	original							
Stay with us in India	0	Not Dark Pattern	foreign	ec_darkpattern	unknown	1.0	original							
No thanks. I don’t want deals.	1	Misdirection	foreign	ec_darkpattern	unknown	1.0	original							
Wyse Thin Client	0	Not Dark Pattern	foreign	ec_darkpattern	unknown	1.0	original							
AdjustableBucketHeadbandsSale Items- View All -	0	Not Dark Pattern	foreign	ec_darkpattern	unknown	1.0	original							
 Every bicycle tells a story 	0	Not Dark Pattern	foreign	ec_darkpattern	unknown	1.0	original							
 This site uses cookies to provide and improve your shopping experience. If you want to benefit from this improved service, please opt-in. 	0	Not Dark Pattern	foreign	ec_darkpattern	unknown	1.0	original							
Add and save!	1	Misdirection	foreign	ec_darkpattern	unknown	1.0	original							
Intercoms & Doorbells	0	Not Dark Pattern	foreign	ec_darkpattern	unknown	1.0	original							
Boys Purple School Uniforms	0	Not Dark Pattern	foreign	ec_darkpattern	unknown	1.0	original							
RECENTLY VIEWED 2 others viewed this in the last few hours	1	Social Proof	foreign	ec_darkpattern	unknown	1.0	original							
2 viewed per hour	1	Social Proof	foreign	ec_darkpattern	unknown	1.0	original							
1 other customers have this item in their shopping cart	1	Social Proof	foreign	ec_darkpattern	unknown	1.0	original							
ONLY A FEW LEFT IN STOCK	1	Scarcity	foreign	ec_darkpattern	unknown	1.0	original							
1day21:04:58	1	Urgency	foreign	ec_darkpattern	unknown	1.0	original							
Fashion Forms	0	Not Dark Pattern	foreign	ec_darkpattern	unknown	1.0	original							
Stock Low : 6 items left.	1	Scarcity	foreign	ec_darkpattern	unknown	1.0	original							
NO, I'LL PAY FULL PRICE	1	Misdirection	foreign	ec_darkpattern	unknown	1.0	original							
Terrarium Light Canopies	0	Not Dark Pattern	foreign	ec_darkpattern	unknown	1.0	original							
HURRY, LOW IN STOCK!	1	Scarcity	foreign	ec_darkpattern	unknown	1.0	original							
Only 4 copies left	1	Scarcity	foreign	ec_darkpattern	unknown	1.0	original							
2 LEFT	1	Scarcity	foreign	ec_darkpattern	unknown	1.0	original							
Feedback	0	Not Dark Pattern	foreign	ec_darkpattern	unknown	1.0	original							
2 DAYS 13:06:13	1	Urgency	foreign	ec_darkpattern	unknown	1.0	original							
Receive news and updates on new products	0	Not Dark Pattern	foreign	ec_darkpattern	unknown	1.0	original							
5338 people bought this	1	Social Proof	foreign	ec_darkpattern	unknown	1.0	original							
2 left in stock	1	Scarcity	foreign	ec_darkpattern	unknown	1.0	original							
 dFresh - Fresh Products 	0	Not Dark Pattern	foreign	ec_darkpattern	unknown	1.0	original							
Thanks! -RMO Team	0	Not Dark Pattern	foreign	ec_darkpattern	unknown	1.0	original							
6,743 people have viewed recently	1	Social Proof	foreign	ec_darkpattern	unknown	1.0	original							
Selling fast!	1	Scarcity	foreign	ec_darkpattern	unknown	1.0	original							
Welcome To Hotter us	0	Not Dark Pattern	foreign	ec_darkpattern	unknown	1.0	original							
ON SALE: Select Seasonal T-Shirts only $19.99! Limited time only! Save Now!	1	Urgency	foreign	ec_darkpattern	unknown	1.0	original							
 To enable notifications, click 'Allow' when prompted. 	0	Not Dark Pattern	foreign	ec_darkpattern	unknown	1.0	original							
 PHX Mercury 	0	Not Dark Pattern	foreign	ec_darkpattern	unknown	1.0	original							
Easy Release Cleat Kit	0	Not Dark Pattern	foreign	ec_darkpattern	unknown	1.0	original							
111 people have purchased this item	1	Social Proof	foreign	ec_darkpattern	unknown	1.0	original							
Flowers Trivia:	0	Not Dark Pattern	foreign	ec_darkpattern	unknown	1.0	original							
Your order is reserved for 09:58 minutes!	1	Urgency	foreign	ec_darkpattern	unknown	1.0	original							
I've recommended The Keeper of Lost Things to everyone.	0	Not Dark Pattern	foreign	ec_darkpattern	unknown	1.0	original							
LIMITED TIME! - Save $5 OFF Orders $70+ Coupon: SAVE5 - PLUS - Free Gift on Orders $125+	1	Urgency	foreign	ec_darkpattern	unknown	1.0	original							
1 Netflix offer: Not available to customers with an active Netflix offer from Vodafone. Available only on Red+ Lite, Unlimited, Red+ Essentials and Red+ until the 8th of August 2019. Exit fee of $60 applies if you exit or transfer your plan before 6 months. Plan exit fees may also apply. Netflix Offer: One year Netflix ‘Standard’ plan ($14.99 a month) credit will be applied to your Netflix account on activation. At the end of your credit, you will be charged at your Netflix plan rate unless you cancel your Netflix subscription. Cancel Netflix at any time. Netflix compatible device required. See eligible plans and full Netflix terms.	1	Sneaking	foreign	ec_darkpattern	unknown	1.0	original							
Celebrity Synthetic Wigs	0	Not Dark Pattern	foreign	ec_darkpattern	unknown	1.0	original							
1626 people seeing this product right now	1	Social Proof	foreign	ec_darkpattern	unknown	1.0	original							
Book picture is for illustrative purposes only, actual binding, cover or edition may vary.	0	Not Dark Pattern	foreign	ec_darkpattern	unknown	1.0	original							
 Glow Gear 	0	Not Dark Pattern	foreign	ec_darkpattern	unknown	1.0	original							
Converse	0	Not Dark Pattern	foreign	ec_darkpattern	unknown	1.0	original							
Stay Connected	0	Not Dark Pattern	foreign	ec_darkpattern	unknown	1.0	original							
Only 1 left in Stock	1	Scarcity	foreign	ec_darkpattern	unknown	1.0	original							
sales@ecklers.net	0	Not Dark Pattern	foreign	ec_darkpattern	unknown	1.0	original							
0 Days 2 Hours 57 Minutes 53 Seconds	1	Urgency	foreign	ec_darkpattern	unknown	1.0	original							
Sharmeen Atif From Karachi just bought Stylish Metal Glasses Frames For Kids-Assorted-NA7157	1	Social Proof	foreign	ec_darkpattern	unknown	1.0	original							
Only 34 Left!	1	Scarcity	foreign	ec_darkpattern	unknown	1.0	original							
William in Pago Pago, United States purchased a	1	Social Proof	foreign	ec_darkpattern	unknown	1.0	original							
No thanks, I don’t like fun and games.	1	Misdirection	foreign	ec_darkpattern	unknown	1.0	original							
PROTECT YOUR SOFA! Your Humblebum Sofa in Thatch house fabric will look wicked! Why not add Castelan Fabric Protection to cover your new squish machine against wine spillages, messy TV dinners, and other disasters for just just £80?	1	Misdirection	foreign	ec_darkpattern	unknown	1.0	original							
Explore The NRA Universe Of Websites	0	Not Dark Pattern	foreign	ec_darkpattern	unknown	1.0	original							
New In Special Occasion	0	Not Dark Pattern	foreign	ec_darkpattern	unknown	1.0	original							
› New Year, New Kit Sale	0	Not Dark Pattern	foreign	ec_darkpattern	unknown	1.0	original							
HURRY, ORDER WITHIN 16h 59m 06s TO GET 35% OFF EVERYTHING* EXCL SALE & BEAUTY ENTER: DOLL35	1	Urgency	foreign	ec_darkpattern	unknown	1.0	original							
 Title of Review 	0	Not Dark Pattern	foreign	ec_darkpattern	unknown	1.0	original							
We uses cookies (and similar techniques) to provide you with better products and services. Your permission will be confirmed if you continue using this website.Read more	0	Not Dark Pattern	foreign	ec_darkpattern	unknown	1.0	original							
LAST CHANCE TO SAVE... enter your email to Save 20% on your first order 00 hours :29 minutes :43 seconds	1	Urgency	foreign	ec_darkpattern	unknown	1.0	original							
OFFER EXPIRES IN: YES NO Want 10% Off Your First Order? 7 minutes 35 seconds	1	Urgency	foreign	ec_darkpattern	unknown	1.0	original							
Cellular/Honeycomb Shades	0	Not Dark Pattern	foreign	ec_darkpattern	unknown	1.0	original							
113 people have viewed in the last 24hrs	1	Social Proof	foreign	ec_darkpattern	unknown	1.0	original							
Epilepsy Safe Profile: this profile enables people with epilepsy to safely use the website by eliminating the risk of seizures resulting from flashing or blinking animations and risky color combinations.	0	Not Dark Pattern	foreign	ec_darkpattern	unknown	1.0	original							
Jamie in Nashville, United States purchased	1	Social Proof	foreign	ec_darkpattern	unknown	1.0	original							
Denise in Saluda, Virginia bought Terani Couture - 1911E9095 Embroidered Asymmetric Neck Mermaid Gown	1	Social Proof	foreign	ec_darkpattern	unknown	1.0	original							
Don't miss out! We've sold 38 in the last few days.	1	Social Proof	foreign	ec_darkpattern	unknown	1.0	original							
No, thank you. I prefer to pay the full price	1	Misdirection	foreign	ec_darkpattern	unknown	1.0	original							
No Thanks, I don't like exclusive deals.	1	Misdirection	foreign	ec_darkpattern	unknown	1.0	original							
Loading interface...	0	Not Dark Pattern	foreign	ec_darkpattern	unknown	1.0	original							
 SAF Warriors 	0	Not Dark Pattern	foreign	ec_darkpattern	unknown	1.0	original							
 Lens Manual Washer 	0	Not Dark Pattern	foreign	ec_darkpattern	unknown	1.0	original							
No thanks, I'd like 0% off	1	Misdirection	foreign	ec_darkpattern	unknown	1.0	original							
Warm Tips	0	Not Dark Pattern	foreign	ec_darkpattern	unknown	1.0	original							
 Our Carbon Footprint 	0	Not Dark Pattern	foreign	ec_darkpattern	unknown	1.0	original							
 Women's Summer New Clerk Large Size Loose Cotton And Linen Blouse 	0	Not Dark Pattern	foreign	ec_darkpattern	unknown	1.0	original							
Uncheck the box if you prefer not to receive email updates.	1	Misdirection	foreign	ec_darkpattern	unknown	1.0	original							
| Add to Compare	0	Not Dark Pattern	foreign	ec_darkpattern	unknown	1.0	original							
No Thanks, I Don't Want a Free Gift	1	Misdirection	foreign	ec_darkpattern	unknown	1.0	original							
 World of Sweats 	0	Not Dark Pattern	foreign	ec_darkpattern	unknown	1.0	original							
This item is in high demand.	1	Scarcity	foreign	ec_darkpattern	unknown	1.0	original							
Cargo Trousers	0	Not Dark Pattern	foreign	ec_darkpattern	unknown	1.0	original							
Hair Bundles With Closure	0	Not Dark Pattern	foreign	ec_darkpattern	unknown	1.0	original							
BreakThrough	0	Not Dark Pattern	foreign	ec_darkpattern	unknown	1.0	original							
ONLY 1 LEFT! GET IT NOW!	1	Scarcity	foreign	ec_darkpattern	unknown	1.0	original							
Our most recent customers are from New Rochelle, Roseville, and Brooksville	1	Social Proof	foreign	ec_darkpattern	unknown	1.0	original							
ShopClose menu	0	Not Dark Pattern	foreign	ec_darkpattern	unknown	1.0	original							
Used Rifles	0	Not Dark Pattern	foreign	ec_darkpattern	unknown	1.0	original							
ONLY 4 LEFT	1	Scarcity	foreign	ec_darkpattern	unknown	1.0	original							
Limited quantity! 	1	Scarcity	foreign	ec_darkpattern	unknown	1.0	original							
DON'T MISS ON THESE AWESOME ITEMS / DON'T MISS ON OUR TABLE DECORATION SYSTEM	1	Misdirection	foreign	ec_darkpattern	unknown	1.0	original							
Hurry! Only 15 left!	1	Scarcity	foreign	ec_darkpattern	unknown	1.0	original							
 Motocross Boots 	0	Not Dark Pattern	foreign	ec_darkpattern	unknown	1.0	original							
 Remove Product? 	0	Not Dark Pattern	foreign	ec_darkpattern	unknown	1.0	original							
 Nursery 	0	Not Dark Pattern	foreign	ec_darkpattern	unknown	1.0	original							
Footwear Accessories	0	Not Dark Pattern	foreign	ec_darkpattern	unknown	1.0	original							
Only a few more left!	1	Scarcity	foreign	ec_darkpattern	unknown	1.0	original							
0011Days:0088Hours:4411Minutes:21125445Seconds	1	Urgency	foreign	ec_darkpattern	unknown	1.0	original							
and future features included!	0	Not Dark Pattern	foreign	ec_darkpattern	unknown	1.0	original							
69 people are viewing this	1	Social Proof	foreign	ec_darkpattern	unknown	1.0	original							
Only 4 items left in stock.	1	Scarcity	foreign	ec_darkpattern	unknown	1.0	original							
Natural Backgrounds	0	Not Dark Pattern	foreign	ec_darkpattern	unknown	1.0	original							
Speed Lace Accessory Kit - Orange	0	Not Dark Pattern	foreign	ec_darkpattern	unknown	1.0	original							
No Thanks, I Prefer Paying Full Price	1	Misdirection	foreign	ec_darkpattern	unknown	1.0	original							
Package RecyclingWe do try when possible to reuse packaging from our own suppliers in order to send purchased items to our customers, we ask if the packaging is still in good condition after you've received your goods then please try to use it again or recycle if not possible.	0	Not Dark Pattern	foreign	ec_darkpattern	unknown	1.0	original							
Ends in 1 Days, 4 Minutes, 44 Seconds	1	Urgency	foreign	ec_darkpattern	unknown	1.0	original							
In Stock - Limited Quantity	1	Scarcity	foreign	ec_darkpattern	unknown	1.0	original							
on Freight	0	Not Dark Pattern	foreign	ec_darkpattern	unknown	1.0	original							
Canvas Wall Art	0	Not Dark Pattern	foreign	ec_darkpattern	unknown	1.0	original							
Only 8 left in stock. Almost Gone!	1	Scarcity	foreign	ec_darkpattern	unknown	1.0	original							
JFN V Neck Lace Cut-Out Basic T-Shirt/Tee	0	Not Dark Pattern	foreign	ec_darkpattern	unknown	1.0	original							
or	0	Not Dark Pattern	foreign	ec_darkpattern	unknown	1.0	original							
 Short Sleeve Dresses 	0	Not Dark Pattern	foreign	ec_darkpattern	unknown	1.0	original							
Limited time only: FREE SHIPPING on all orders, no minimum required!	1	Urgency	foreign	ec_darkpattern	unknown	1.0	original							
No thanks, I don't like promotions and exclusive content.	1	Misdirection	foreign	ec_darkpattern	unknown	1.0	original							
 Shop All Lehenga Choli 	0	Not Dark Pattern	foreign	ec_darkpattern	unknown	1.0	original							
Lack Of Color	0	Not Dark Pattern	foreign	ec_darkpattern	unknown	1.0	original							
 Eye Protection	0	Not Dark Pattern	foreign	ec_darkpattern	unknown	1.0	original							
10 Left	1	Scarcity	foreign	ec_darkpattern	unknown	1.0	original							
 REPLACE-WITH-DYANMIC-HOST-ID	0	Not Dark Pattern	foreign	ec_darkpattern	unknown	1.0	original							
TVs	0	Not Dark Pattern	foreign	ec_darkpattern	unknown	1.0	original							
Only 2 left	1	Scarcity	foreign	ec_darkpattern	unknown	1.0	original							
Temporary Tattoos	0	Not Dark Pattern	foreign	ec_darkpattern	unknown	1.0	original							
3Days01:49:51 Left	1	Urgency	foreign	ec_darkpattern	unknown	1.0	original							
Log in / Create an account	0	Not Dark Pattern	foreign	ec_darkpattern	unknown	1.0	original							
Your order is reserved for 07:28 minutes!	1	Urgency	foreign	ec_darkpattern	unknown	1.0	original							
 is full of sorrow and joy that weaves the life stories of its characters, exploring relationships, illness and loss * Manchester Weekly News *	0	Not Dark Pattern	foreign	ec_darkpattern	unknown	1.0	original							
OH SO POPULAR! 21 bought in the last 7 days.	1	Social Proof	foreign	ec_darkpattern	unknown	1.0	original							
No Thanks, I'll Pay Full Price	1	Misdirection	foreign	ec_darkpattern	unknown	1.0	original							
Card Storage	0	Not Dark Pattern	foreign	ec_darkpattern	unknown	1.0	original							
2 customers recently bought it	1	Social Proof	foreign	ec_darkpattern	unknown	1.0	original							
Only 1 left in stock	1	Scarcity	foreign	ec_darkpattern	unknown	1.0	original							
Horizon Wide Neck Sweatshirt	0	Not Dark Pattern	foreign	ec_darkpattern	unknown	1.0	original							
All Womens Accessories	0	Not Dark Pattern	foreign	ec_darkpattern	unknown	1.0	original							
Only 1 left in stock! Get in quick!	1	Scarcity	foreign	ec_darkpattern	unknown	1.0	original							
Strip Softbox	0	Not Dark Pattern	foreign	ec_darkpattern	unknown	1.0	original							
You left 2 items in your bag Released in: 29 minutes :07 seconds	1	Urgency	foreign	ec_darkpattern	unknown	1.0	original							
Your first payment will be due on the day of your purchase.*	0	Not Dark Pattern	foreign	ec_darkpattern	unknown	1.0	original							
7 people have it in their cart	1	Social Proof	foreign	ec_darkpattern	unknown	1.0	original							
Pre-order 3 left	1	Scarcity	foreign	ec_darkpattern	unknown	1.0	original							
Offer ends in 15hrs 1min 56sec!	1	Urgency	foreign	ec_darkpattern	unknown	1.0	original							
Hurry, this style is selling fast!	1	Scarcity	foreign	ec_darkpattern	unknown	1.0	original							
 Glows In The Dark 	0	Not Dark Pattern	foreign	ec_darkpattern	unknown	1.0	original							
Towel Rails & Racks	0	Not Dark Pattern	foreign	ec_darkpattern	unknown	1.0	original							
When you place healing crystals in a symmetrical fashion and activate it with a crystal wand, the pattern is charged to send messages to the universe. A healing crystal grid uses sophisticated symmetry for manifestation.	0	Not Dark Pattern	foreign	ec_darkpattern	unknown	1.0	original							
Hurry, only 3 left!	1	Scarcity	foreign	ec_darkpattern	unknown	1.0	original							
FREE NECKLACE FOR MOM 01Days 01Hrs 35Mins 02Secs	1	Urgency	foreign	ec_darkpattern	unknown	1.0	original							
Quick Release	0	Not Dark Pattern	foreign	ec_darkpattern	unknown	1.0	original							
Blonde/Bleached Hair: All colors look great. Silver won't be prominent on bleached hair though.	0	Not Dark Pattern	foreign	ec_darkpattern	unknown	1.0	original							
Free Upgrade, Limited Time!\n*DISH Install Not Available*	1	Urgency	foreign	ec_darkpattern	unknown	1.0	original							
Chatting	0	Not Dark Pattern	foreign	ec_darkpattern	unknown	1.0	original							
Specialist Tools	0	Not Dark Pattern	foreign	ec_darkpattern	unknown	1.0	original							
 Menu Search 	0	Not Dark Pattern	foreign	ec_darkpattern	unknown	1.0	original							
 Fashion Bags 	0	Not Dark Pattern	foreign	ec_darkpattern	unknown	1.0	original							
No thanks, I don't like discounts	1	Misdirection	foreign	ec_darkpattern	unknown	1.0	original							
Going Fast: Limited Quantities Left!	1	Scarcity	foreign	ec_darkpattern	unknown	1.0	original							
 This is a green tea without the bitterness. 	0	Not Dark Pattern	foreign	ec_darkpattern	unknown	1.0	original							
Spring Styles 	0	Not Dark Pattern	foreign	ec_darkpattern	unknown	1.0	original							
Rate & Review 	0	Not Dark Pattern	foreign	ec_darkpattern	unknown	1.0	original							
You may cancel your JustFab VIP Membership at any time. There is absolutely no cancellation fee. If you would like to continue receiving selections, then just skip the month by clicking Skip This Month in your Boutique between the 1st and the 5th of the month. You won't be charged and no member credit will be generated for you. If you no longer want to skip the month, then call our Fashion Consultants on 020 36953830 (local rate) Mon-Fri 8:00AM to 8:00PM and Sat-Sun 10:00AM to 6:00PM or cancel your membership via chat.	1	Obstruction	foreign	ec_darkpattern	unknown	1.0	original							
Only 498 left	1	Scarcity	foreign	ec_darkpattern	unknown	1.0	original							
Cooper Remotes	0	Not Dark Pattern	foreign	ec_darkpattern	unknown	1.0	original							
Over 38 bought	1	Social Proof	foreign	ec_darkpattern	unknown	1.0	original							
 Mitre Saws 	0	Not Dark Pattern	foreign	ec_darkpattern	unknown	1.0	original							
Christian Dior	0	Not Dark Pattern	foreign	ec_darkpattern	unknown	1.0	original							
Share this product	0	Not Dark Pattern	foreign	ec_darkpattern	unknown	1.0	original							
 Space Heaters & Workshop Heaters 	0	Not Dark Pattern	foreign	ec_darkpattern	unknown	1.0	original							
Hurry! Only a few of these left	1	Scarcity	foreign	ec_darkpattern	unknown	1.0	original							
Only 2 Left!	1	Scarcity	foreign	ec_darkpattern	unknown	1.0	original							
Animals & Action Figures	0	Not Dark Pattern	foreign	ec_darkpattern	unknown	1.0	original							
only 2 left	1	Scarcity	foreign	ec_darkpattern	unknown	1.0	original							
Only 1 Item Left!	1	Scarcity	foreign	ec_darkpattern	unknown	1.0	original							
HAUTELOOK 04:53	1	Urgency	foreign	ec_darkpattern	unknown	1.0	original							
Only 1 item left	1	Scarcity	foreign	ec_darkpattern	unknown	1.0	original							
 WANNA COLLAB? 	0	Not Dark Pattern	foreign	ec_darkpattern	unknown	1.0	original							
 PopTop Refine by Product Type: PopTop 	0	Not Dark Pattern	foreign	ec_darkpattern	unknown	1.0	original							
* Limited Time Offer *\nFREE\nTLPWR1 Test Leads!	1	Urgency	foreign	ec_darkpattern	unknown	1.0	original							
Earn FanCash on all purchases!	0	Not Dark Pattern	foreign	ec_darkpattern	unknown	1.0	original							
Bob's Outreach 	0	Not Dark Pattern	foreign	ec_darkpattern	unknown	1.0	original							
Cleaning Brushes & Tools	0	Not Dark Pattern	foreign	ec_darkpattern	unknown	1.0	original							
Sunwayfoto	0	Not Dark Pattern	foreign	ec_darkpattern	unknown	1.0	original							
85 have it in their cart	1	Social Proof	foreign	ec_darkpattern	unknown	1.0	original							
If you wish to cancel your subscription, you can email us at getflat@flattummyco.com	1	Obstruction	foreign	ec_darkpattern	unknown	1.0	original							
No thanks. I'd rather pay full price.	1	Misdirection	foreign	ec_darkpattern	unknown	1.0	original							
Only 3 pieces in stock!	1	Scarcity	foreign	ec_darkpattern	unknown	1.0	original							
ONLY 3 LEFT IN STOCK.	1	Scarcity	foreign	ec_darkpattern	unknown	1.0	original							
Free Embroidery Patterns	0	Not Dark Pattern	foreign	ec_darkpattern	unknown	1.0	original							
Mixing & Measuring	0	Not Dark Pattern	foreign	ec_darkpattern	unknown	1.0	original							
Members may cancel their Membership at any time during their Membership term and receive a full refund, less any benefits/savings received in their current Membership term (for example, Buyer’s Club Discounts received or free shipping). Refunds for completed years completed will not be made, even if the Member did not use any of the benefits during the Membership term. To cancel your membership, please contact our customer service department by contacting us at 1-800-375-3006.	1	Obstruction	foreign	ec_darkpattern	unknown	1.0	original							
To qualify, simply verify your status during checkout on the payment step. We verify through ID.me, our trusted technology partner for secure digital identity verification. 	0	Not Dark Pattern	foreign	ec_darkpattern	unknown	1.0	original							
no thanks, I'll save money another day	1	Misdirection	foreign	ec_darkpattern	unknown	1.0	original							
Shopper from Saint John, NB viewed Lenovo ThinkCentre M710t 10M9000RUS Desktop Computer 3 minutes ago!	1	Social Proof	foreign	ec_darkpattern	unknown	1.0	original							
Only 2 Left In Stock	1	Scarcity	foreign	ec_darkpattern	unknown	1.0	original							
 Best-Selling Products 	0	Not Dark Pattern	foreign	ec_darkpattern	unknown	1.0	original							
LIMITED TIME ONLY!	1	Urgency	foreign	ec_darkpattern	unknown	1.0	original							
 Subscribe! Don’t be caught empty handed 	0	Not Dark Pattern	foreign	ec_darkpattern	unknown	1.0	original							
 Add to Cart 	0	Not Dark Pattern	foreign	ec_darkpattern	unknown	1.0	original							
Now 30% off - hurry, limited time offer!	1	Urgency	foreign	ec_darkpattern	unknown	1.0	original							
The requested page could not be found	0	Not Dark Pattern	foreign	ec_darkpattern	unknown	1.0	original							
 View In Your Room 	0	Not Dark Pattern	foreign	ec_darkpattern	unknown	1.0	original							
 EVO SP All EVO SP parts and accessories 	0	Not Dark Pattern	foreign	ec_darkpattern	unknown	1.0	original							
 Circa Punches 	0	Not Dark Pattern	foreign	ec_darkpattern	unknown	1.0	original							
 Riding Culture Neue Lifestyle-Marke bei motoin 	0	Not Dark Pattern	foreign	ec_darkpattern	unknown	1.0	original							
Ericdress Long Sleeve Mesh Off Shoulder Summer Dress	0	Not Dark Pattern	foreign	ec_darkpattern	unknown	1.0	original							
Green Tea is made up of properties that have been known to increase caloric expenditure as well as the metabolism of fat	0	Not Dark Pattern	foreign	ec_darkpattern	unknown	1.0	original							
COLLEGIATE	0	Not Dark Pattern	foreign	ec_darkpattern	unknown	1.0	original							
Sparkling Elegance	0	Not Dark Pattern	foreign	ec_darkpattern	unknown	1.0	original							
To add to Wishlist, please register or sign in.	0	Not Dark Pattern	foreign	ec_darkpattern	unknown	1.0	original							
HURRY! Only a few left in stock!	1	Scarcity	foreign	ec_darkpattern	unknown	1.0	original							
 New In Lunch Boxes 	0	Not Dark Pattern	foreign	ec_darkpattern	unknown	1.0	original							
 Cayman Islands USD	0	Not Dark Pattern	foreign	ec_darkpattern	unknown	1.0	original							
No Thanks, I rather pay full price	1	Misdirection	foreign	ec_darkpattern	unknown	1.0	original							
 View All Shoes 	0	Not Dark Pattern	foreign	ec_darkpattern	unknown	1.0	original							
Someone from Airdrie & 10820 others bought this item recently.	1	Social Proof	foreign	ec_darkpattern	unknown	1.0	original							
Rachel Comey	0	Not Dark Pattern	foreign	ec_darkpattern	unknown	1.0	original							
52 people are looking at this right now.	1	Social Proof	foreign	ec_darkpattern	unknown	1.0	original							
1 day 08:15:25	1	Urgency	foreign	ec_darkpattern	unknown	1.0	original							
estiven in Deer Park, United States purchased PreWash™ 4 oz	1	Social Proof	foreign	ec_darkpattern	unknown	1.0	original							
Delivery & Offers Terms	0	Not Dark Pattern	foreign	ec_darkpattern	unknown	1.0	original							
Oscar from Cajamarca, Peru purchased	1	Social Proof	foreign	ec_darkpattern	unknown	1.0	original							
 New Arrivals	0	Not Dark Pattern	foreign	ec_darkpattern	unknown	1.0	original							
 Buy Tablets 	0	Not Dark Pattern	foreign	ec_darkpattern	unknown	1.0	original							
Only 3 Left	1	Scarcity	foreign	ec_darkpattern	unknown	1.0	original							
Present your Fave voucher (it's in the Purchases tab under My Fave) at the outlet.	0	Not Dark Pattern	foreign	ec_darkpattern	unknown	1.0	original							
ONLY 1 REMAINING	1	Scarcity	foreign	ec_darkpattern	unknown	1.0	original							
Point & Shoots	0	Not Dark Pattern	foreign	ec_darkpattern	unknown	1.0	original							
Already have an account?	0	Not Dark Pattern	foreign	ec_darkpattern	unknown	1.0	original							
 Mystic Topaz: Rings, Earrings, Necklaces and Bracelets 	0	Not Dark Pattern	foreign	ec_darkpattern	unknown	1.0	original							
Necessary Protection..	1	Misdirection	foreign	ec_darkpattern	unknown	1.0	original							
Joybird Design House	0	Not Dark Pattern	foreign	ec_darkpattern	unknown	1.0	original							
What is a cookie?	0	Not Dark Pattern	foreign	ec_darkpattern	unknown	1.0	original							
Someone in Spain purchased	1	Social Proof	foreign	ec_darkpattern	unknown	1.0	original							
LIMITED QUANTITY	1	Scarcity	foreign	ec_darkpattern	unknown	1.0	original							
View All Tops	0	Not Dark Pattern	foreign	ec_darkpattern	unknown	1.0	original							
02:06:40 left to buy	1	Urgency	foreign	ec_darkpattern	unknown	1.0	original							
Limited Edition Honeycomb Necklace (Bee Inspired) Someone purchased a Limited Edition Honeycomb Necklace (Bee Inspired)	1	Social Proof	foreign	ec_darkpattern	unknown	1.0	original							
NO THANKS, I'll PAY FULL PRICE	1	Misdirection	foreign	ec_darkpattern	unknown	1.0	original							
13 people have added this to their cart	1	Social Proof	foreign	ec_darkpattern	unknown	1.0	original							
Panther Anole	0	Not Dark Pattern	foreign	ec_darkpattern	unknown	1.0	original							
Last chance! Only 1 left	1	Scarcity	foreign	ec_darkpattern	unknown	1.0	original							
AccessoriesCar AccessoriesDressesFootwearHome & OfficeJacketsLawn & OutdoorsPantsPolosShirts & SweatersShortsSleepwear & UnderwearSwim CollectionTailgatingSale Items- View All -	0	Not Dark Pattern	foreign	ec_darkpattern	unknown	1.0	original							
Pay weekly 	0	Not Dark Pattern	foreign	ec_darkpattern	unknown	1.0	original							
YOU MAY CANCEL YOUR WINE CLUB MEMBERSHIP OR ANY HOLIDAY SHIPMENTS AT ANY TIME BY CONTACTING US AT 1-877-975-9463, AND WE WILL PROMPTLY STOP PROCESSING THE RECURRING PAYMENTS.	1	Obstruction	foreign	ec_darkpattern	unknown	1.0	original							
I have green eyes and with these bright green contacts makes my eyes look out of this world amazing. I love them and they have lasted months!!	0	Not Dark Pattern	foreign	ec_darkpattern	unknown	1.0	original							
Sale ends soon:	1	Urgency	foreign	ec_darkpattern	unknown	1.0	original							
Only 16531 items left in stock!	1	Scarcity	foreign	ec_darkpattern	unknown	1.0	original							
Want a special deal? Bundle and SAVE UPTO30%	1	Misdirection	foreign	ec_darkpattern	unknown	1.0	original							
4 people have purchased this item	1	Social Proof	foreign	ec_darkpattern	unknown	1.0	original							
BABY BOYSShoesClothingAccessories	0	Not Dark Pattern	foreign	ec_darkpattern	unknown	1.0	original							
NEED ADDITIONAL HELP?	0	Not Dark Pattern	foreign	ec_darkpattern	unknown	1.0	original							
These cookies are necessary for the website to function and cannot be switched off in our system. These cookies are usually only set in response to actions made by you which include a request for services, such as setting your privacy preferences or logging into your account.	0	Not Dark Pattern	foreign	ec_darkpattern	unknown	1.0	original							
Only 3 Left!	1	Scarcity	foreign	ec_darkpattern	unknown	1.0	original							
High-Waisted Shorts	0	Not Dark Pattern	foreign	ec_darkpattern	unknown	1.0	original							
 Sign In / Join 	0	Not Dark Pattern	foreign	ec_darkpattern	unknown	1.0	original							
We only have few stocks left for this product. Please don't miss the chance.	1	Scarcity	foreign	ec_darkpattern	unknown	1.0	original							
Click here to use our website with more accessibility support, for example screen readers	0	Not Dark Pattern	foreign	ec_darkpattern	unknown	1.0	original							
Your order is reserved for 09:35 minutes!	1	Urgency	foreign	ec_darkpattern	unknown	1.0	original							
LIMITED TIME ONLY *on select models	1	Urgency	foreign	ec_darkpattern	unknown	1.0	original							
 Mixed Media 	0	Not Dark Pattern	foreign	ec_darkpattern	unknown	1.0	original							
BE QUICK 00:57:33 DON'T MISS OUT	1	Urgency	foreign	ec_darkpattern	unknown	1.0	original							
New In 	0	Not Dark Pattern	foreign	ec_darkpattern	unknown	1.0	original							
Remove selected car filter	0	Not Dark Pattern	foreign	ec_darkpattern	unknown	1.0	original							
35% OFF EVERYTHING* EXCL SALE & BEAUTY ENTER: DOLL35 - HURRY! ENDS IN  16H 59M 06S	1	Urgency	foreign	ec_darkpattern	unknown	1.0	original							
Shipping and Duties	0	Not Dark Pattern	foreign	ec_darkpattern	unknown	1.0	original							
Order by these dates to get it by Valentine's Day.*	0	Not Dark Pattern	foreign	ec_darkpattern	unknown	1.0	original							
NFL Enterprises LLC. All Rights Reserved.	0	Not Dark Pattern	foreign	ec_darkpattern	unknown	1.0	original							
LOGIN/REGISTER	1	Misdirection	foreign	ec_darkpattern	unknown	1.0	original							
00Days17Hours12Mins13Secs	1	Urgency	foreign	ec_darkpattern	unknown	1.0	original							
 Women's Bags 	0	Not Dark Pattern	foreign	ec_darkpattern	unknown	1.0	original							
We're sorry, this store is closed.	0	Not Dark Pattern	foreign	ec_darkpattern	unknown	1.0	original							
3 people are looking at this item right now	1	Social Proof	foreign	ec_darkpattern	unknown	1.0	original							
Someone from Menlo Park, California just purchased Electric Skateboard Motor 6374 190KV.	1	Social Proof	foreign	ec_darkpattern	unknown	1.0	original							
Hurry, Limited Time Offer! 11:25	1	Urgency	foreign	ec_darkpattern	unknown	1.0	original							
 Search Close 	0	Not Dark Pattern	foreign	ec_darkpattern	unknown	1.0	original							
touching, funny and romantic	0	Not Dark Pattern	foreign	ec_darkpattern	unknown	1.0	original							
We'd like to keep you informed via email about product updates, upgrades, special offers and pricing. If you do not wish to be contacted via email, please ensure that the box is not checked.	1	Misdirection	foreign	ec_darkpattern	unknown	1.0	original							
Only 2 stock available	1	Scarcity	foreign	ec_darkpattern	unknown	1.0	original							
Hurry! Only 3 Left In Stock.	1	Scarcity	foreign	ec_darkpattern	unknown	1.0	original							
◊After 1 year, subscription auto renews with fee. Review your iFit® Coach account on a computer, tablet, smartphone, or equipment console.	1	Sneaking	foreign	ec_darkpattern	unknown	1.0	original							
 Sorry, we could not process your request at the moment. Please try again in a few minutes. 	0	Not Dark Pattern	foreign	ec_darkpattern	unknown	1.0	original							
 Jersey GBP	0	Not Dark Pattern	foreign	ec_darkpattern	unknown	1.0	original							
My Account 	0	Not Dark Pattern	foreign	ec_darkpattern	unknown	1.0	original							
No Thanks, I Don't Want a Discount	1	Misdirection	foreign	ec_darkpattern	unknown	1.0	original							
Hair Grooming Appliances	0	Not Dark Pattern	foreign	ec_darkpattern	unknown	1.0	original							
WOULD YOU LIKE A FREE NEXT DIRECTORY? Explore all the latest collections from your free Next Directory. By opting in to receive the Next Directory you agree that we may send you, at our discretion, further Directories usually in January and July each year, at a charge of £3.75 per publication. You also agree to receive supplementary Directories and ‘New In’ publications at no additional charge.	1	Sneaking	foreign	ec_darkpattern	unknown	1.0	original							
Pedal Refresh Kit - Doubleshot	0	Not Dark Pattern	foreign	ec_darkpattern	unknown	1.0	original							
I'd rather pay full price	1	Misdirection	foreign	ec_darkpattern	unknown	1.0	original							
Hurry up! Sales Ends in DAYS HRS MINS SECS by Beeketing 	1	Urgency	foreign	ec_darkpattern	unknown	1.0	original							
Only 8 items left in stock!	1	Scarcity	foreign	ec_darkpattern	unknown	1.0	original							
ONLY 1 LEFT IN STOCK!	1	Scarcity	foreign	ec_darkpattern	unknown	1.0	original							
Subscribe & Save (15%): $ 16.99	1	Misdirection	foreign	ec_darkpattern	unknown	1.0	original							
Shop Plus Shorts by Pattern	0	Not Dark Pattern	foreign	ec_darkpattern	unknown	1.0	original							
 Dry Direct Incontinence Personal Care Daily Living Safety Bedroom Nutrition Mobility Lift Aids Medical Supplies Plus Size 	0	Not Dark Pattern	foreign	ec_darkpattern	unknown	1.0	original							
Clarity Remotes	0	Not Dark Pattern	foreign	ec_darkpattern	unknown	1.0	original							
Summary	0	Not Dark Pattern	foreign	ec_darkpattern	unknown	1.0	original							
 Limited Edition Colors 	0	Not Dark Pattern	foreign	ec_darkpattern	unknown	1.0	original							
For instance, we use cookies allowing us to remember information provided by the users from a page to another, choices made by users and information provided by users (name, language preference, country of residence…). In particular, we use the following functional cookies: 	0	Not Dark Pattern	foreign	ec_darkpattern	unknown	1.0	original							
FRAMON #2 Code Machine Offer - Limited time offer!	1	Urgency	foreign	ec_darkpattern	unknown	1.0	original							
Jewelry and Watches	0	Not Dark Pattern	foreign	ec_darkpattern	unknown	1.0	original							
Limited stock!	1	Scarcity	foreign	ec_darkpattern	unknown	1.0	original							
Hurry! Only 2 left in stock!	1	Scarcity	foreign	ec_darkpattern	unknown	1.0	original							
*	0	Not Dark Pattern	foreign	ec_darkpattern	unknown	1.0	original							
SLEEP EVENT OFFERS - LIMITED TIME ONLY	1	Urgency	foreign	ec_darkpattern	unknown	1.0	original							
This chart should be used as a guide only. Due to each manufacturer’s size scale inconsistencies may occur.	0	Not Dark Pattern	foreign	ec_darkpattern	unknown	1.0	original							
Only 1 left in Stock!	1	Scarcity	foreign	ec_darkpattern	unknown	1.0	original							
Competitions	0	Not Dark Pattern	foreign	ec_darkpattern	unknown	1.0	original							
 Shop All Men's Boots 	0	Not Dark Pattern	foreign	ec_darkpattern	unknown	1.0	original							
Expand My eBay	0	Not Dark Pattern	foreign	ec_darkpattern	unknown	1.0	original							
Oliver in Rotterdam, Netherlands purchased a England Away Soccer Shorts 2018 About 9 hours ago	1	Social Proof	foreign	ec_darkpattern	unknown	1.0	original							
Jumpers, Shirts & T-Shirts	0	Not Dark Pattern	foreign	ec_darkpattern	unknown	1.0	original							
Media Players	0	Not Dark Pattern	foreign	ec_darkpattern	unknown	1.0	original							
Only 3 left In Stock	1	Scarcity	foreign	ec_darkpattern	unknown	1.0	original							
Father's Day Gifts	0	Not Dark Pattern	foreign	ec_darkpattern	unknown	1.0	original							
Enjoy FREE shipping with WSJwine Advantage	1	Sneaking	foreign	ec_darkpattern	unknown	1.0	original							
only 2 left!	1	Scarcity	foreign	ec_darkpattern	unknown	1.0	original							
Only 1 in stock	1	Scarcity	foreign	ec_darkpattern	unknown	1.0	original							
Only 8 item(s) left.	1	Scarcity	foreign	ec_darkpattern	unknown	1.0	original							
Spring Sale Extended	1	Urgency	foreign	ec_darkpattern	unknown	1.0	original							
No, I don't want a discount	1	Misdirection	foreign	ec_darkpattern	unknown	1.0	original							
No thanks, I don't want the free gift.	1	Misdirection	foreign	ec_darkpattern	unknown	1.0	original							
Extra Soft Cleansing Wipes	0	Not Dark Pattern	foreign	ec_darkpattern	unknown	1.0	original							
Men's Accessories 	0	Not Dark Pattern	foreign	ec_darkpattern	unknown	1.0	original							
jennifer just bought Rainbow Moonstone Healing Heartabout 6 hours ago	1	Social Proof	foreign	ec_darkpattern	unknown	1.0	original							
SAVE $300.00\nfor limited time	1	Urgency	foreign	ec_darkpattern	unknown	1.0	original							
Enter Catalog/Email Code	0	Not Dark Pattern	foreign	ec_darkpattern	unknown	1.0	original							
[NO THANKS, I'LL JUST WALK]	1	Misdirection	foreign	ec_darkpattern	unknown	1.0	original							
Yaris Remotes	0	Not Dark Pattern	foreign	ec_darkpattern	unknown	1.0	original							
Currently 8 left in stock.	1	Scarcity	foreign	ec_darkpattern	unknown	1.0	original							
NO, I DON'T FEEL LUCKY	1	Misdirection	foreign	ec_darkpattern	unknown	1.0	original							
Currently less than 10 available	1	Scarcity	foreign	ec_darkpattern	unknown	1.0	original							
Ends Sunday! $200 off any mattress . free shipping & free returns!	1	Urgency	foreign	ec_darkpattern	unknown	1.0	original							
Stay on Next.co.uk	0	Not Dark Pattern	foreign	ec_darkpattern	unknown	1.0	original							
Only 8 left!	1	Scarcity	foreign	ec_darkpattern	unknown	1.0	original							
Only 1 items left in stock!	1	Scarcity	foreign	ec_darkpattern	unknown	1.0	original							
___	0	Not Dark Pattern	foreign	ec_darkpattern	unknown	1.0	original							
View All Home Accessories	0	Not Dark Pattern	foreign	ec_darkpattern	unknown	1.0	original							
Healing Crystals are natural beings just like the trees, mountain or flowers. The result of diverse chemical reactions inside the earth over a millennium, gemstones are a true wonder of nature. When you touch a healing crystal, there is a transfer of heat and energy that leads to activation of chakra points. These therapeutic powers noticed in the presence of gemstones are the reason they are called healing crystals. With some crystals as old as the earth, there is immense wisdom in crystal use.	0	Not Dark Pattern	foreign	ec_darkpattern	unknown	1.0	original							
How to cast on	0	Not Dark Pattern	foreign	ec_darkpattern	unknown	1.0	original							
Tree Frog Terrariums	0	Not Dark Pattern	foreign	ec_darkpattern	unknown	1.0	original							
9 people are currently viewing this product	1	Social Proof	foreign	ec_darkpattern	unknown	1.0	original							
ONLY 1 WATCH LEFT	1	Scarcity	foreign	ec_darkpattern	unknown	1.0	original							
2+ people just viewed this product	1	Social Proof	foreign	ec_darkpattern	unknown	1.0	original							
94% offers claimed. Hurry up!	1	Scarcity	foreign	ec_darkpattern	unknown	1.0	original							
I'D RATHER PAY FULL PRICE	1	Misdirection	foreign	ec_darkpattern	unknown	1.0	original							
KidsAuthentic	0	Not Dark Pattern	foreign	ec_darkpattern	unknown	1.0	original							
*** Get 50% Off Your 2nd Case OR a Canopy Screen Protector *** A 50% OFF discount will be automatically applied to the lowest priced item in your cart when you check out with more than one item! (excludes Clearance items) Click to Choose Another Item	1	Misdirection	foreign	ec_darkpattern	unknown	1.0	original							
Country (Optional)	0	Not Dark Pattern	foreign	ec_darkpattern	unknown	1.0	original							
Hair treatments	0	Not Dark Pattern	foreign	ec_darkpattern	unknown	1.0	original							
Product Recycling	0	Not Dark Pattern	foreign	ec_darkpattern	unknown	1.0	original							
Purchase protection added	1	Sneaking	foreign	ec_darkpattern	unknown	1.0	original							
Only 6 items left	1	Scarcity	foreign	ec_darkpattern	unknown	1.0	original							
39 people have this in their cart	1	Social Proof	foreign	ec_darkpattern	unknown	1.0	original							
 Sunflower 	0	Not Dark Pattern	foreign	ec_darkpattern	unknown	1.0	original							
23% left in stock!	1	Scarcity	foreign	ec_darkpattern	unknown	1.0	original							
Gold Collection	0	Not Dark Pattern	foreign	ec_darkpattern	unknown	1.0	original							
In Stock. Only 1 Left!	1	Scarcity	foreign	ec_darkpattern	unknown	1.0	original							
Status:Only 3 left in stock	1	Scarcity	foreign	ec_darkpattern	unknown	1.0	original							
No thanks - I don't want to save money	1	Misdirection	foreign	ec_darkpattern	unknown	1.0	original							
Amazing service and quality! Lee up the excellent work.	0	Not Dark Pattern	foreign	ec_darkpattern	unknown	1.0	original							
Today's sale ends in: 00hours:57min:19sec	1	Urgency	foreign	ec_darkpattern	unknown	1.0	original							
ONLY 7 LEFT!	1	Scarcity	foreign	ec_darkpattern	unknown	1.0	original							
Business, Office & Industrial	0	Not Dark Pattern	foreign	ec_darkpattern	unknown	1.0	original							
My Story	0	Not Dark Pattern	foreign	ec_darkpattern	unknown	1.0	original							
8 people are looking at this artwork	1	Social Proof	foreign	ec_darkpattern	unknown	1.0	original							
 Coffee 	0	Not Dark Pattern	foreign	ec_darkpattern	unknown	1.0	original							
Add on something to make it extra special!	1	Misdirection	foreign	ec_darkpattern	unknown	1.0	original							
 Take time to pay.	0	Not Dark Pattern	foreign	ec_darkpattern	unknown	1.0	original							
OFFER ENDS 00:54:59	1	Urgency	foreign	ec_darkpattern	unknown	1.0	original							
Other Items On Special Offer:	1	Misdirection	foreign	ec_darkpattern	unknown	1.0	original							
You may change the items in your order, or cancel the Smartship at anytime, up until 3 days prior to the scheduled ship date of your Smartship by calling Customer Service at 1-800-518-0284.	1	Obstruction	foreign	ec_darkpattern	unknown	1.0	original							
LIMITED TIME SALE	1	Urgency	foreign	ec_darkpattern	unknown	1.0	original							
NO THANKS, I DON'T WANT TO SAVE	1	Misdirection	foreign	ec_darkpattern	unknown	1.0	original							
Authenticity Guaranteed	0	Not Dark Pattern	foreign	ec_darkpattern	unknown	1.0	original							
 GeekVape Pursue a Healthy Vaping Experience 	0	Not Dark Pattern	foreign	ec_darkpattern	unknown	1.0	original							
320 items left	1	Scarcity	foreign	ec_darkpattern	unknown	1.0	original							
HURRY! 3 left in stock!	1	Scarcity	foreign	ec_darkpattern	unknown	1.0	original							
Nectar	0	Not Dark Pattern	foreign	ec_darkpattern	unknown	1.0	original							
 My Project Lists 	0	Not Dark Pattern	foreign	ec_darkpattern	unknown	1.0	original							
Adjustable Cuffs With Inner Knitted Cuff	0	Not Dark Pattern	foreign	ec_darkpattern	unknown	1.0	original							
Tribeca Remotes	0	Not Dark Pattern	foreign	ec_darkpattern	unknown	1.0	original							
Brand 	0	Not Dark Pattern	foreign	ec_darkpattern	unknown	1.0	original							
I would like to join Backstage Pass & agree to the Terms & Conditions & to receive emails & other promotional offers.	1	Forced Action	foreign	ec_darkpattern	unknown	1.0	original							
The Dry Direct Ultimate is a great product, the best we have found. Customer service is very efficient, and deliveries have always been on time. We are very satisfied with Parentgiving in all aspects.	0	Not Dark Pattern	foreign	ec_darkpattern	unknown	1.0	original							
(ONLY 1 LEFT IN THIS SIZE!)	1	Scarcity	foreign	ec_darkpattern	unknown	1.0	original							
Only 65 Items Left.	1	Scarcity	foreign	ec_darkpattern	unknown	1.0	original							
Only 3 left in stock.	1	Scarcity	foreign	ec_darkpattern	unknown	1.0	original							
I Don't Like to Save Money	1	Misdirection	foreign	ec_darkpattern	unknown	1.0	original							
In Stock, Only 1 Left!	1	Scarcity	foreign	ec_darkpattern	unknown	1.0	original							
Really good quality contacts and they work well on my eyes. Would definitely order again!!!!	0	Not Dark Pattern	foreign	ec_darkpattern	unknown	1.0	original							
Explosive Offers! 80% Off Everything 07:25:41	1	Urgency	foreign	ec_darkpattern	unknown	1.0	original							
Warne Mounts	0	Not Dark Pattern	foreign	ec_darkpattern	unknown	1.0	original							
Report a Fake Product	0	Not Dark Pattern	foreign	ec_darkpattern	unknown	1.0	original							
 Shop All NFL 	0	Not Dark Pattern	foreign	ec_darkpattern	unknown	1.0	original							
Tapestry Guide	0	Not Dark Pattern	foreign	ec_darkpattern	unknown	1.0	original							
Only 4 left	1	Scarcity	foreign	ec_darkpattern	unknown	1.0	original							
I absolutely loved it! It made everyone laugh and my desk gets an obscene amount of compliments for it. The quality is superb! I am now definitely going to be a loyal shopper at PosterGully	0	Not Dark Pattern	foreign	ec_darkpattern	unknown	1.0	original							
Decades Shop	0	Not Dark Pattern	foreign	ec_darkpattern	unknown	1.0	original							
I'LL PAY FULL PRICE	1	Misdirection	foreign	ec_darkpattern	unknown	1.0	original							
gifts for wife	0	Not Dark Pattern	foreign	ec_darkpattern	unknown	1.0	original							
Hurry only 1 left!	1	Scarcity	foreign	ec_darkpattern	unknown	1.0	original							
Only 8 item(s) left	1	Scarcity	foreign	ec_darkpattern	unknown	1.0	original							
No thanks, I’d rather not win.	1	Misdirection	foreign	ec_darkpattern	unknown	1.0	original							
LOW IN STOCK, only 2 left	1	Scarcity	foreign	ec_darkpattern	unknown	1.0	original							
74% offers claimed. Hurry up!	1	Scarcity	foreign	ec_darkpattern	unknown	1.0	original							
Color Block	0	Not Dark Pattern	foreign	ec_darkpattern	unknown	1.0	original							
I'd rather not save	1	Misdirection	foreign	ec_darkpattern	unknown	1.0	original							
Only 2 left in stock!	1	Scarcity	foreign	ec_darkpattern	unknown	1.0	original							
You have no items in your basket.	0	Not Dark Pattern	foreign	ec_darkpattern	unknown	1.0	original							
no thanks, I hate fun & games	1	Misdirection	foreign	ec_darkpattern	unknown	1.0	original							
00 Days 02 Hrs 26 Mins 12 Sec Sale Ends Once The Timer Hits Zero!	1	Urgency	foreign	ec_darkpattern	unknown	1.0	original							
Soft Flexible (Classic) 	0	Not Dark Pattern	foreign	ec_darkpattern	unknown	1.0	original							
Glasses and Goggles	0	Not Dark Pattern	foreign	ec_darkpattern	unknown	1.0	original							
 Zero Gravity Lift Chairs 	0	Not Dark Pattern	foreign	ec_darkpattern	unknown	1.0	original							
Bobby in Decatur, United States just purchased	1	Social Proof	foreign	ec_darkpattern	unknown	1.0	original							
tuvia eisenberg Systematics in Tel Aviv, Israel purchased a	1	Social Proof	foreign	ec_darkpattern	unknown	1.0	original							
Your Cart Will Expire In 09:58 minutes!Please note that these items may not be available again if you release them.	1	Urgency	foreign	ec_darkpattern	unknown	1.0	original							
All Cross Stitch Patterns	0	Not Dark Pattern	foreign	ec_darkpattern	unknown	1.0	original							
 Year of Ours 	0	Not Dark Pattern	foreign	ec_darkpattern	unknown	1.0	original							
Gear Up	0	Not Dark Pattern	foreign	ec_darkpattern	unknown	1.0	original							
Weight Management Shakes help cut cals, control appetite, and drop LBS.* Learn more about Weight Management Shakes.	0	Not Dark Pattern	foreign	ec_darkpattern	unknown	1.0	original							
Tretorn	0	Not Dark Pattern	foreign	ec_darkpattern	unknown	1.0	original							
 Loyalty Points 	0	Not Dark Pattern	foreign	ec_darkpattern	unknown	1.0	original							
 How to Recycle 	0	Not Dark Pattern	foreign	ec_darkpattern	unknown	1.0	original							
 Color Yellow Smoke Blue Pink Orange	0	Not Dark Pattern	foreign	ec_darkpattern	unknown	1.0	original							
SAVE 10% On All Orders. No Voucher Code Needed Expires in 18:07:59.	1	Urgency	foreign	ec_darkpattern	unknown	1.0	original							
Art & Crafting Tools	0	Not Dark Pattern	foreign	ec_darkpattern	unknown	1.0	original							
One customer bought this article in the last 53 min.	1	Social Proof	foreign	ec_darkpattern	unknown	1.0	original							
 Highlight Hover 	0	Not Dark Pattern	foreign	ec_darkpattern	unknown	1.0	original							
 Disposable Washcloths 	0	Not Dark Pattern	foreign	ec_darkpattern	unknown	1.0	original							
Accuscreens	0	Not Dark Pattern	foreign	ec_darkpattern	unknown	1.0	original							
 Jumpers + Sweaters 	0	Not Dark Pattern	foreign	ec_darkpattern	unknown	1.0	original							
 Contact Lens Washer 	0	Not Dark Pattern	foreign	ec_darkpattern	unknown	1.0	original							
Only 9 Left!	1	Scarcity	foreign	ec_darkpattern	unknown	1.0	original							
Hurry! Only 2 left!	1	Scarcity	foreign	ec_darkpattern	unknown	1.0	original							
2 people are looking at this listing now	1	Social Proof	foreign	ec_darkpattern	unknown	1.0	original							
Every Purchase Helps Your NRA:	0	Not Dark Pattern	foreign	ec_darkpattern	unknown	1.0	original							
1 left at this price	1	Scarcity	foreign	ec_darkpattern	unknown	1.0	original							
 BACK TO TOP 	0	Not Dark Pattern	foreign	ec_darkpattern	unknown	1.0	original							
ONLY 12.5M LEFT IN STOCK!	1	Scarcity	foreign	ec_darkpattern	unknown	1.0	original							
Protect Your Gear	1	Misdirection	foreign	ec_darkpattern	unknown	1.0	original							
 Outdoor Recreation 	0	Not Dark Pattern	foreign	ec_darkpattern	unknown	1.0	original							
Allow All	0	Not Dark Pattern	foreign	ec_darkpattern	unknown	1.0	original							
We are currently accepting and processing orders from following:	0	Not Dark Pattern	foreign	ec_darkpattern	unknown	1.0	original							
What could have caused this?	0	Not Dark Pattern	foreign	ec_darkpattern	unknown	1.0	original							
210+ bought	1	Social Proof	foreign	ec_darkpattern	unknown	1.0	original							
No thanks, I'm not interested in saving money.	1	Misdirection	foreign	ec_darkpattern	unknown	1.0	original							
 SHIPPING INFO 	0	Not Dark Pattern	foreign	ec_darkpattern	unknown	1.0	original							
Plus, get free shipping on your first order!	0	Not Dark Pattern	foreign	ec_darkpattern	unknown	1.0	original							
BMW Remotes	0	Not Dark Pattern	foreign	ec_darkpattern	unknown	1.0	original							
All You™	0	Not Dark Pattern	foreign	ec_darkpattern	unknown	1.0	original							
Someone in Mount Louisa bought a Coleman Folding Table & Bench Set 2 minutes ago	1	Social Proof	foreign	ec_darkpattern	unknown	1.0	original							
 Summer Casual Printed Short Sleeve T-Shirt 	0	Not Dark Pattern	foreign	ec_darkpattern	unknown	1.0	original							
 Join NRA or Renew	0	Not Dark Pattern	foreign	ec_darkpattern	unknown	1.0	original							
Don't forget the essentials Get up to 2 years of accidental damage coverage with AppleCare+.	1	Misdirection	foreign	ec_darkpattern	unknown	1.0	original							
Know exactly what’s going on at home and be alerted of emergencies in real time. 	0	Not Dark Pattern	foreign	ec_darkpattern	unknown	1.0	original							
Become an Affiliate	0	Not Dark Pattern	foreign	ec_darkpattern	unknown	1.0	original							
Competitor Price: $172.00	1	Misdirection	foreign	ec_darkpattern	unknown	1.0	original							
No thanks, I'd rather pay more	1	Misdirection	foreign	ec_darkpattern	unknown	1.0	original							
6 items left! Order soon.	1	Scarcity	foreign	ec_darkpattern	unknown	1.0	original							
Sports 	0	Not Dark Pattern	foreign	ec_darkpattern	unknown	1.0	original							
ONLY 20 LEFT IN STOCK	1	Scarcity	foreign	ec_darkpattern	unknown	1.0	original							
Immunity & Well BeingLean Muscle MassWeight LossBulk GainStress & Relaxation	0	Not Dark Pattern	foreign	ec_darkpattern	unknown	1.0	original							
By Brand All Men's Brands 	0	Not Dark Pattern	foreign	ec_darkpattern	unknown	1.0	original							
Customer Feedback	0	Not Dark Pattern	foreign	ec_darkpattern	unknown	1.0	original							
 Read the FAQ 	0	Not Dark Pattern	foreign	ec_darkpattern	unknown	1.0	original							
ONLY 1 LEFT	1	Scarcity	foreign	ec_darkpattern	unknown	1.0	original							
No thanks, I don't want 15% off	1	Misdirection	foreign	ec_darkpattern	unknown	1.0	original							
The presence of flowers is enough to make any occasion or moment truly a memorable affair. Flowers can make an ordinary room extremely beautiful. Flowers are widely used in decorations, as gifts, or even as ornaments on various dresses. People can explore a variety of fresh vibrant flowers such as roses, tulips, orchids, carnations, sunflowers, chrysanthemums and a lot more through the help of our online gifting store. All these beautiful flowers will be delivered at your desired destination in blooming condition only. With an unmatched beauty and fragrance, these gorgeous and lovely flowers can easily mesmerise any individual in an effortless manner.	0	Not Dark Pattern	foreign	ec_darkpattern	unknown	1.0	original							
Ashley in Auburn, United States purchased a Check Plz iPhone X/Xs Case about 24 minutes ago	1	Social Proof	foreign	ec_darkpattern	unknown	1.0	original							
99 people are looking at this right now	1	Social Proof	foreign	ec_darkpattern	unknown	1.0	original							
Someone from South Gate, California just purchased the Admiral JR / Spektrum Servo Connector Plug Set (Male and Female - 2 Pairs)	1	Social Proof	foreign	ec_darkpattern	unknown	1.0	original							
Medium GreyLogan T-Shirt Jersey Comforter and Sham Set	0	Not Dark Pattern	foreign	ec_darkpattern	unknown	1.0	original							
 All Birthday Gifts 	0	Not Dark Pattern	foreign	ec_darkpattern	unknown	1.0	original							
Rainbow Li	0	Not Dark Pattern	foreign	ec_darkpattern	unknown	1.0	original							
• Recommended to be used with Downy for better long lasting freshness 	0	Not Dark Pattern	foreign	ec_darkpattern	unknown	1.0	original							
cookie host	0	Not Dark Pattern	foreign	ec_darkpattern	unknown	1.0	original							
Only 4 left!	1	Scarcity	foreign	ec_darkpattern	unknown	1.0	original							
Almost Sold Out! Only 2 Left.	1	Scarcity	foreign	ec_darkpattern	unknown	1.0	original							
Pay With:	0	Not Dark Pattern	foreign	ec_darkpattern	unknown	1.0	original							
Days left until the offer ends: 00 Days 04:43:35	1	Urgency	foreign	ec_darkpattern	unknown	1.0	original							
 Data Processor Privacy Policy: https://videoly.co/privacy-policy 	0	Not Dark Pattern	foreign	ec_darkpattern	unknown	1.0	original							
 School Shoes	0	Not Dark Pattern	foreign	ec_darkpattern	unknown	1.0	original							
 V-neck Casual Loose Embroidered Short Sleeve Blouse 	0	Not Dark Pattern	foreign	ec_darkpattern	unknown	1.0	original							
Spin to unlock your mystery offer	1	Misdirection	foreign	ec_darkpattern	unknown	1.0	original							
Only 2 items left in stock.	1	Scarcity	foreign	ec_darkpattern	unknown	1.0	original							
104 people viewed this product recently!	1	Social Proof	foreign	ec_darkpattern	unknown	1.0	original							
Material: Made with Cordura fabric	0	Not Dark Pattern	foreign	ec_darkpattern	unknown	1.0	original							
Armin Dinovic bought 10M Runescape 3 Gold Order total: 3,70€ About 10 seconds ago	1	Social Proof	foreign	ec_darkpattern	unknown	1.0	original							
Recent searches	0	Not Dark Pattern	foreign	ec_darkpattern	unknown	1.0	original							
Gorgeous, lasting high-quality hair color—crafted in Italy.	0	Not Dark Pattern	foreign	ec_darkpattern	unknown	1.0	original							
Only A Few Left	1	Scarcity	foreign	ec_darkpattern	unknown	1.0	original							
 Apple iPhone X » 	0	Not Dark Pattern	foreign	ec_darkpattern	unknown	1.0	original							
Rebecca in Buffalo just bought Sateen Twill Swatchabout 1 hour ago	1	Social Proof	foreign	ec_darkpattern	unknown	1.0	original							
Certified Face Masks	0	Not Dark Pattern	foreign	ec_darkpattern	unknown	1.0	original							
 Price Low To High 	0	Not Dark Pattern	foreign	ec_darkpattern	unknown	1.0	original							
1 in stock	1	Scarcity	foreign	ec_darkpattern	unknown	1.0	original							
Leah Rich in Louisville, United States purchased a	1	Social Proof	foreign	ec_darkpattern	unknown	1.0	original							
Home + Tech Almost Gone	0	Not Dark Pattern	foreign	ec_darkpattern	unknown	1.0	original							
SAVE TODAY: Save 20% on lighting by Le Klint. Limited time only.	1	Urgency	foreign	ec_darkpattern	unknown	1.0	original							
Only 3 Left! Get it before it`s gone!	1	Scarcity	foreign	ec_darkpattern	unknown	1.0	original							
No thanks, I'll be the last to know.	1	Misdirection	foreign	ec_darkpattern	unknown	1.0	original							
Hurry Up ! Just 2 Items Left in stock	1	Scarcity	foreign	ec_darkpattern	unknown	1.0	original							
Toe Ring	0	Not Dark Pattern	foreign	ec_darkpattern	unknown	1.0	original							
Women's Acid Wash Scoopneck Sweater	0	Not Dark Pattern	foreign	ec_darkpattern	unknown	1.0	original							
62 people have looked at this item in the last few hours.	1	Social Proof	foreign	ec_darkpattern	unknown	1.0	original							
Boys Grey School Uniforms	0	Not Dark Pattern	foreign	ec_darkpattern	unknown	1.0	original							
8 customers have bought today	1	Social Proof	foreign	ec_darkpattern	unknown	1.0	original							
My Reviews	0	Not Dark Pattern	foreign	ec_darkpattern	unknown	1.0	original							
Last 1 in stock	1	Scarcity	foreign	ec_darkpattern	unknown	1.0	original							
Skin Concerns	0	Not Dark Pattern	foreign	ec_darkpattern	unknown	1.0	original							
Only 1 left!	1	Scarcity	foreign	ec_darkpattern	unknown	1.0	original							
Only a few left	1	Scarcity	foreign	ec_darkpattern	unknown	1.0	original							
Romper Swimwear	0	Not Dark Pattern	foreign	ec_darkpattern	unknown	1.0	original							
 View All Mattress Accessories 	0	Not Dark Pattern	foreign	ec_darkpattern	unknown	1.0	original							
The page you were looking for doesn't exist.	0	Not Dark Pattern	foreign	ec_darkpattern	unknown	1.0	original							
A very fun outfit for a less formal event like a sangeet! Husband said the bell bottom type pants were fun to dance in :)	0	Not Dark Pattern	foreign	ec_darkpattern	unknown	1.0	original							
 Chair Accessories 	0	Not Dark Pattern	foreign	ec_darkpattern	unknown	1.0	original							
No Thanks, I'll let this offer sail away	1	Misdirection	foreign	ec_darkpattern	unknown	1.0	original							
Stay in the Know	0	Not Dark Pattern	foreign	ec_darkpattern	unknown	1.0	original							
 V-neck Casual Loose Vintage Print Short Sleeve T-shirt 	0	Not Dark Pattern	foreign	ec_darkpattern	unknown	1.0	original							
Limited stock available	1	Scarcity	foreign	ec_darkpattern	unknown	1.0	original							
Thank you for posting a question!	0	Not Dark Pattern	foreign	ec_darkpattern	unknown	1.0	original							
Installation InstructionsPolicies & Terms of UseFinancingSite Map	0	Not Dark Pattern	foreign	ec_darkpattern	unknown	1.0	original							
Golf Shop	0	Not Dark Pattern	foreign	ec_darkpattern	unknown	1.0	original							
 Plastic 	0	Not Dark Pattern	foreign	ec_darkpattern	unknown	1.0	original							
Synthesis XCT Alloy Front Wheel	0	Not Dark Pattern	foreign	ec_darkpattern	unknown	1.0	original							
Hugs and Kisses Rose Bouquet $44.99 Discount -$6.75 Delivery $13.99 Tax $3.46 Item Total $55.69	1	Sneaking	foreign	ec_darkpattern	unknown	1.0	original							
Shop Tops by Pattern	0	Not Dark Pattern	foreign	ec_darkpattern	unknown	1.0	original							
Striped Tops	0	Not Dark Pattern	foreign	ec_darkpattern	unknown	1.0	original							
My AccountSign-in to your account	0	Not Dark Pattern	foreign	ec_darkpattern	unknown	1.0	original							
Due To HIGH Demand, Cart Expires In: 08:41	1	Urgency	foreign	ec_darkpattern	unknown	1.0	original							
ONLY 3 LEFT! GET IT NOW!	1	Scarcity	foreign	ec_darkpattern	unknown	1.0	original							
5 people are looking at this product right now	1	Social Proof	foreign	ec_darkpattern	unknown	1.0	original							
 Get The Look The Full Story Shop Now Read More 	0	Not Dark Pattern	foreign	ec_darkpattern	unknown	1.0	original							
Don’t worry. We’ve got your back.	0	Not Dark Pattern	foreign	ec_darkpattern	unknown	1.0	original							
Hurry up! Discount Ends in DAYS HRS MINS SECS	1	Urgency	foreign	ec_darkpattern	unknown	1.0	original							
Extremely high demand: expect 2-4 weeks for it to arrive (to be safe). Limit 4 per person!	1	Scarcity	foreign	ec_darkpattern	unknown	1.0	original							
 C.P. Company 	0	Not Dark Pattern	foreign	ec_darkpattern	unknown	1.0	original							
In other users' carts 59	1	Social Proof	foreign	ec_darkpattern	unknown	1.0	original							
Nicholas Kirkwood	0	Not Dark Pattern	foreign	ec_darkpattern	unknown	1.0	original							
Aids mental processing†	0	Not Dark Pattern	foreign	ec_darkpattern	unknown	1.0	original							
Awhi from Hicks Bay, Gisborne, New Zealand just bought	1	Social Proof	foreign	ec_darkpattern	unknown	1.0	original							
 Crossbody & Belt Bags 	0	Not Dark Pattern	foreign	ec_darkpattern	unknown	1.0	original							
clear text 	0	Not Dark Pattern	foreign	ec_darkpattern	unknown	1.0	original							
24 people currently interested	1	Social Proof	foreign	ec_darkpattern	unknown	1.0	original							
 Worldwide 	0	Not Dark Pattern	foreign	ec_darkpattern	unknown	1.0	original							
IF YOU PARTICIPATE IN AN AUTOMATIC RENEWAL SUBSCRIPTION AND YOU HAVE PROVIDED US WITH A VALID CREDIT CARD NUMBER OR AN ALTERNATE PAYMENT METHOD, EACH SHIPMENT WILL BE AUTOMATICALLY PROCESSED AT THE TIME OF EACH SHIPMENT OR INSTALLMENT AND WILL BE BILLED TO THE PAYMENT METHOD YOU PROVIDED TO US AT THE TIME OF YOUR INITIAL PURCHASE AND AGREEMENT TO PARTICIPATE IN THE PROGRAM. IF YOU WISH TO CANCEL YOUR PARTICIPATION IN AN AUTOMATIC RENEWAL SUBSCRIPTION, YOU MAY DO SO AT ANY TIME BY CONTACTING A CUSTOMER CARE PROFESSIONAL AT THE CONTACT INFORMATION PROVIDED ON THE WEBSITE.	1	Obstruction	foreign	ec_darkpattern	unknown	1.0	original							
AboutOur StoryOur MissionOur ProductsIn the News	0	Not Dark Pattern	foreign	ec_darkpattern	unknown	1.0	original							
5 Viewing This Product	1	Social Proof	foreign	ec_darkpattern	unknown	1.0	original							
23 People viewing this product	1	Social Proof	foreign	ec_darkpattern	unknown	1.0	original							
Activate within 0:30:00	1	Urgency	foreign	ec_darkpattern	unknown	1.0	original							
Concrete Tools	0	Not Dark Pattern	foreign	ec_darkpattern	unknown	1.0	original							
Transmission and Driveline	0	Not Dark Pattern	foreign	ec_darkpattern	unknown	1.0	original							
James in Cashion, Oklahoma just bought Glossy Black Brick Geode / Amber Gradient Fast Lanes	1	Social Proof	foreign	ec_darkpattern	unknown	1.0	original							
Fast Mover: 35 PEOPLE added this to cart today!	1	Social Proof	foreign	ec_darkpattern	unknown	1.0	original							
Metal - Brass , hollow from inside 	0	Not Dark Pattern	foreign	ec_darkpattern	unknown	1.0	original							
No thank you, I prefer to pay full price	1	Misdirection	foreign	ec_darkpattern	unknown	1.0	original							
 to read up about	0	Not Dark Pattern	foreign	ec_darkpattern	unknown	1.0	original							
• State-by-State Restrictions	0	Not Dark Pattern	foreign	ec_darkpattern	unknown	1.0	original							
DON'T LET 'EM GET AWAY Several people have recently viewed this item.	1	Social Proof	foreign	ec_darkpattern	unknown	1.0	original							
No thanks. I prefer paying full price.	1	Misdirection	foreign	ec_darkpattern	unknown	1.0	original							
Crystal Li in Flushing, United States purchased a	1	Social Proof	foreign	ec_darkpattern	unknown	1.0	original							
Only 5 Left in Stock. Buy Soon!	1	Scarcity	foreign	ec_darkpattern	unknown	1.0	original							
 PG Picks: Skin Care for Incontinence 	0	Not Dark Pattern	foreign	ec_darkpattern	unknown	1.0	original							
Carl F. from Fort Ann, NY bought a King	1	Social Proof	foreign	ec_darkpattern	unknown	1.0	original							
137 users are currently active on our website	1	Social Proof	foreign	ec_darkpattern	unknown	1.0	original							
Reloading Tools	0	Not Dark Pattern	foreign	ec_darkpattern	unknown	1.0	original							
Edwin in Woodland Park, NJ just bought	1	Social Proof	foreign	ec_darkpattern	unknown	1.0	original							
Returns / Warranty	0	Not Dark Pattern	foreign	ec_darkpattern	unknown	1.0	original							
83% offers claimed. Hurry up!	1	Scarcity	foreign	ec_darkpattern	unknown	1.0	original							
Loading	0	Not Dark Pattern	foreign	ec_darkpattern	unknown	1.0	original							
Institute for Legislative Action	0	Not Dark Pattern	foreign	ec_darkpattern	unknown	1.0	original							
Clearance! Only 4 left in stock.	1	Scarcity	foreign	ec_darkpattern	unknown	1.0	original							
from Korea, South	0	Not Dark Pattern	foreign	ec_darkpattern	unknown	1.0	original							
Jeremy in Stockton, United States purchased a	1	Social Proof	foreign	ec_darkpattern	unknown	1.0	original							
Only 4 Left!	1	Scarcity	foreign	ec_darkpattern	unknown	1.0	original							
 Alchemy Books 	0	Not Dark Pattern	foreign	ec_darkpattern	unknown	1.0	original							
When you visit any website, it may store or retrieve information on your browser, mostly in the form of cookies. This information might be about you, your preferences or your device and is mostly used to make the site work as you expect it to. The information does not usually directly identify you, but it can give you a more personalized web experience. Because we respect your right to privacy, you can choose not to allow some types of cookies. Click on the different category headings to find out more and change our default settings. However, blocking some types of cookies may impact your experience of the site and the services we are able to offer. 	0	Not Dark Pattern	foreign	ec_darkpattern	unknown	1.0	original							
Only 1 products left	1	Scarcity	foreign	ec_darkpattern	unknown	1.0	original							
1 left in stock	1	Scarcity	foreign	ec_darkpattern	unknown	1.0	original							
🔥 9 people are viewing this.	1	Social Proof	foreign	ec_darkpattern	unknown	1.0	original							
715 people have added this item to cart	1	Social Proof	foreign	ec_darkpattern	unknown	1.0	original							
 Black / White Refine by Color: Black / White 	0	Not Dark Pattern	foreign	ec_darkpattern	unknown	1.0	original							
Call It Spring	0	Not Dark Pattern	foreign	ec_darkpattern	unknown	1.0	original							
Bathroom Basins	0	Not Dark Pattern	foreign	ec_darkpattern	unknown	1.0	original							
Infrared Night Vision	0	Not Dark Pattern	foreign	ec_darkpattern	unknown	1.0	original							
Download mobile app	0	Not Dark Pattern	foreign	ec_darkpattern	unknown	1.0	original							
 Write a reviewAsk a question	0	Not Dark Pattern	foreign	ec_darkpattern	unknown	1.0	original							
00DAYS02HRS14MINS1211SEC	1	Urgency	foreign	ec_darkpattern	unknown	1.0	original							
RegionBracket Right	0	Not Dark Pattern	foreign	ec_darkpattern	unknown	1.0	original							
Boxster Remotes	0	Not Dark Pattern	foreign	ec_darkpattern	unknown	1.0	original							
24 people have purchased this wine today	1	Social Proof	foreign	ec_darkpattern	unknown	1.0	original							
Rare Book Conditions 	0	Not Dark Pattern	foreign	ec_darkpattern	unknown	1.0	original							
Hurry! Less than 10 left!	1	Scarcity	foreign	ec_darkpattern	unknown	1.0	original							
I DON'T LIKE FREE GIFTS, NO THANKS	1	Misdirection	foreign	ec_darkpattern	unknown	1.0	original							
We don't give out your details to third parties.	0	Not Dark Pattern	foreign	ec_darkpattern	unknown	1.0	original							
Short Sleeve T-Shirts 	0	Not Dark Pattern	foreign	ec_darkpattern	unknown	1.0	original							
ONLY 13 LEFT	1	Scarcity	foreign	ec_darkpattern	unknown	1.0	original							
Someone in Yanchep bought a 52mm Mechanical 'Performance' Boost Gauge - Blue/White 9 seconds ago	1	Social Proof	foreign	ec_darkpattern	unknown	1.0	original							
 Tires	0	Not Dark Pattern	foreign	ec_darkpattern	unknown	1.0	original							
Someone in Egypt bought	1	Social Proof	foreign	ec_darkpattern	unknown	1.0	original							
mark in richmond hill, United States purchased a Fugoo Tough 11 minutes ago	1	Social Proof	foreign	ec_darkpattern	unknown	1.0	original							
Bearded Dragon Substrates	0	Not Dark Pattern	foreign	ec_darkpattern	unknown	1.0	original							
Toddler Girl Jumpsuits and Rompers	0	Not Dark Pattern	foreign	ec_darkpattern	unknown	1.0	original							
Enable cookies to use the shopping cart	0	Not Dark Pattern	foreign	ec_darkpattern	unknown	1.0	original							
Women's Go-Tos	0	Not Dark Pattern	foreign	ec_darkpattern	unknown	1.0	original							
This genuine Spanish espadrille impressed our buyers so much they ordered them in a variety of gorgeous colours. With its uncomplicated design, plush leather sole and a practical platform wedge, you'll have a hard time getting through the warmer months without them. They're perfect for the beach, casual weekend barbeques or brunch with the girls.	0	Not Dark Pattern	foreign	ec_darkpattern	unknown	1.0	original							
HURRY! DON'T MISS THIS DEAL! DAYS 0 1 HRS 1 2 MINS 3 1 SECONDS	1	Urgency	foreign	ec_darkpattern	unknown	1.0	original							
No, I'd rather pay full price.	1	Misdirection	foreign	ec_darkpattern	unknown	1.0	original							
Shopping with JD	0	Not Dark Pattern	foreign	ec_darkpattern	unknown	1.0	original							
 All Brands A-Z 	0	Not Dark Pattern	foreign	ec_darkpattern	unknown	1.0	original							
 Light Blue Regular Fit Single Cuff Easy Care Shirt 	0	Not Dark Pattern	foreign	ec_darkpattern	unknown	1.0	original							
Crop Tops	0	Not Dark Pattern	foreign	ec_darkpattern	unknown	1.0	original							
Photography Projector	0	Not Dark Pattern	foreign	ec_darkpattern	unknown	1.0	original							
 Salt Bender Tank and Shorts Combo 	0	Not Dark Pattern	foreign	ec_darkpattern	unknown	1.0	original							
Diamond Nose Studs 	0	Not Dark Pattern	foreign	ec_darkpattern	unknown	1.0	original							
 Military Discount 	0	Not Dark Pattern	foreign	ec_darkpattern	unknown	1.0	original							
Customize your phone with hundreds of grips, cases, wallets, and more.	0	Not Dark Pattern	foreign	ec_darkpattern	unknown	1.0	original							
5338 people viewed this in the last hour	1	Social Proof	foreign	ec_darkpattern	unknown	1.0	original							
Only 1 item left in stock	1	Scarcity	foreign	ec_darkpattern	unknown	1.0	original							
 Add to Wish List Add to Compare 	0	Not Dark Pattern	foreign	ec_darkpattern	unknown	1.0	original							
No Thanks, I don't want a discount	1	Misdirection	foreign	ec_darkpattern	unknown	1.0	original							
Availability: In Stock Hurry! Only 8 Left!	1	Scarcity	foreign	ec_darkpattern	unknown	1.0	original							
 Italy € EUR 	0	Not Dark Pattern	foreign	ec_darkpattern	unknown	1.0	original							
Politics And Legislation	0	Not Dark Pattern	foreign	ec_darkpattern	unknown	1.0	original							
Fewer than 5 left!	1	Scarcity	foreign	ec_darkpattern	unknown	1.0	original							
 Gift Cards Collection 	0	Not Dark Pattern	foreign	ec_darkpattern	unknown	1.0	original							
No Thanks, I prefer paying full price.	1	Misdirection	foreign	ec_darkpattern	unknown	1.0	original							
We guarantee to match a lower online price.	0	Not Dark Pattern	foreign	ec_darkpattern	unknown	1.0	original							
Hurry, before it is gone! Limited time remaining!	1	Urgency	foreign	ec_darkpattern	unknown	1.0	original							
Keith in Champaign, Illinois bought Mini USB Audio Cassette to MP3 Converterabout 56 minutes ago	1	Social Proof	foreign	ec_darkpattern	unknown	1.0	original							
Select your size below and we'll email you if it comes back in stock!	0	Not Dark Pattern	foreign	ec_darkpattern	unknown	1.0	original							
Only 867 left	1	Scarcity	foreign	ec_darkpattern	unknown	1.0	original							
About Cheryl's Business Gifts	0	Not Dark Pattern	foreign	ec_darkpattern	unknown	1.0	original							
Only 2 units left in stock	1	Scarcity	foreign	ec_darkpattern	unknown	1.0	original							
You can either livechat or email our support team with any questions or concerns. We are always ready to help. 	0	Not Dark Pattern	foreign	ec_darkpattern	unknown	1.0	original							
Only one item left in stock!	1	Scarcity	foreign	ec_darkpattern	unknown	1.0	original							
Synthesis E-MTB Alloy Rear Wheel	0	Not Dark Pattern	foreign	ec_darkpattern	unknown	1.0	original							
LIMITED TIME DEAL!	1	Urgency	foreign	ec_darkpattern	unknown	1.0	original							
Only 3 available	1	Scarcity	foreign	ec_darkpattern	unknown	1.0	original							
Only 1 left in online stock	1	Scarcity	foreign	ec_darkpattern	unknown	1.0	original							
Great for shine	0	Not Dark Pattern	foreign	ec_darkpattern	unknown	1.0	original							
 Learn More 	0	Not Dark Pattern	foreign	ec_darkpattern	unknown	1.0	original							
 Paper, Pads & Blocks Toggle category Paper, Pads & Blocks 	0	Not Dark Pattern	foreign	ec_darkpattern	unknown	1.0	original							
Hurry! Almost Sold Out...	1	Scarcity	foreign	ec_darkpattern	unknown	1.0	original							
. 	0	Not Dark Pattern	foreign	ec_darkpattern	unknown	1.0	original							
Only 2 copies left	1	Scarcity	foreign	ec_darkpattern	unknown	1.0	original							
Christmas Craft Ideas	0	Not Dark Pattern	foreign	ec_darkpattern	unknown	1.0	original							
Limited Quantity Available	1	Scarcity	foreign	ec_darkpattern	unknown	1.0	original							
No Thanks, I Don't Like Exclusive Offers.	1	Misdirection	foreign	ec_darkpattern	unknown	1.0	original							
Trey in Sparta, United States purchased Stealth Angel Ultra Lightweight & Portable Sleeping Bag about 45 minutes ago	1	Social Proof	foreign	ec_darkpattern	unknown	1.0	original							
2 items left	1	Scarcity	foreign	ec_darkpattern	unknown	1.0	original							
PomeloFashion born in AsiaOn trend. Online. On the go.	0	Not Dark Pattern	foreign	ec_darkpattern	unknown	1.0	original							
Available, only 2 left	1	Scarcity	foreign	ec_darkpattern	unknown	1.0	original							
Someone in San diego, United States just bought Gemfield Watch 15 days ago	1	Social Proof	foreign	ec_darkpattern	unknown	1.0	original							
Cowgirls	0	Not Dark Pattern	foreign	ec_darkpattern	unknown	1.0	original							
 Rs INR 	0	Not Dark Pattern	foreign	ec_darkpattern	unknown	1.0	original							
- +	0	Not Dark Pattern	foreign	ec_darkpattern	unknown	1.0	original							
If I emailed you how much I love each jersey you’d have an essay coming your way!	0	Not Dark Pattern	foreign	ec_darkpattern	unknown	1.0	original							
 Shirts & Blouses 	0	Not Dark Pattern	foreign	ec_darkpattern	unknown	1.0	original							
JFN Ladies Flat Embroidered Slip-On Dirty Shoes Vintage Thong Sandals	0	Not Dark Pattern	foreign	ec_darkpattern	unknown	1.0	original							
 New in 	0	Not Dark Pattern	foreign	ec_darkpattern	unknown	1.0	original							
There is no commitment and no minimum to buy. Please note exact shipment times may vary. To customize this program or future shipments, call customer service anytime at 1-800-THICKEN (844-2536).	1	Obstruction	foreign	ec_darkpattern	unknown	1.0	original							
About Bob's	0	Not Dark Pattern	foreign	ec_darkpattern	unknown	1.0	original							
22 people have looked at this part recently	1	Social Proof	foreign	ec_darkpattern	unknown	1.0	original							
Limited Time!	1	Urgency	foreign	ec_darkpattern	unknown	1.0	original							
4 sold in last 5 hours	1	Social Proof	foreign	ec_darkpattern	unknown	1.0	original							
Collin P. from Grandview Missouri just bought BURGUNDY TWO BUTTON SUIT ABOUT 5 SECONDS AGO	1	Social Proof	foreign	ec_darkpattern	unknown	1.0	original							
Your order is reserved for 08:53 minutes!	1	Urgency	foreign	ec_darkpattern	unknown	1.0	original							
 Rudraksha Recommendations 	0	Not Dark Pattern	foreign	ec_darkpattern	unknown	1.0	original							
OFFER ENDS: 09h: 09m: 55s: 0 	1	Urgency	foreign	ec_darkpattern	unknown	1.0	original							
 Added to Favorites 	0	Not Dark Pattern	foreign	ec_darkpattern	unknown	1.0	original							
Kamal in Lathrop, United States purchased a Father Sons Super Slim Stretch Feather Print Long Sleeve - FS429 4 hours ago	1	Social Proof	foreign	ec_darkpattern	unknown	1.0	original							
Brown Dresses	0	Not Dark Pattern	foreign	ec_darkpattern	unknown	1.0	original							
Someone in city just added Radiance - Nebulizing Diffuser® to their cart	1	Social Proof	foreign	ec_darkpattern	unknown	1.0	original							
They look really good with my brown eyes, and they look pretty natural.	0	Not Dark Pattern	foreign	ec_darkpattern	unknown	1.0	original							
 Data Processor Privacy Policy: https://www.appnexus.com/corporate-privacy-policy 	0	Not Dark Pattern	foreign	ec_darkpattern	unknown	1.0	original							
Hurry! Only 1 Pair left!	1	Scarcity	foreign	ec_darkpattern	unknown	1.0	original							
Plus Size Graphic Tops	0	Not Dark Pattern	foreign	ec_darkpattern	unknown	1.0	original							
Protection Filters	0	Not Dark Pattern	foreign	ec_darkpattern	unknown	1.0	original							
Flash Sale - Almost Over! 00 HOURS : 55 1001 MINUTES : 0550 8778 SECONDS	1	Urgency	foreign	ec_darkpattern	unknown	1.0	original							
Interactive Tent Finder	0	Not Dark Pattern	foreign	ec_darkpattern	unknown	1.0	original							
Cart will expire in 04:53 minutes!	1	Urgency	foreign	ec_darkpattern	unknown	1.0	original							
✕	0	Not Dark Pattern	foreign	ec_darkpattern	unknown	1.0	original							
Hurry, Only 4 Left In Stock. Buy Now!	1	Scarcity	foreign	ec_darkpattern	unknown	1.0	original							
take me back to shopping	0	Not Dark Pattern	foreign	ec_darkpattern	unknown	1.0	original							
Only 7 left	1	Scarcity	foreign	ec_darkpattern	unknown	1.0	original							
89% offers claimed. Hurry up!	1	Scarcity	foreign	ec_darkpattern	unknown	1.0	original							
No thanks, I hate cool stuff	1	Misdirection	foreign	ec_darkpattern	unknown	1.0	original							
Cheryl in Ontario bought 100% Organic Reishi Mushroom Powder 100g about 16 minutes ago	1	Social Proof	foreign	ec_darkpattern	unknown	1.0	original							
20 units left	1	Scarcity	foreign	ec_darkpattern	unknown	1.0	original							
High demand	1	Scarcity	foreign	ec_darkpattern	unknown	1.0	original							
3642 BOUGHT	1	Social Proof	foreign	ec_darkpattern	unknown	1.0	original							
5 in stock	1	Scarcity	foreign	ec_darkpattern	unknown	1.0	original							
"Nancy in Pennsylvania purchased 24"" Italian Sterling Silver Milano Twist Adjustable Chain"	1	Social Proof	foreign	ec_darkpattern	unknown	1.0	original							
Solar Powered Paw Print Ground Light	0	Not Dark Pattern	foreign	ec_darkpattern	unknown	1.0	original							
Only 1 left	1	Scarcity	foreign	ec_darkpattern	unknown	1.0	original							
Candy Melts	0	Not Dark Pattern	foreign	ec_darkpattern	unknown	1.0	original							
Romantic Ball Gown Tulle Spaghetti Sleeveless Tier Flower Dirl Dress	0	Not Dark Pattern	foreign	ec_darkpattern	unknown	1.0	original							
Abbie in Calwell, Australia purchased Shark Bite Socks about 1 hour ago	1	Social Proof	foreign	ec_darkpattern	unknown	1.0	original							
Last purchase was 18 minutes ago by someone from Dublin	1	Social Proof	foreign	ec_darkpattern	unknown	1.0	original							
7 users have looked at this product in the past 6 minutes	1	Social Proof	foreign	ec_darkpattern	unknown	1.0	original							
Crystal Shivlingas 	0	Not Dark Pattern	foreign	ec_darkpattern	unknown	1.0	original							
Facebook icon	0	Not Dark Pattern	foreign	ec_darkpattern	unknown	1.0	original							
 Midleton Very Rare 	0	Not Dark Pattern	foreign	ec_darkpattern	unknown	1.0	original							
Pillow & Foam Bed Wedges	0	Not Dark Pattern	foreign	ec_darkpattern	unknown	1.0	original							
Happiness is to hold flowers in both hands. Furthermore, flowers make for an integral part of all occasions and celebrations........ Read More...	0	Not Dark Pattern	foreign	ec_darkpattern	unknown	1.0	original							
 Contact Support 	0	Not Dark Pattern	foreign	ec_darkpattern	unknown	1.0	original							
Only 7 in Stock!	1	Scarcity	foreign	ec_darkpattern	unknown	1.0	original							
Use the left and right arrow keys to navigate the Menu. Use the enter key to activate the submenu on a navigation item. Use escape key to close the submenu. 	0	Not Dark Pattern	foreign	ec_darkpattern	unknown	1.0	original							
Score! You've Qualified for a Checkout Bonus	1	Misdirection	foreign	ec_darkpattern	unknown	1.0	original							
"Someone in Cashmere bought a 
RCM Cosworth Timing Belt Kit 99-02MY EJ20/22/251 hour ago"	1	Social Proof	foreign	ec_darkpattern	unknown	1.0	original							
No thanks, I don't like FREE stuff.	1	Misdirection	foreign	ec_darkpattern	unknown	1.0	original							
No thanks, I just want the item	1	Misdirection	foreign	ec_darkpattern	unknown	1.0	original							
ONLY 1 LEFT IN STOCK	1	Scarcity	foreign	ec_darkpattern	unknown	1.0	original							
Trending now! Added to basket 38 times today	1	Social Proof	foreign	ec_darkpattern	unknown	1.0	original							
 Love the way you pay 	0	Not Dark Pattern	foreign	ec_darkpattern	unknown	1.0	original							
Homeware Trends	0	Not Dark Pattern	foreign	ec_darkpattern	unknown	1.0	original							
Victoria Victoria Beckham	0	Not Dark Pattern	foreign	ec_darkpattern	unknown	1.0	original							
In stock, only 1 products left	1	Scarcity	foreign	ec_darkpattern	unknown	1.0	original							
LAST 1 LEFT	1	Scarcity	foreign	ec_darkpattern	unknown	1.0	original							
 Rain Boots 	0	Not Dark Pattern	foreign	ec_darkpattern	unknown	1.0	original							
only 2 left in stock	1	Scarcity	foreign	ec_darkpattern	unknown	1.0	original							
No thanks, I don't like deals.	1	Misdirection	foreign	ec_darkpattern	unknown	1.0	original							
Exterior Accessories	0	Not Dark Pattern	foreign	ec_darkpattern	unknown	1.0	original							
Size low on stock, only 1 item left	1	Scarcity	foreign	ec_darkpattern	unknown	1.0	original							
Strength & Functional Training	0	Not Dark Pattern	foreign	ec_darkpattern	unknown	1.0	original							
8 people have this in their bag right now.	1	Social Proof	foreign	ec_darkpattern	unknown	1.0	original							
Motion Control System	0	Not Dark Pattern	foreign	ec_darkpattern	unknown	1.0	original							
11 people viewed this today!	1	Social Proof	foreign	ec_darkpattern	unknown	1.0	original							
View All Home Accents	0	Not Dark Pattern	foreign	ec_darkpattern	unknown	1.0	original							
SUBSCRIPTION SUCCESSFUL. THANK YOU!	0	Not Dark Pattern	foreign	ec_darkpattern	unknown	1.0	original							
 Lawn Mowers 	0	Not Dark Pattern	foreign	ec_darkpattern	unknown	1.0	original							
Sale Clothing	0	Not Dark Pattern	foreign	ec_darkpattern	unknown	1.0	original							
 Fashion Floral Short Sleeve Dress 	0	Not Dark Pattern	foreign	ec_darkpattern	unknown	1.0	original							
How about one of these hot sellers?	1	Misdirection	foreign	ec_darkpattern	unknown	1.0	original							
Only 3 left	1	Scarcity	foreign	ec_darkpattern	unknown	1.0	original							
Now 20% off, hurry limited time offer!	1	Urgency	foreign	ec_darkpattern	unknown	1.0	original							
Boys Red School Uniforms	0	Not Dark Pattern	foreign	ec_darkpattern	unknown	1.0	original							
No thanks, I don't want a free gift.	1	Misdirection	foreign	ec_darkpattern	unknown	1.0	original							
"Hurry! Sale Ends In:

02:59:50"	1	Urgency	foreign	ec_darkpattern	unknown	1.0	original							
 info@chainedandable.com 	0	Not Dark Pattern	foreign	ec_darkpattern	unknown	1.0	original							
NO, I'D RATHER PAY FULL PRICE	1	Misdirection	foreign	ec_darkpattern	unknown	1.0	original							
activate within 10:00	1	Urgency	foreign	ec_darkpattern	unknown	1.0	original							
There is only one product left!	1	Scarcity	foreign	ec_darkpattern	unknown	1.0	original							
00DAYS00HOURS47MINUTES36SECONDS SALE ENDS ONCE COUNTER HITS ZERO	1	Urgency	foreign	ec_darkpattern	unknown	1.0	original							
SAA Standard Membership - Credit/Debit Card - Automatic Annual Fee	0	Not Dark Pattern	foreign	ec_darkpattern	unknown	1.0	original							
 Laundry & Cleaning 	0	Not Dark Pattern	foreign	ec_darkpattern	unknown	1.0	original							
Only 3 left, order soon	1	Scarcity	foreign	ec_darkpattern	unknown	1.0	original							
 Entertainment Centers & TV Stands 	0	Not Dark Pattern	foreign	ec_darkpattern	unknown	1.0	original							
No, I don't feel lucky	1	Misdirection	foreign	ec_darkpattern	unknown	1.0	original							
STAY IN THE LOOP!	0	Not Dark Pattern	foreign	ec_darkpattern	unknown	1.0	original							
1 left in stock. Hurry!	1	Scarcity	foreign	ec_darkpattern	unknown	1.0	original							
Blue Raspberry	0	Not Dark Pattern	foreign	ec_darkpattern	unknown	1.0	original							
Your cart is reserved for 09:35 minutes.	1	Urgency	foreign	ec_darkpattern	unknown	1.0	original							
LIMITED TIME ONLY: FREE SHIPPING TO SELECT COUNTRIES ON ORDERS OVER $100!	1	Urgency	foreign	ec_darkpattern	unknown	1.0	original							
ONLY A FEW LEFT!	1	Scarcity	foreign	ec_darkpattern	unknown	1.0	original							
No thanks, I like full price	1	Misdirection	foreign	ec_darkpattern	unknown	1.0	original							
HIGH DEMAND	1	Scarcity	foreign	ec_darkpattern	unknown	1.0	original							
JFN Crew Neck Floral Vacation T-Shirt/Tee	0	Not Dark Pattern	foreign	ec_darkpattern	unknown	1.0	original							
ONLY A FEW LEFT	1	Scarcity	foreign	ec_darkpattern	unknown	1.0	original							
 Indoor Festive Lights 	0	Not Dark Pattern	foreign	ec_darkpattern	unknown	1.0	original							
EastwoodModern, sleek and enchanting, the Eastwood Collection provides comfortable seating while still looking mid-century magnificent.	0	Not Dark Pattern	foreign	ec_darkpattern	unknown	1.0	original							
 Synthesis Alloy Collection 	0	Not Dark Pattern	foreign	ec_darkpattern	unknown	1.0	original							
MOST POPULAR	1	Social Proof	foreign	ec_darkpattern	unknown	1.0	original							
We'd like to send you weekly emails packed full of our lovely products, clearance goodies and cool stuff to win. You can unsubscribe at any time. If you DON'T want to receive these emails, please tick this box. We'd like to send you the occasional brochure so you can get a regular fix of our lovely product! You can unsubscribe at any time. If you DON'T want to receive these brochures, please tick this box. We'd like to introduce you to other brands you might love who will post you the occasional brochure. You can opt out of this at any time. If you DON'T want to receive these brochures, please tick this box.	1	Misdirection	foreign	ec_darkpattern	unknown	1.0	original							
Occasion: Anniversary	0	Not Dark Pattern	foreign	ec_darkpattern	unknown	1.0	original							
8 people have viewed this product today!	1	Social Proof	foreign	ec_darkpattern	unknown	1.0	original							
30 people have purchased this item	1	Social Proof	foreign	ec_darkpattern	unknown	1.0	original							
Musical Toys	0	Not Dark Pattern	foreign	ec_darkpattern	unknown	1.0	original							
Chelsea in Burlington, Wisconsin bought Take Out The Boat Jumpsuit, Blackabout 13 minutes ago	1	Social Proof	foreign	ec_darkpattern	unknown	1.0	original							
Skin Concerns: Treats mild to moderate acne (including whiteheads, blackheads, pimples, and hormonal acne) and excess oiliness.	0	Not Dark Pattern	foreign	ec_darkpattern	unknown	1.0	original							
Limited Time Offer!	1	Urgency	foreign	ec_darkpattern	unknown	1.0	original							
Events and Entertainment	0	Not Dark Pattern	foreign	ec_darkpattern	unknown	1.0	original							
About UsNews & Articles	0	Not Dark Pattern	foreign	ec_darkpattern	unknown	1.0	original							
Almost gone! Only 3 left In Stock	1	Scarcity	foreign	ec_darkpattern	unknown	1.0	original							
 Low Maintenance Plants 	0	Not Dark Pattern	foreign	ec_darkpattern	unknown	1.0	original							
 Men's Apparel Collection 	0	Not Dark Pattern	foreign	ec_darkpattern	unknown	1.0	original							
 View All Parts 	0	Not Dark Pattern	foreign	ec_darkpattern	unknown	1.0	original							
We are one of the best online printing technology & solution company successfully serving local and international customers to cherish the joy, love and precious moments in life with various products. Being an instrument to spread your joy and love in a beautiful way we take pride in providing the best quality services. 	0	Not Dark Pattern	foreign	ec_darkpattern	unknown	1.0	original							
3 people are looking at this product	1	Social Proof	foreign	ec_darkpattern	unknown	1.0	original							
38 people are viewing this	1	Social Proof	foreign	ec_darkpattern	unknown	1.0	original							
no thanks, I don't like to save	1	Misdirection	foreign	ec_darkpattern	unknown	1.0	original							
00 HRS 57 MINS 56 SECS	1	Urgency	foreign	ec_darkpattern	unknown	1.0	original							
Shop all interactive whiteboards	0	Not Dark Pattern	foreign	ec_darkpattern	unknown	1.0	original							
Sign up to stay up to date on all White Cloud news and savings!	0	Not Dark Pattern	foreign	ec_darkpattern	unknown	1.0	original							
Stacey in Saint Marys, United States purchased Extra Long (10 Ft) Fiber Cloth Sync & Charge USB Android Cable - Assorted Colors about 30 minutes ago	1	Social Proof	foreign	ec_darkpattern	unknown	1.0	original							
Hurry! Only 6 left in stock!	1	Scarcity	foreign	ec_darkpattern	unknown	1.0	original							
Only 1 Left in this Size!	1	Scarcity	foreign	ec_darkpattern	unknown	1.0	original							
These pieces are not yet in stock but will be shipped as soon as they are available. The estimated ship date will be noted on the product page.	0	Not Dark Pattern	foreign	ec_darkpattern	unknown	1.0	original							
Our website implements the ARIA attributes (Accessible Rich Internet Applications) technique, alongside various behavioral changes, to ensure blind users visiting with screen-readers can read, comprehend, and enjoy the website’s functions. As soon as a user with a screen-reader enters your site, they immediately receive a prompt to enter the Screen-Reader Profile so they can browse and operate your site effectively. Here’s how our website covers some of the most important screen-reader requirements:	0	Not Dark Pattern	foreign	ec_darkpattern	unknown	1.0	original							
Only 7 left!	1	Scarcity	foreign	ec_darkpattern	unknown	1.0	original							
 Yearly 	0	Not Dark Pattern	foreign	ec_darkpattern	unknown	1.0	original							
 to resolve the issue, or 	0	Not Dark Pattern	foreign	ec_darkpattern	unknown	1.0	original							
Shop by Activity	0	Not Dark Pattern	foreign	ec_darkpattern	unknown	1.0	original							
 Home » 	0	Not Dark Pattern	foreign	ec_darkpattern	unknown	1.0	original							
Lace Front African American Wigs	0	Not Dark Pattern	foreign	ec_darkpattern	unknown	1.0	original							
SRX Remotes	0	Not Dark Pattern	foreign	ec_darkpattern	unknown	1.0	original							
 PAVILION LONG SLEEVE SHIRT DRESS Cornflower Stripe 	0	Not Dark Pattern	foreign	ec_darkpattern	unknown	1.0	original							
Son in Suisun City, United States purchased Commander Lex	1	Social Proof	foreign	ec_darkpattern	unknown	1.0	original							
All Brands A-Z 	0	Not Dark Pattern	foreign	ec_darkpattern	unknown	1.0	original							
Icon MTB Socks - Black/Green	0	Not Dark Pattern	foreign	ec_darkpattern	unknown	1.0	original							
Focus remotes	0	Not Dark Pattern	foreign	ec_darkpattern	unknown	1.0	original							
3DAYS124606	1	Urgency	foreign	ec_darkpattern	unknown	1.0	original							
To cancel your order before it ships, call us.	1	Obstruction	foreign	ec_darkpattern	unknown	1.0	original							
Signup for email updates from Car and Truck Remotes!	0	Not Dark Pattern	foreign	ec_darkpattern	unknown	1.0	original							
Easy, awesome! ready to go. Held a charge first night	0	Not Dark Pattern	foreign	ec_darkpattern	unknown	1.0	original							
More than 752 users are adding shapewear to their cart. Is your size left?	1	Social Proof	foreign	ec_darkpattern	unknown	1.0	original							
Newborn & InfantYouthAdjustableFlexSnapbacksSale Items- View All -	0	Not Dark Pattern	foreign	ec_darkpattern	unknown	1.0	original							
Flat Top	0	Not Dark Pattern	foreign	ec_darkpattern	unknown	1.0	original							
CPUs & Processors	0	Not Dark Pattern	foreign	ec_darkpattern	unknown	1.0	original							
Brand Directory 	0	Not Dark Pattern	foreign	ec_darkpattern	unknown	1.0	original							
No, I don't feel lucky.	1	Misdirection	foreign	ec_darkpattern	unknown	1.0	original							
Only 2 left in stock. Make it yours.	1	Scarcity	foreign	ec_darkpattern	unknown	1.0	original							
For more information about the VIP Rewards Club Membership, to purchase or terminate a membership, or to start or stop automatic renewal of a membership, contact Ross-Simons Customer Service by postal mail at: Ross-Simons, 9 Ross-Simons Drive, Cranston, Rhode Island 02920; or by email at customerservice@ross-simons.com; or by calling the VIP Rewards Club priority line at 800-835-3799.	1	Obstruction	foreign	ec_darkpattern	unknown	1.0	original							
  	0	Not Dark Pattern	foreign	ec_darkpattern	unknown	1.0	original							
Sayeeganesh in Chennai, India just bought Dhoni the Finisher T-Shirt an hour ago	1	Social Proof	foreign	ec_darkpattern	unknown	1.0	original							
Only 1 left in stock.	1	Scarcity	foreign	ec_darkpattern	unknown	1.0	original							
 Candy & Snacks 	0	Not Dark Pattern	foreign	ec_darkpattern	unknown	1.0	original							
Only 1 left , In Stock	1	Scarcity	foreign	ec_darkpattern	unknown	1.0	original							
65% of our customers added Surefit protection this year.	1	Social Proof	foreign	ec_darkpattern	unknown	1.0	original							
50% OFF for Limited Time Only!!!	1	Urgency	foreign	ec_darkpattern	unknown	1.0	original							
 Active Filters English English ✘ Remove Filter 	0	Not Dark Pattern	foreign	ec_darkpattern	unknown	1.0	original							
HURRY! ENDS IN: 11 HRS 20 MIN 13 SEC	1	Urgency	foreign	ec_darkpattern	unknown	1.0	original							
Sabrina in Paraparaumu, New Zealand purchased a SCHO-KA-KOLA Schokakola energy Chocolate caffeine snack food MRE caffeinated 	1	Social Proof	foreign	ec_darkpattern	unknown	1.0	original							
YOUR CART IS ELIGIBLE FOR AN ADDITIONAL 10% OFF Including Current Promotions + Sale & Clearance 00 hours :29 minutes :26 seconds CHECK OUT NOW	1	Urgency	foreign	ec_darkpattern	unknown	1.0	original							
 MIN Twins 	0	Not Dark Pattern	foreign	ec_darkpattern	unknown	1.0	original							
Wedding Cross Stich & Embroidery Patterns	0	Not Dark Pattern	foreign	ec_darkpattern	unknown	1.0	original							
Choose Type of Cookies You Accept Using	0	Not Dark Pattern	foreign	ec_darkpattern	unknown	1.0	original							
 ★ ★ ★ ★ ★ 	0	Not Dark Pattern	foreign	ec_darkpattern	unknown	1.0	original							
10 SEATS LEFT	1	Scarcity	foreign	ec_darkpattern	unknown	1.0	original							
(Only 5 Left)	1	Scarcity	foreign	ec_darkpattern	unknown	1.0	original							
 Mixed Wine Cases 	0	Not Dark Pattern	foreign	ec_darkpattern	unknown	1.0	original							
Let's make sure you have everything else you need	1	Misdirection	foreign	ec_darkpattern	unknown	1.0	original							
80% offers claimed. Hurry up!	1	Scarcity	foreign	ec_darkpattern	unknown	1.0	original							
WhiteBoho Rose Comforter and Sham Set	0	Not Dark Pattern	foreign	ec_darkpattern	unknown	1.0	original							
Your order is reserved for 09:57 minutes!	1	Urgency	foreign	ec_darkpattern	unknown	1.0	original							
 ₪ ILS 	0	Not Dark Pattern	foreign	ec_darkpattern	unknown	1.0	original							
 Cooling & Air Treatment 	0	Not Dark Pattern	foreign	ec_darkpattern	unknown	1.0	original							
Mother’s Day is undoubtedly a significant occasion for all mothers. But, for the new moms, it is even more special. If you........... Read More...	0	Not Dark Pattern	foreign	ec_darkpattern	unknown	1.0	original							
LAYAWAY SALE WE WILL MATCH YOUR INITIAL PAYMENT. LIMITED TIME ONLY	1	Urgency	foreign	ec_darkpattern	unknown	1.0	original							
HURRY! ENDS IN: 10 HRS 40 MIN 00 SEC	1	Urgency	foreign	ec_darkpattern	unknown	1.0	original							
Mary Janes	0	Not Dark Pattern	foreign	ec_darkpattern	unknown	1.0	original							
Select Your Year	0	Not Dark Pattern	foreign	ec_darkpattern	unknown	1.0	original							
What treats can I use?	0	Not Dark Pattern	foreign	ec_darkpattern	unknown	1.0	original							
We curate the very best in creative and innovative fashion for the EDM Lifestyle. 	0	Not Dark Pattern	foreign	ec_darkpattern	unknown	1.0	original							
Only 20 left	1	Scarcity	foreign	ec_darkpattern	unknown	1.0	original							
 Terms of Service 	0	Not Dark Pattern	foreign	ec_darkpattern	unknown	1.0	original							
Upright Plants	0	Not Dark Pattern	foreign	ec_darkpattern	unknown	1.0	original							
Your one-time offer! Enjoy 10% off sitewide. Applied at checkout Offer ends in: 04 hrs 37 min 56 sec	1	Urgency	foreign	ec_darkpattern	unknown	1.0	original							
"""Your purchase entitles you to the following special"""	1	Misdirection	foreign	ec_darkpattern	unknown	1.0	original							
 Brass Shankh 	0	Not Dark Pattern	foreign	ec_darkpattern	unknown	1.0	original							
2 people are looking right now	1	Social Proof	foreign	ec_darkpattern	unknown	1.0	original							
Boys Shorts	0	Not Dark Pattern	foreign	ec_darkpattern	unknown	1.0	original							
IN HIGH DEMAND!	1	Scarcity	foreign	ec_darkpattern	unknown	1.0	original							
Low Stock Only 2 left	1	Scarcity	foreign	ec_darkpattern	unknown	1.0	original							
Anaheim DucksArizona CoyotesCalgary FlamesChicago BlackhawksColorado AvalancheDallas StarsEdmonton OilersLos Angeles KingsMinnesota Wild	0	Not Dark Pattern	foreign	ec_darkpattern	unknown	1.0	original							
Blankets Throws	0	Not Dark Pattern	foreign	ec_darkpattern	unknown	1.0	original							
Shop Disposables	0	Not Dark Pattern	foreign	ec_darkpattern	unknown	1.0	original							
 Free Delivery to Home & Next day delivery available to store* 	0	Not Dark Pattern	foreign	ec_darkpattern	unknown	1.0	original							
Limited-time Deal	1	Scarcity	foreign	ec_darkpattern	unknown	1.0	original							
Limited time - Free Shipping on all orders*	1	Urgency	foreign	ec_darkpattern	unknown	1.0	original							
Surgical & Face Masks	0	Not Dark Pattern	foreign	ec_darkpattern	unknown	1.0	original							
Hurry! Only 4 left in stock.	1	Scarcity	foreign	ec_darkpattern	unknown	1.0	original							
No thanks, I despise coupons!	1	Misdirection	foreign	ec_darkpattern	unknown	1.0	original							
Shop Men's Styles	0	Not Dark Pattern	foreign	ec_darkpattern	unknown	1.0	original							
If you are one of those constantly devoted to healthy eating, weight loss plans,..	0	Not Dark Pattern	foreign	ec_darkpattern	unknown	1.0	original							
JULIE in Oak Brook, United States purchased a Watercolor Brush Pens 24 Refillable Colors with Travel Case about 10 hours ago	1	Social Proof	foreign	ec_darkpattern	unknown	1.0	original							
For a limited time, buy 2 Hydroxycut Hardcore Elite, 30 Servings for $30!	1	Urgency	foreign	ec_darkpattern	unknown	1.0	original							
(5 Left)	1	Scarcity	foreign	ec_darkpattern	unknown	1.0	original							
 Choosing the Best Plus Size Briefs 	0	Not Dark Pattern	foreign	ec_darkpattern	unknown	1.0	original							
FREE SHIPPING FOR A LIMITED TIME | PRICES ARE IN USD AND INCLUDE ALL IMPORT DUTIES.	1	Urgency	foreign	ec_darkpattern	unknown	1.0	original							
 Cable Winders 	0	Not Dark Pattern	foreign	ec_darkpattern	unknown	1.0	original							
TSX Remotes	0	Not Dark Pattern	foreign	ec_darkpattern	unknown	1.0	original							
Only 3 Left In Stock	1	Scarcity	foreign	ec_darkpattern	unknown	1.0	original							
Baby Bathtubs	0	Not Dark Pattern	foreign	ec_darkpattern	unknown	1.0	original							
Only 14 left	1	Scarcity	foreign	ec_darkpattern	unknown	1.0	original							
33 people are eyeing this item!	1	Social Proof	foreign	ec_darkpattern	unknown	1.0	original							
Nice choice. Did you know you’re missing out on these deals with the item in your cart. Suit + Shirt + Tie now $599.99* - Shop Suits, Shirts and Ties Or Get 2 Suit Packages for $1100*	1	Misdirection	foreign	ec_darkpattern	unknown	1.0	original							
No thanks, I don't like saving money	1	Misdirection	foreign	ec_darkpattern	unknown	1.0	original							
Only 1 Left in Stock. Buy Soon!	1	Scarcity	foreign	ec_darkpattern	unknown	1.0	original							
19 people have viewed this item	1	Social Proof	foreign	ec_darkpattern	unknown	1.0	original							
Crossman Air Pistols	0	Not Dark Pattern	foreign	ec_darkpattern	unknown	1.0	original							
No Thanks, I'd Rather Pay Full Price	1	Misdirection	foreign	ec_darkpattern	unknown	1.0	original							
Harry Potter 	0	Not Dark Pattern	foreign	ec_darkpattern	unknown	1.0	original							
FilterSortFeaturedPrice: Low to HighPrice: High to LowAlphabetical: A-ZAlphabetical: Z-A	0	Not Dark Pattern	foreign	ec_darkpattern	unknown	1.0	original							
We only have 8.0000 left in Stock	1	Scarcity	foreign	ec_darkpattern	unknown	1.0	original							
Hurry, Sale ends in 9 Hours!	1	Urgency	foreign	ec_darkpattern	unknown	1.0	original							
Jewelry Care Kit	0	Not Dark Pattern	foreign	ec_darkpattern	unknown	1.0	original							
Give a Gift	0	Not Dark Pattern	foreign	ec_darkpattern	unknown	1.0	original							
 First name * 	0	Not Dark Pattern	foreign	ec_darkpattern	unknown	1.0	original							
166 people have added this item to cart	1	Social Proof	foreign	ec_darkpattern	unknown	1.0	original							
LIMITED TIME LEFT! 00 : 46 : 11	1	Urgency	foreign	ec_darkpattern	unknown	1.0	original							
Speak with our customer-care executive who will help you with your buying.	0	Not Dark Pattern	foreign	ec_darkpattern	unknown	1.0	original							
Mechanic's Wear	0	Not Dark Pattern	foreign	ec_darkpattern	unknown	1.0	original							
Please note: we do not ship to PO Boxes	0	Not Dark Pattern	foreign	ec_darkpattern	unknown	1.0	original							
Michael M. from Lacey, WA just bought a Cal King	1	Social Proof	foreign	ec_darkpattern	unknown	1.0	original							
Products are automatically delivered on your schedule. No obligation, modify or cancel your subscription anytime. 	0	Not Dark Pattern	foreign	ec_darkpattern	unknown	1.0	original							
There are only 1 item left in stock.	1	Scarcity	foreign	ec_darkpattern	unknown	1.0	original							
Free Shipping*	0	Not Dark Pattern	foreign	ec_darkpattern	unknown	1.0	original							
Crystals are alive. Born inside Mother Earth, crystal energy can be felt just like heat or cold. For chakra training to astrological remedies, discover healing crystals.	0	Not Dark Pattern	foreign	ec_darkpattern	unknown	1.0	original							
A-Z Luxury Brands	0	Not Dark Pattern	foreign	ec_darkpattern	unknown	1.0	original							
ALMOST GONE - only 2 remaining!	1	Scarcity	foreign	ec_darkpattern	unknown	1.0	original							
Offer ends in 03 days 19 hours : 54 mins : 22 secs	1	Urgency	foreign	ec_darkpattern	unknown	1.0	original							
Over 200 views in 24 hrs	1	Social Proof	foreign	ec_darkpattern	unknown	1.0	original							
Hurry, only 302 left.	1	Scarcity	foreign	ec_darkpattern	unknown	1.0	original							
Shotgun Bore Mops	0	Not Dark Pattern	foreign	ec_darkpattern	unknown	1.0	original							
POPULAR 64 others checked this out in the last few hours.	1	Social Proof	foreign	ec_darkpattern	unknown	1.0	original							
ONLY 5 LEFT IN STOCK	1	Scarcity	foreign	ec_darkpattern	unknown	1.0	original							
No thanks, I hate saving money	1	Misdirection	foreign	ec_darkpattern	unknown	1.0	original							
Moroccan Rugs	0	Not Dark Pattern	foreign	ec_darkpattern	unknown	1.0	original							
ONLY AVAILABLE FOR A LIMITED TIME	1	Urgency	foreign	ec_darkpattern	unknown	1.0	original							
 Sprouting 	0	Not Dark Pattern	foreign	ec_darkpattern	unknown	1.0	original							
Help us #savethefishies.	0	Not Dark Pattern	foreign	ec_darkpattern	unknown	1.0	original							
5 items left	1	Scarcity	foreign	ec_darkpattern	unknown	1.0	original							
This product was viewed 26 seconds ago by someone from Princeton	1	Social Proof	foreign	ec_darkpattern	unknown	1.0	original							
ONLY 1 ITEM LEFT!	1	Scarcity	foreign	ec_darkpattern	unknown	1.0	original							
ONLY 11 LEFT	1	Scarcity	foreign	ec_darkpattern	unknown	1.0	original							
Only a few left of this product!	1	Scarcity	foreign	ec_darkpattern	unknown	1.0	original							
JFN Scallop V Neck Solid Casual T-Shirt/Tee	0	Not Dark Pattern	foreign	ec_darkpattern	unknown	1.0	original							
Purchased 6 times this week.	1	Social Proof	foreign	ec_darkpattern	unknown	1.0	original							
Crochet Baby Patterns	0	Not Dark Pattern	foreign	ec_darkpattern	unknown	1.0	original							
Felizer Designer Diamond studded Round Dial Metal starp watch for Women & Girls - Silver (Heart design) Analog	0	Not Dark Pattern	foreign	ec_darkpattern	unknown	1.0	original							
 Home / Black Tapered Belted Cigarette Trousers - Myasia 	0	Not Dark Pattern	foreign	ec_darkpattern	unknown	1.0	original							
Only 4 left at this price	1	Scarcity	foreign	ec_darkpattern	unknown	1.0	original							
Once a celebrated author of short stories now in his twilight years, 	0	Not Dark Pattern	foreign	ec_darkpattern	unknown	1.0	original							
Recent Searches	0	Not Dark Pattern	foreign	ec_darkpattern	unknown	1.0	original							
 Brand case & cloth included 	0	Not Dark Pattern	foreign	ec_darkpattern	unknown	1.0	original							
Hair Color + Highlights	0	Not Dark Pattern	foreign	ec_darkpattern	unknown	1.0	original							
We combined powerful, yet gentle acne-fighting ingredients with our own unique plant-based complexes to help reduce irritation and redness associated with acne and breakouts. The result? Skin that’s nourished, smooth, and most importantly, clear!	0	Not Dark Pattern	foreign	ec_darkpattern	unknown	1.0	original							
Only 2 left, order soon	1	Scarcity	foreign	ec_darkpattern	unknown	1.0	original							
 Food 	0	Not Dark Pattern	foreign	ec_darkpattern	unknown	1.0	original							
MORE WAYS TO SHOP	0	Not Dark Pattern	foreign	ec_darkpattern	unknown	1.0	original							
Your shopping cart is empty.	0	Not Dark Pattern	foreign	ec_darkpattern	unknown	1.0	original							
Coin Necklace 	0	Not Dark Pattern	foreign	ec_darkpattern	unknown	1.0	original							
Mallet E Speed Lace - Black/Silver	0	Not Dark Pattern	foreign	ec_darkpattern	unknown	1.0	original							
Someone from Huntingtown, Maryland, United States purchased TopCoat® F11® Polish & Sealer - Web Special Kits Just Now	1	Social Proof	foreign	ec_darkpattern	unknown	1.0	original							
You may cancel your VIP membership at any time by calling 1-866-337-0906 (open 24/7).	1	Obstruction	foreign	ec_darkpattern	unknown	1.0	original							
Items in your cart are in VERY high-demand.	1	Scarcity	foreign	ec_darkpattern	unknown	1.0	original							
Sign up to our mailing list here and be the first to know about exclusive offers and events	0	Not Dark Pattern	foreign	ec_darkpattern	unknown	1.0	original							
Items in your cart are selling fast	1	Scarcity	foreign	ec_darkpattern	unknown	1.0	original							
No thanks, I don't like winning.	1	Misdirection	foreign	ec_darkpattern	unknown	1.0	original							
Laundry Care	0	Not Dark Pattern	foreign	ec_darkpattern	unknown	1.0	original							
Low in stock: only 2 left.	1	Scarcity	foreign	ec_darkpattern	unknown	1.0	original							
Deal Ends In 2 : DAYS13 : HRS10 : MIN24 SEC	1	Urgency	foreign	ec_darkpattern	unknown	1.0	original							
Order soon, only 1 left!	1	Scarcity	foreign	ec_darkpattern	unknown	1.0	original							
This campaign was taken down for content reasons	0	Not Dark Pattern	foreign	ec_darkpattern	unknown	1.0	original							
Hurry, only 2 left in stock!	1	Scarcity	foreign	ec_darkpattern	unknown	1.0	original							
AdjustableSnapbacksSale Items- View All -	0	Not Dark Pattern	foreign	ec_darkpattern	unknown	1.0	original							
ONLY 5 LEFT IN STOCK!	1	Scarcity	foreign	ec_darkpattern	unknown	1.0	original							
Over 238 people have bought this product	1	Social Proof	foreign	ec_darkpattern	unknown	1.0	original							
Order in 13:16 to get $200 off your mattress	1	Urgency	foreign	ec_darkpattern	unknown	1.0	original							
 Bob Ross Oil Brushes 	0	Not Dark Pattern	foreign	ec_darkpattern	unknown	1.0	original							
No Thanks, I'd rather pay full price	1	Misdirection	foreign	ec_darkpattern	unknown	1.0	original							
Terra - Medium Brown	0	Not Dark Pattern	foreign	ec_darkpattern	unknown	1.0	original							
Warning: Last items in stock!	1	Scarcity	foreign	ec_darkpattern	unknown	1.0	original							
Work With More Buyers And Sellers?	0	Not Dark Pattern	foreign	ec_darkpattern	unknown	1.0	original							
 Lighting	0	Not Dark Pattern	foreign	ec_darkpattern	unknown	1.0	original							
 Round Neck Casual Loose Patchwork Printed Short Sleeve Blouse 	0	Not Dark Pattern	foreign	ec_darkpattern	unknown	1.0	original							
39 recently purchased it	1	Social Proof	foreign	ec_darkpattern	unknown	1.0	original							
Limited Time Offer: 10% Off your first order!	1	Urgency	foreign	ec_darkpattern	unknown	1.0	original							
Computer Accessories	0	Not Dark Pattern	foreign	ec_darkpattern	unknown	1.0	original							
Aromatherapy 	0	Not Dark Pattern	foreign	ec_darkpattern	unknown	1.0	original							
A Ritual of Light	0	Not Dark Pattern	foreign	ec_darkpattern	unknown	1.0	original							
Hurry only 2 left	1	Scarcity	foreign	ec_darkpattern	unknown	1.0	original							
21 people looked at this during the last 24 hours	1	Social Proof	foreign	ec_darkpattern	unknown	1.0	original							
Black Jeans	0	Not Dark Pattern	foreign	ec_darkpattern	unknown	1.0	original							
Build your own powerful multi-vendor marketplace website	0	Not Dark Pattern	foreign	ec_darkpattern	unknown	1.0	original							
Items in your cart are in high demand, but we have reserved your order.	1	Scarcity	foreign	ec_darkpattern	unknown	1.0	original							
167 piece(s) left for this promo	1	Scarcity	foreign	ec_darkpattern	unknown	1.0	original							
No Thanks, I don't like free stuff.	1	Misdirection	foreign	ec_darkpattern	unknown	1.0	original							
Only 32 left in stock	1	Scarcity	foreign	ec_darkpattern	unknown	1.0	original							
Less than 10 left!	1	Scarcity	foreign	ec_darkpattern	unknown	1.0	original							
CUSTOMER SERVICE	0	Not Dark Pattern	foreign	ec_darkpattern	unknown	1.0	original							
Hurry! Sale ends in:	1	Urgency	foreign	ec_darkpattern	unknown	1.0	original							
NRA Firearms For Freedom	0	Not Dark Pattern	foreign	ec_darkpattern	unknown	1.0	original							
Low in stock	1	Scarcity	foreign	ec_darkpattern	unknown	1.0	original							
Availability: Only 1 Left	1	Scarcity	foreign	ec_darkpattern	unknown	1.0	original							
 Printed Long Sleeves Casual Blouse For Women 	0	Not Dark Pattern	foreign	ec_darkpattern	unknown	1.0	original							
Straight Hair Extensions	0	Not Dark Pattern	foreign	ec_darkpattern	unknown	1.0	original							
Radio and GPS Pouches	0	Not Dark Pattern	foreign	ec_darkpattern	unknown	1.0	original							
Only 3 left!	1	Scarcity	foreign	ec_darkpattern	unknown	1.0	original							
Only 4 unit(s) available!	1	Scarcity	foreign	ec_darkpattern	unknown	1.0	original							
Anniversary Gifts by Year	0	Not Dark Pattern	foreign	ec_darkpattern	unknown	1.0	original							
All Scrapbooking Supplies	0	Not Dark Pattern	foreign	ec_darkpattern	unknown	1.0	original							
No USB or Y-Adapter!? Our USB Sound Card is highly recommended for PC (Mac/Linux/Windows) and works with current gen consoles. The Y adapter is recommended for console gaming, phone, or other TRRS jacks.	1	Misdirection	foreign	ec_darkpattern	unknown	1.0	original							
 New In	0	Not Dark Pattern	foreign	ec_darkpattern	unknown	1.0	original							
146 people recently purchased this.	1	Social Proof	foreign	ec_darkpattern	unknown	1.0	original							
Only 25 Deals left	1	Scarcity	foreign	ec_darkpattern	unknown	1.0	original							
HOW TO MANAGE SIDE EFFECTS	0	Not Dark Pattern	foreign	ec_darkpattern	unknown	1.0	original							
Website Accessibility	0	Not Dark Pattern	foreign	ec_darkpattern	unknown	1.0	original							
 Item added to cart. View cart and check out. Close 	0	Not Dark Pattern	foreign	ec_darkpattern	unknown	1.0	original							
Heat Mats & Strips	0	Not Dark Pattern	foreign	ec_darkpattern	unknown	1.0	original							
HURRY! YOUR 10% OFF EXPIRES IN 29:43	1	Urgency	foreign	ec_darkpattern	unknown	1.0	original							
3 people bought this item last week.	1	Social Proof	foreign	ec_darkpattern	unknown	1.0	original							
 Share on Pinterest 	0	Not Dark Pattern	foreign	ec_darkpattern	unknown	1.0	original							
Only 8 left in stock	1	Scarcity	foreign	ec_darkpattern	unknown	1.0	original							
Hurry! This special sale ends in 2h 42m 0s	1	Urgency	foreign	ec_darkpattern	unknown	1.0	original							
Hype. Home	0	Not Dark Pattern	foreign	ec_darkpattern	unknown	1.0	original							
VIP OFFERS END 00:54:59	1	Urgency	foreign	ec_darkpattern	unknown	1.0	original							
Roommates agreement... need i say more? this is a great poster for the walls of any house that has more than one person living in it. if you're alone, get it all the same - it'll make you laugh at any given time :)	0	Not Dark Pattern	foreign	ec_darkpattern	unknown	1.0	original							
This is how you can reject or delete your cookies	0	Not Dark Pattern	foreign	ec_darkpattern	unknown	1.0	original							
Ericdress Round Neck Three-Quarter Sleeve Mid-Calf Pullover Fall Women's Dress	0	Not Dark Pattern	foreign	ec_darkpattern	unknown	1.0	original							
 Email Address 	0	Not Dark Pattern	foreign	ec_darkpattern	unknown	1.0	original							
Your cart is reserved for 14:57 minutes!	1	Urgency	foreign	ec_darkpattern	unknown	1.0	original							
No thanks, I don't want any deals	1	Misdirection	foreign	ec_darkpattern	unknown	1.0	original							
Toddler Boy Underwear and Undershirts	0	Not Dark Pattern	foreign	ec_darkpattern	unknown	1.0	original							
Collegiate Shooting Programs	0	Not Dark Pattern	foreign	ec_darkpattern	unknown	1.0	original							
ONLY 1 ITEM LEFT	1	Scarcity	foreign	ec_darkpattern	unknown	1.0	original							
01 Hours 37 Minutes 48 Seconds 1/10s	1	Urgency	foreign	ec_darkpattern	unknown	1.0	original							
 Supporting All Artists Create because you can 	0	Not Dark Pattern	foreign	ec_darkpattern	unknown	1.0	original							
HomeFlowersColourful Mixed Roses Bouquet	0	Not Dark Pattern	foreign	ec_darkpattern	unknown	1.0	original							
Send as giftexpand_more	0	Not Dark Pattern	foreign	ec_darkpattern	unknown	1.0	original							
Delivery & Returns	0	Not Dark Pattern	foreign	ec_darkpattern	unknown	1.0	original							
Only: 9 in stock now	1	Scarcity	foreign	ec_darkpattern	unknown	1.0	original							
Only 3 left , In Stock	1	Scarcity	foreign	ec_darkpattern	unknown	1.0	original							
Livefood Subscription	0	Not Dark Pattern	foreign	ec_darkpattern	unknown	1.0	original							
Grocery & Liquor	0	Not Dark Pattern	foreign	ec_darkpattern	unknown	1.0	original							
 For Wife 	0	Not Dark Pattern	foreign	ec_darkpattern	unknown	1.0	original							
UP TO 60% OFF SPRING SALE PLUS 10% OFF ALL SHOWERS ENTER CODE SHOWERS10 AT CHECKOUT, MUST END TUESDAY 02DAYS  :  04HOURS  :  13MINS  :  28SECS	1	Urgency	foreign	ec_darkpattern	unknown	1.0	original							
Great for keeping track of your pup while at work	0	Not Dark Pattern	foreign	ec_darkpattern	unknown	1.0	original							
 Subscribe 	0	Not Dark Pattern	foreign	ec_darkpattern	unknown	1.0	original							
Powered by	0	Not Dark Pattern	foreign	ec_darkpattern	unknown	1.0	original							
JerseysPantsSleepwear & UnderwearSwim CollectionT-ShirtsSale Items- View All -	0	Not Dark Pattern	foreign	ec_darkpattern	unknown	1.0	original							
Hurry, Only a few left!	1	Scarcity	foreign	ec_darkpattern	unknown	1.0	original							
 I love this phone case! 😍 #phonecase #hiraeth #appleiphone #apple #rosegold #loveit 	0	Not Dark Pattern	foreign	ec_darkpattern	unknown	1.0	original							
ONLY 1 LEFT IN THIS SIZE	1	Scarcity	foreign	ec_darkpattern	unknown	1.0	original							
Looking for your order history?	0	Not Dark Pattern	foreign	ec_darkpattern	unknown	1.0	original							
Only 82 left in stock!	1	Scarcity	foreign	ec_darkpattern	unknown	1.0	original							
Readers looking for some old-fashioned storytelling with a sprinkling of magic will find it here. 	0	Not Dark Pattern	foreign	ec_darkpattern	unknown	1.0	original							
Traditional Snacks	0	Not Dark Pattern	foreign	ec_darkpattern	unknown	1.0	original							
 Travel Accessories 	0	Not Dark Pattern	foreign	ec_darkpattern	unknown	1.0	original							
eWriters & Graphics Tablets	0	Not Dark Pattern	foreign	ec_darkpattern	unknown	1.0	original							
 EU Delivery & Returns 	0	Not Dark Pattern	foreign	ec_darkpattern	unknown	1.0	original							
LIMITED TIME OFFER MEN'S CHINOS & 5-POCKET PANTS BUY 2 FOR $59.90 EACH SHOP NOW	1	Urgency	foreign	ec_darkpattern	unknown	1.0	original							
Your order will be reserved for 6:56 minutes.	1	Urgency	foreign	ec_darkpattern	unknown	1.0	original							
LESS THAN 8 LEFT IN STOCK!	1	Scarcity	foreign	ec_darkpattern	unknown	1.0	original							
 United States 	0	Not Dark Pattern	foreign	ec_darkpattern	unknown	1.0	original							
Limited Time Sale - Buy Now!	1	Urgency	foreign	ec_darkpattern	unknown	1.0	original							
 Mobile Terms of Use 	0	Not Dark Pattern	foreign	ec_darkpattern	unknown	1.0	original							
 ALL SALE 	0	Not Dark Pattern	foreign	ec_darkpattern	unknown	1.0	original							
MyStore	0	Not Dark Pattern	foreign	ec_darkpattern	unknown	1.0	original							
JUST 1 LEFT!	1	Scarcity	foreign	ec_darkpattern	unknown	1.0	original							
Don't snooze, only 1 left	1	Scarcity	foreign	ec_darkpattern	unknown	1.0	original							
I agree to receive marketing emails from Natural Life and agree to our Privacy Policy and terms of use.	1	Forced Action	foreign	ec_darkpattern	unknown	1.0	original							
Don't miss out, only 2 left in stock	1	Scarcity	foreign	ec_darkpattern	unknown	1.0	original							
Someone from Rochedale, Queensland, Australia started buying this!	1	Social Proof	foreign	ec_darkpattern	unknown	1.0	original							
 Please click 	0	Not Dark Pattern	foreign	ec_darkpattern	unknown	1.0	original							
 Box Springs & Foundations	0	Not Dark Pattern	foreign	ec_darkpattern	unknown	1.0	original							
Countdown	0	Not Dark Pattern	foreign	ec_darkpattern	unknown	1.0	original							
Men's Pullover Sweaters	0	Not Dark Pattern	foreign	ec_darkpattern	unknown	1.0	original							
 Tony Bianco 	0	Not Dark Pattern	foreign	ec_darkpattern	unknown	1.0	original							
 LOGO BLACK 	0	Not Dark Pattern	foreign	ec_darkpattern	unknown	1.0	original							
Everything was perfect. The delivery was very smooth and the products were in great condition as well.	0	Not Dark Pattern	foreign	ec_darkpattern	unknown	1.0	original							
 Face Masks	0	Not Dark Pattern	foreign	ec_darkpattern	unknown	1.0	original							
LIMITED TIME OFFER!	1	Urgency	foreign	ec_darkpattern	unknown	1.0	original							
Low In Stock Today	1	Scarcity	foreign	ec_darkpattern	unknown	1.0	original							
Lenscap: Damage Only	1	Misdirection	foreign	ec_darkpattern	unknown	1.0	original							
With 1-year Care Subscription 10 days history	1	Misdirection	foreign	ec_darkpattern	unknown	1.0	original							
About Ruth Hogan	0	Not Dark Pattern	foreign	ec_darkpattern	unknown	1.0	original							
Don't miss out on this item! There is only 1 left in stock.	1	Scarcity	foreign	ec_darkpattern	unknown	1.0	original							
NO, THANKS. I DON'T LIKE DISCOUNTS 	1	Misdirection	foreign	ec_darkpattern	unknown	1.0	original							
No thanks, I'd rather pay full price.	1	Misdirection	foreign	ec_darkpattern	unknown	1.0	original							
Wait! Take 10% off Your First Order Deal Expires Soon!	1	Urgency	foreign	ec_darkpattern	unknown	1.0	original							
Diamond Nose Studs	0	Not Dark Pattern	foreign	ec_darkpattern	unknown	1.0	original							
Perhaps you could...	0	Not Dark Pattern	foreign	ec_darkpattern	unknown	1.0	original							
CANCELLATION POLICY: If you are not completely satisfied with Yogi Surprise, you can cancel your membership and discontinue your monthly payments at any time. In order to cancel before you are renewed for the next shipment, you need to contact Yogi Surprise prior to the renewal date on the 14th of each month. Email: support@yogisurprise.com and we’ll respond promptly. If your membership has already renewed and you’d like to cancel an upcoming shipment, you must request cancellation by the 3rd of the month to be eligible for a refund. IF YOU DO NOT CANCEL PRIOR TO THE THIRD DAY OF A CALENDAR MONTH, YOU CANNOT BE REFUNDED FOR THAT MONTH’S SHIPMENT. WE DO NOT OFFER REFUNDS ON BOXES THAT HAVE ALREADY BEEN SHIPPED. To request cancellation, simply click here and submit the contact form or email us: support@yogisurprise.com. We’ll get back to promptly!	1	Obstruction	foreign	ec_darkpattern	unknown	1.0	original							
Limited Time Only! 20% Off	1	Urgency	foreign	ec_darkpattern	unknown	1.0	original							
Hurry, only 2 left in stock	1	Scarcity	foreign	ec_darkpattern	unknown	1.0	original							
 Casual V-Neck Sleeveless T-Shirt 	0	Not Dark Pattern	foreign	ec_darkpattern	unknown	1.0	original							
 Businesses in the EU buying from a business in the same country are also charged VAT.	0	Not Dark Pattern	foreign	ec_darkpattern	unknown	1.0	original							
Someone in Flemington, United States purchased Anti-Aging Eyelid Tape (Contains 100 Strips) Just now	1	Social Proof	foreign	ec_darkpattern	unknown	1.0	original							
Hurry only 8 items left!	1	Scarcity	foreign	ec_darkpattern	unknown	1.0	original							
 Shop 	0	Not Dark Pattern	foreign	ec_darkpattern	unknown	1.0	original							
Someone in United States just purchased a	1	Social Proof	foreign	ec_darkpattern	unknown	1.0	original							
LIMITED TIME: $10 OFF! DISCOUNT REFLECTED IN PRICE!	1	Urgency	foreign	ec_darkpattern	unknown	1.0	original							
 Rechargeable 	0	Not Dark Pattern	foreign	ec_darkpattern	unknown	1.0	original							
 Redeem Gift Certificates 	0	Not Dark Pattern	foreign	ec_darkpattern	unknown	1.0	original							
Hurry! 1 items left!	1	Scarcity	foreign	ec_darkpattern	unknown	1.0	original							
Muc-Off	0	Not Dark Pattern	foreign	ec_darkpattern	unknown	1.0	original							
Frequently Asked Questions	0	Not Dark Pattern	foreign	ec_darkpattern	unknown	1.0	original							
We value your input. Share your review so everyone else can enjoy it too.	0	Not Dark Pattern	foreign	ec_darkpattern	unknown	1.0	original							
Someone in Byron Bay, NSW just bought	1	Social Proof	foreign	ec_darkpattern	unknown	1.0	original							
Last 1 left	1	Scarcity	foreign	ec_darkpattern	unknown	1.0	original							
Limited quantity available	1	Scarcity	foreign	ec_darkpattern	unknown	1.0	original							
 ॐ Welcome to Devshoppe Sign In or Create an Account 	0	Not Dark Pattern	foreign	ec_darkpattern	unknown	1.0	original							
Code of Conduct	0	Not Dark Pattern	foreign	ec_darkpattern	unknown	1.0	original							
Macro Focussing Rails	0	Not Dark Pattern	foreign	ec_darkpattern	unknown	1.0	original							
Tactical Rifles	0	Not Dark Pattern	foreign	ec_darkpattern	unknown	1.0	original							
Bottoms Deals	0	Not Dark Pattern	foreign	ec_darkpattern	unknown	1.0	original							
Checkout within 04:10 so we don't run out of stock!	1	Urgency	foreign	ec_darkpattern	unknown	1.0	original							
3,081 people have viewed this item	1	Social Proof	foreign	ec_darkpattern	unknown	1.0	original							
 Champagne Taittinger 	0	Not Dark Pattern	foreign	ec_darkpattern	unknown	1.0	original							
Hurry! Only 7 left	1	Scarcity	foreign	ec_darkpattern	unknown	1.0	original							
19,302 people have added this item to cart	1	Social Proof	foreign	ec_darkpattern	unknown	1.0	original							
We will also send you an additional email confirming your renewal. Should you elect not to renew your Membership, you may cancel at any time prior to the renewal by emailing us at passportmembership@1800flowers.com and your credit/debit card on file with us will not be charged. A confirmation email will be sent to you. If you email to cancel after your Membership has been renewed, your credit/debit card will have been charged the then current paid annual membership fee for the Passport Program, however you may request, and 1-800-Flowers may grant, a pro-rata refund within its sole discretion based upon the extent that you may have utilized the benefits of the Passport Program and the period of time remaining on your paid Membership.	1	Obstruction	foreign	ec_darkpattern	unknown	1.0	original							
Howdy stranger, looks like your trail has hit a dead end.	0	Not Dark Pattern	foreign	ec_darkpattern	unknown	1.0	original							
 Maker Faire News 	0	Not Dark Pattern	foreign	ec_darkpattern	unknown	1.0	original							
31 people seeing this product right now	1	Social Proof	foreign	ec_darkpattern	unknown	1.0	original							
3 other people are currently viewing this item.	1	Social Proof	foreign	ec_darkpattern	unknown	1.0	original							
Favored By: 400 people!	1	Social Proof	foreign	ec_darkpattern	unknown	1.0	original							
 All Shoes 	0	Not Dark Pattern	foreign	ec_darkpattern	unknown	1.0	original							
 What's New New arrivals daily 	0	Not Dark Pattern	foreign	ec_darkpattern	unknown	1.0	original							
143 BOUGHT	1	Social Proof	foreign	ec_darkpattern	unknown	1.0	original							
WARNING! Only 5 left in stock!	1	Scarcity	foreign	ec_darkpattern	unknown	1.0	original							
No thanks, I've got too much cool Glock stuff!	1	Misdirection	foreign	ec_darkpattern	unknown	1.0	original							
43 added to bag in the last 48hrs	1	Social Proof	foreign	ec_darkpattern	unknown	1.0	original							
67% offers claimed. Hurry up!	1	Scarcity	foreign	ec_darkpattern	unknown	1.0	original							
Party & Birthday Novelties	0	Not Dark Pattern	foreign	ec_darkpattern	unknown	1.0	original							
 Temple Locks 	0	Not Dark Pattern	foreign	ec_darkpattern	unknown	1.0	original							
Sara from Philadelphia just saved $68 on her order.	1	Social Proof	foreign	ec_darkpattern	unknown	1.0	original							
17 people have viewed this wine today	1	Social Proof	foreign	ec_darkpattern	unknown	1.0	original							
 Data Processor: Amobee 	0	Not Dark Pattern	foreign	ec_darkpattern	unknown	1.0	original							
new merch coming soon	0	Not Dark Pattern	foreign	ec_darkpattern	unknown	1.0	original							
Prices subject to change without notice. Products shown may not be available in our stores.	0	Not Dark Pattern	foreign	ec_darkpattern	unknown	1.0	original							
Add your favourites to cart	0	Not Dark Pattern	foreign	ec_darkpattern	unknown	1.0	original							
Free Shipping On Orders Over $49* - Limited Time Only	1	Urgency	foreign	ec_darkpattern	unknown	1.0	original							
Someone in DOVER, United States just bought Crew 15 mins ago	1	Social Proof	foreign	ec_darkpattern	unknown	1.0	original							
 Payment Methods 	0	Not Dark Pattern	foreign	ec_darkpattern	unknown	1.0	original							
 Also notify me about New Arrivals! 	0	Not Dark Pattern	foreign	ec_darkpattern	unknown	1.0	original							
POSTED BY @missladywoolf#motoin	0	Not Dark Pattern	foreign	ec_darkpattern	unknown	1.0	original							
 All Personalised Gifts 	0	Not Dark Pattern	foreign	ec_darkpattern	unknown	1.0	original							
HURRY! ONLY 19 LEFT IN STOCK.	1	Scarcity	foreign	ec_darkpattern	unknown	1.0	original							
Massive Tax Time Sale See Discounts! Sale ends in	1	Urgency	foreign	ec_darkpattern	unknown	1.0	original							
Special sale ends in	1	Urgency	foreign	ec_darkpattern	unknown	1.0	original							
By clicking “Accept All Cookies”, you agree to the storing of cookies on your device to enhance site navigation, analyze site usage, and assist in our marketing efforts. 	0	Not Dark Pattern	foreign	ec_darkpattern	unknown	1.0	original							
Sorry! This product is no longer available	0	Not Dark Pattern	foreign	ec_darkpattern	unknown	1.0	original							
Brand: Ray-Ban® | Similar products from Ray-Ban®	0	Not Dark Pattern	foreign	ec_darkpattern	unknown	1.0	original							
No thanks, free stuff isn't for me.	1	Misdirection	foreign	ec_darkpattern	unknown	1.0	original							
Only 2 Left	1	Scarcity	foreign	ec_darkpattern	unknown	1.0	original							
 Colored Contact Lenses 	0	Not Dark Pattern	foreign	ec_darkpattern	unknown	1.0	original							
Israël in Metz, France purchased a More ADVANCED Chord Substitutions	1	Social Proof	foreign	ec_darkpattern	unknown	1.0	original							
In stock | 44 left	1	Scarcity	foreign	ec_darkpattern	unknown	1.0	original							
only 7 pieces left	1	Scarcity	foreign	ec_darkpattern	unknown	1.0	original							
Download Now	0	Not Dark Pattern	foreign	ec_darkpattern	unknown	1.0	original							
Beach Towels & Mats	0	Not Dark Pattern	foreign	ec_darkpattern	unknown	1.0	original							
ENDS IN - Flash Offer - TWO PAIRS OF SHOES FOR $319 PROMO CODE AUTO-APPLIED AT CHECKOUT! 0 Days : 16 Hours : 09 Minutes : 57 Seconds	1	Urgency	foreign	ec_darkpattern	unknown	1.0	original							
Hurry, limited quantities left!	1	Scarcity	foreign	ec_darkpattern	unknown	1.0	original							
Light Works	0	Not Dark Pattern	foreign	ec_darkpattern	unknown	1.0	original							
Both of these jerseys are awesome, I couldn’t have asked for better quality.	0	Not Dark Pattern	foreign	ec_darkpattern	unknown	1.0	original							
Only 14 left!	1	Scarcity	foreign	ec_darkpattern	unknown	1.0	original							
NO THANKS, I DON'T WANT 20% OFF MY ORDER	1	Misdirection	foreign	ec_darkpattern	unknown	1.0	original							
I already have this item. Do not add this to cart	1	Misdirection	foreign	ec_darkpattern	unknown	1.0	original							
Security Cameras	0	Not Dark Pattern	foreign	ec_darkpattern	unknown	1.0	original							
Cross Body	0	Not Dark Pattern	foreign	ec_darkpattern	unknown	1.0	original							
 -- Preeti Shenoy, author of THE RULE BREAKERS	0	Not Dark Pattern	foreign	ec_darkpattern	unknown	1.0	original							
Royal Python Vivariums	0	Not Dark Pattern	foreign	ec_darkpattern	unknown	1.0	original							
Stone Island Junior	0	Not Dark Pattern	foreign	ec_darkpattern	unknown	1.0	original							
ONLY 1 LEFT!	1	Scarcity	foreign	ec_darkpattern	unknown	1.0	original							
 Sustainably made	0	Not Dark Pattern	foreign	ec_darkpattern	unknown	1.0	original							
Bob's For Business	0	Not Dark Pattern	foreign	ec_darkpattern	unknown	1.0	original							
"""We'd love to send you emails with offers and new products from New Balance Athletics, Inc. but if you do not wish to receive these updates, please tick this box."	1	Misdirection	foreign	ec_darkpattern	unknown	1.0	original							
Boys Green School Uniforms	0	Not Dark Pattern	foreign	ec_darkpattern	unknown	1.0	original							
 Show Password 	0	Not Dark Pattern	foreign	ec_darkpattern	unknown	1.0	original							
Pay Securely with Trespass	0	Not Dark Pattern	foreign	ec_darkpattern	unknown	1.0	original							
Limited Stock!	1	Scarcity	foreign	ec_darkpattern	unknown	1.0	original							
 adidas Originals Stan Smith 	0	Not Dark Pattern	foreign	ec_darkpattern	unknown	1.0	original							
LIMITED TIME - BUY THE NEW PURPLE PLUSH PILLOW, GET ONE FREE	1	Urgency	foreign	ec_darkpattern	unknown	1.0	original							
 Functional Marketing Cookies	0	Not Dark Pattern	foreign	ec_darkpattern	unknown	1.0	original							
Limited Time Offers	1	Urgency	foreign	ec_darkpattern	unknown	1.0	original							
Someone in Bacchus Marsh bought a Noosa Basics Deodorant Stick - Sensitive (60g) 27 seconds ago	1	Social Proof	foreign	ec_darkpattern	unknown	1.0	original							
436 users are currently active on our website Just now	1	Social Proof	foreign	ec_darkpattern	unknown	1.0	original							
Exposed Membership (recurring subscription) and Cancellations  If You order with Exposed Membership, you are selecting a recurring billing subscription, where You will receive a new kit approximately every 60 days. You are able to cancel by contacting Exposed customer care at 1-866-404-7656, 8am – 4pm Pacific Time, M-F.  If You are part of our Monthly installment program, You will be billed in two monthly installments for each acne kit shipped. Each kit will be shipped every two months unless your membership is canceled. To cancel Your Exposed Membership, You must: 1. first pay in full for all kits that have been shipped 2. and, then contact Exposed customer care at 1-866-404-7656 8am – 4pm Pacific Time, M-F to process Your cancellation.	1	Obstruction	foreign	ec_darkpattern	unknown	1.0	original							
Sale Coats and Jackets	0	Not Dark Pattern	foreign	ec_darkpattern	unknown	1.0	original							
Shop By Brands	0	Not Dark Pattern	foreign	ec_darkpattern	unknown	1.0	original							
Did you know that Shaver heads need replacing every 12 - 18 months? Get the Shaver Guard cleaning spray to extend its life for up to another 6 months!	1	Misdirection	foreign	ec_darkpattern	unknown	1.0	original							
ROAD CLOTHING	0	Not Dark Pattern	foreign	ec_darkpattern	unknown	1.0	original							
No thanks, I don't want to build one.. I'd rather kick rocks!	1	Misdirection	foreign	ec_darkpattern	unknown	1.0	original							
 Menstrual Products 	0	Not Dark Pattern	foreign	ec_darkpattern	unknown	1.0	original							
4 SEATS LEFT	1	Scarcity	foreign	ec_darkpattern	unknown	1.0	original							
Someone in Keilor East bought a Piranta-Edge Skinning Knife - Blaze - Havalon Knives54 minutes ago	1	Social Proof	foreign	ec_darkpattern	unknown	1.0	original							
Shoes & Clothing	0	Not Dark Pattern	foreign	ec_darkpattern	unknown	1.0	original							
Imported	0	Not Dark Pattern	foreign	ec_darkpattern	unknown	1.0	original							
Will sell out fast!	1	Scarcity	foreign	ec_darkpattern	unknown	1.0	original							
Get it fast! 14 added to bag today	1	Social Proof	foreign	ec_darkpattern	unknown	1.0	original							
Herbaceous oil rich in anti-aging polyphenols.	0	Not Dark Pattern	foreign	ec_darkpattern	unknown	1.0	original							
HURRY! LESS THAN 129 LEFT.	1	Scarcity	foreign	ec_darkpattern	unknown	1.0	original							
Ken in Three Bridges, United States purchased All Zebrawood + Olive Ash	1	Social Proof	foreign	ec_darkpattern	unknown	1.0	original							
Only 3 left in stock	1	Scarcity	foreign	ec_darkpattern	unknown	1.0	original							
We only have 5 left!	1	Scarcity	foreign	ec_darkpattern	unknown	1.0	original							
Nah, I like paying full price	1	Misdirection	foreign	ec_darkpattern	unknown	1.0	original							
2 people have looked at this in the last couple of hrs.	1	Social Proof	foreign	ec_darkpattern	unknown	1.0	original							
Real time 30 Visitor right now	1	Social Proof	foreign	ec_darkpattern	unknown	1.0	original							
Drawstring Backpacks	0	Not Dark Pattern	foreign	ec_darkpattern	unknown	1.0	original							
Please note all products are made in limited quantities and we rarely restock - checkout now so you don't miss out!	1	Scarcity	foreign	ec_darkpattern	unknown	1.0	original							
No thanks, I don't like getting free stuff.	1	Misdirection	foreign	ec_darkpattern	unknown	1.0	original							
THIS PRODUCT HAS BEEN VIEWED 480 TIMES IN THE LAST 48 HOURS	1	Social Proof	foreign	ec_darkpattern	unknown	1.0	original							
HURRY! ONLY 2 LEFT!	1	Scarcity	foreign	ec_darkpattern	unknown	1.0	original							
Less than 7 left!	1	Scarcity	foreign	ec_darkpattern	unknown	1.0	original							
BOTTLES LEFT 3	1	Scarcity	foreign	ec_darkpattern	unknown	1.0	original							
Items reserved for 15:00	1	Urgency	foreign	ec_darkpattern	unknown	1.0	original							
ONLY 4 LEFT!	1	Scarcity	foreign	ec_darkpattern	unknown	1.0	original							
-90% discount if you order within 9:55:44	1	Urgency	foreign	ec_darkpattern	unknown	1.0	original							
 Latest looks from Myleene Klass Shop now 	0	Not Dark Pattern	foreign	ec_darkpattern	unknown	1.0	original							
Only 9 left in stock	1	Scarcity	foreign	ec_darkpattern	unknown	1.0	original							
ADD FOR BETTER RESULTS	1	Misdirection	foreign	ec_darkpattern	unknown	1.0	original							
 Affiliate 	0	Not Dark Pattern	foreign	ec_darkpattern	unknown	1.0	original							
Auto Delivery Program	0	Not Dark Pattern	foreign	ec_darkpattern	unknown	1.0	original							
Save $148.98AUD – 49% Off	1	Misdirection	foreign	ec_darkpattern	unknown	1.0	original							
Low Stock – Selling Fast	1	Scarcity	foreign	ec_darkpattern	unknown	1.0	original							
2 PEOPLE HAVE ADDED THIS ITEM TO THEIR CART TODAY	1	Social Proof	foreign	ec_darkpattern	unknown	1.0	original							
Only 6 left	1	Scarcity	foreign	ec_darkpattern	unknown	1.0	original							
Pro Boost Treatments	0	Not Dark Pattern	foreign	ec_darkpattern	unknown	1.0	original							
Baby Nursing & Feeding	0	Not Dark Pattern	foreign	ec_darkpattern	unknown	1.0	original							
4 bought in the last 24 hours.	1	Social Proof	foreign	ec_darkpattern	unknown	1.0	original							
We're offline	0	Not Dark Pattern	foreign	ec_darkpattern	unknown	1.0	original							
12 customers viewed this product today!	1	Social Proof	foreign	ec_darkpattern	unknown	1.0	original							
 Gemstone softwares 	0	Not Dark Pattern	foreign	ec_darkpattern	unknown	1.0	original							
Graphic Tanks	0	Not Dark Pattern	foreign	ec_darkpattern	unknown	1.0	original							
LOW STOCK (ONLY 10 LEFT!)	1	Scarcity	foreign	ec_darkpattern	unknown	1.0	original							
JOHN in Toowoomba City, Australia purchased a Resin Tank 7 hours ago	1	Social Proof	foreign	ec_darkpattern	unknown	1.0	original							
 V-neck Printed Loose Short-sleeved T-shirt 	0	Not Dark Pattern	foreign	ec_darkpattern	unknown	1.0	original							
Limited Time Only · Online Only	1	Urgency	foreign	ec_darkpattern	unknown	1.0	original							
 Teething Remedies 	0	Not Dark Pattern	foreign	ec_darkpattern	unknown	1.0	original							
Partnerships	0	Not Dark Pattern	foreign	ec_darkpattern	unknown	1.0	original							
Accord remotes	0	Not Dark Pattern	foreign	ec_darkpattern	unknown	1.0	original							
72 Viewing This Product	1	Social Proof	foreign	ec_darkpattern	unknown	1.0	original							
Something went wrong. Please try again	0	Not Dark Pattern	foreign	ec_darkpattern	unknown	1.0	original							
 Coloured Pencils 	0	Not Dark Pattern	foreign	ec_darkpattern	unknown	1.0	original							
Only 1 left in stock!	1	Scarcity	foreign	ec_darkpattern	unknown	1.0	original							
Only 9 units left in stock online.	1	Scarcity	foreign	ec_darkpattern	unknown	1.0	original							
Feeding Nightwear	0	Not Dark Pattern	foreign	ec_darkpattern	unknown	1.0	original							
 Gift Card FAQs 	0	Not Dark Pattern	foreign	ec_darkpattern	unknown	1.0	original							
Someone in Canberra purchased\nADV.2 (Austracantha) about 41 minutes ago	1	Social Proof	foreign	ec_darkpattern	unknown	1.0	original							
Ducted Vacuum Cleaners	0	Not Dark Pattern	foreign	ec_darkpattern	unknown	1.0	original							
Work Solid Simple Crew Neck Half Sleeve Top	0	Not Dark Pattern	foreign	ec_darkpattern	unknown	1.0	original							
No thank you, I prefer to pay for shipping.	1	Misdirection	foreign	ec_darkpattern	unknown	1.0	original							
White Plus Size Clothing	0	Not Dark Pattern	foreign	ec_darkpattern	unknown	1.0	original							
No thanks, I don't like exclusive offers	1	Misdirection	foreign	ec_darkpattern	unknown	1.0	original							
273 units sold in the last 30 days	1	Social Proof	foreign	ec_darkpattern	unknown	1.0	original							
No thanks, I'll just pay full price.	1	Misdirection	foreign	ec_darkpattern	unknown	1.0	original							
No, I'd rather do it the hard way...	1	Misdirection	foreign	ec_darkpattern	unknown	1.0	original							
User interface customization persistent cookies are used to store a user’s preference regarding a service. Please note that these cookies are exempt from consent.	0	Not Dark Pattern	foreign	ec_darkpattern	unknown	1.0	original							
After getting my jersey on Monday, I am hooked on CoolHockey. I will surely be buying from CoolHockey from now on.	0	Not Dark Pattern	foreign	ec_darkpattern	unknown	1.0	original							
Congratulations! You qualify to receive Rechargeable 10-Function Bullet Vibe for FREE!	1	Misdirection	foreign	ec_darkpattern	unknown	1.0	original							
Other 2 customers have it in their cart.	1	Social Proof	foreign	ec_darkpattern	unknown	1.0	original							
Elegant A Line Chiffon V-neck Long Sleeve Bridesmaid Dress with Pleats and Ruching	0	Not Dark Pattern	foreign	ec_darkpattern	unknown	1.0	original							
White Camo Windbreaker - Rock N' Roll	0	Not Dark Pattern	foreign	ec_darkpattern	unknown	1.0	original							
xB Remotes	0	Not Dark Pattern	foreign	ec_darkpattern	unknown	1.0	original							
 Football Boots 	0	Not Dark Pattern	foreign	ec_darkpattern	unknown	1.0	original							
Selling fast! Add to bag 7 times in the last 48 hours.	1	Social Proof	foreign	ec_darkpattern	unknown	1.0	original							
Only 2 items left	1	Scarcity	foreign	ec_darkpattern	unknown	1.0	original							
Marc in Newton, United States purchasedKTM Stand Plate Large KTM...	1	Social Proof	foreign	ec_darkpattern	unknown	1.0	original							
Sandeep in Hawthorne, California bought Sadie Ponte Pants - Black Just Now	1	Social Proof	foreign	ec_darkpattern	unknown	1.0	original							
Lifestyle / Music	0	Not Dark Pattern	foreign	ec_darkpattern	unknown	1.0	original							
Only 1 unit left in stock	1	Scarcity	foreign	ec_darkpattern	unknown	1.0	original							
LOW IN STOCK!! GET YOURS NOW	1	Scarcity	foreign	ec_darkpattern	unknown	1.0	original							
Laurie in Urraween, Queensland bought No Brainer USB Charging Anti-Theft Backpack	1	Social Proof	foreign	ec_darkpattern	unknown	1.0	original							
High Arches	0	Not Dark Pattern	foreign	ec_darkpattern	unknown	1.0	original							
Contract free	0	Not Dark Pattern	foreign	ec_darkpattern	unknown	1.0	original							
Someone in Cedarhurst, United States purchased a Sproet and Sprout Shell/Violet Stripe Bloomers	1	Social Proof	foreign	ec_darkpattern	unknown	1.0	original							
Your order is prioritized for 13:22 minutes!	1	Urgency	foreign	ec_darkpattern	unknown	1.0	original							
How Do I Rinse Off My Overnight Hair Oil Treatment?	0	Not Dark Pattern	foreign	ec_darkpattern	unknown	1.0	original							
Black Jewelry	0	Not Dark Pattern	foreign	ec_darkpattern	unknown	1.0	original							
Cart will expire in 08:19 minutes!	1	Urgency	foreign	ec_darkpattern	unknown	1.0	original							
Time remaining: 04:50	1	Urgency	foreign	ec_darkpattern	unknown	1.0	original							
0:44:56	1	Urgency	foreign	ec_darkpattern	unknown	1.0	original							
 Watches & Accessories 	0	Not Dark Pattern	foreign	ec_darkpattern	unknown	1.0	original							
No thanks, I don't like free stuff	1	Misdirection	foreign	ec_darkpattern	unknown	1.0	original							
DAYS HRS MINS SECS	1	Urgency	foreign	ec_darkpattern	unknown	1.0	original							
"Here for a limited time. 4.5"" Red Bottle Sticker w/ Adam's Logo"	1	Urgency	foreign	ec_darkpattern	unknown	1.0	original							
Limited time offer.	1	Urgency	foreign	ec_darkpattern	unknown	1.0	original							
3 left	1	Scarcity	foreign	ec_darkpattern	unknown	1.0	original							
Someone in Faizabad just bought: Pretty Love Penis Sleeve 7 inch an hour 2 minutes ago	1	Social Proof	foreign	ec_darkpattern	unknown	1.0	original							
Limited Time Remaining!	1	Urgency	foreign	ec_darkpattern	unknown	1.0	original							
I WANT TO PAY MORE LATER ;)	1	Misdirection	foreign	ec_darkpattern	unknown	1.0	original							
Limited Time Only - Up to 30% OFF Freshwater Plants! SHOP NOW >	1	Urgency	foreign	ec_darkpattern	unknown	1.0	original							
Back by Demand	0	Not Dark Pattern	foreign	ec_darkpattern	unknown	1.0	original							
ONLY 5 LEFT, HURRY!	1	Scarcity	foreign	ec_darkpattern	unknown	1.0	original							
Functional Cookies	0	Not Dark Pattern	foreign	ec_darkpattern	unknown	1.0	original							
Flash Sale ends in SHOP NOW  	1	Urgency	foreign	ec_darkpattern	unknown	1.0	original							
 Born for adventures across land, desert, and ice. Cruise over Tarmac-free roads or adapt it to be your 'do anything' commuter. 	0	Not Dark Pattern	foreign	ec_darkpattern	unknown	1.0	original							
Performance Cookies	0	Not Dark Pattern	foreign	ec_darkpattern	unknown	1.0	original							
I am very pleased with the service I received.	0	Not Dark Pattern	foreign	ec_darkpattern	unknown	1.0	original							
7 customers have this in their basket	1	Social Proof	foreign	ec_darkpattern	unknown	1.0	original							
Jacob in Seymour, Wisconsin, United States purchased a Bass XL just now!	1	Social Proof	foreign	ec_darkpattern	unknown	1.0	original							
Hurry! Only 9 left in stock.	1	Scarcity	foreign	ec_darkpattern	unknown	1.0	original							
 shop by trend 	0	Not Dark Pattern	foreign	ec_darkpattern	unknown	1.0	original							
13:09:27 HOURS MINUTES SECONDS Sale Ends Once The Timer Hits Zero!	1	Urgency	foreign	ec_darkpattern	unknown	1.0	original							
Delivery & support	0	Not Dark Pattern	foreign	ec_darkpattern	unknown	1.0	original							
SHOP TRIATHLON	0	Not Dark Pattern	foreign	ec_darkpattern	unknown	1.0	original							
The product you requested is not available in the selected country	0	Not Dark Pattern	foreign	ec_darkpattern	unknown	1.0	original							
No thanks, I don't like winning	1	Misdirection	foreign	ec_darkpattern	unknown	1.0	original							
You choose: just one box, or a  Madison Reed Membership?	1	Misdirection	foreign	ec_darkpattern	unknown	1.0	original							
Baby Cross Stitch & Embroidery Patterns	0	Not Dark Pattern	foreign	ec_darkpattern	unknown	1.0	original							
HHR remotes	0	Not Dark Pattern	foreign	ec_darkpattern	unknown	1.0	original							
No, I Don't Like Discounts	1	Misdirection	foreign	ec_darkpattern	unknown	1.0	original							
LIMITED TIME BLOW OUT SALE UP TO 70% OFF! 110% BEST PRICE GUARANTEE!	1	Urgency	foreign	ec_darkpattern	unknown	1.0	original							
$69.50 For A Limited Time Details	1	Urgency	foreign	ec_darkpattern	unknown	1.0	original							
 Accessibility statement 	0	Not Dark Pattern	foreign	ec_darkpattern	unknown	1.0	original							
Hurry! Only 1 Left In Stock	1	Scarcity	foreign	ec_darkpattern	unknown	1.0	original							
2,221 people have purchased this item	1	Social Proof	foreign	ec_darkpattern	unknown	1.0	original							
No, thanks. I'd prefer not to save.	1	Misdirection	foreign	ec_darkpattern	unknown	1.0	original							
SAVE $200 OFF PUFFY	1	Urgency	foreign	ec_darkpattern	unknown	1.0	original							
 Data Processor Privacy Policy: https://triplelift.com/privacy 	0	Not Dark Pattern	foreign	ec_darkpattern	unknown	1.0	original							
Tambria in Hattiesburg just bought Peruvian Virgin Natural Wave Hair 3 Bundles with Lace Frontal, 100% Human Virgin Hair 	1	Social Proof	foreign	ec_darkpattern	unknown	1.0	original							
1 item left	1	Scarcity	foreign	ec_darkpattern	unknown	1.0	original							
Order without free membership $69.95	1	Misdirection	foreign	ec_darkpattern	unknown	1.0	original							
 This product can expose you to chemicals including Hexavalent which is known to the State of California to cause cancer on birth defects or other reproductive harm. For more information, visit 	0	Not Dark Pattern	foreign	ec_darkpattern	unknown	1.0	original							
Someone in Vancouver, Washington purchased a Orthofeet Men's Orthotic Insoles about 38 minutes	1	Social Proof	foreign	ec_darkpattern	unknown	1.0	original							
Only 5 left!	1	Scarcity	foreign	ec_darkpattern	unknown	1.0	original							
 Brushes 	0	Not Dark Pattern	foreign	ec_darkpattern	unknown	1.0	original							
Rose in Portland, United States purchased Green Eco-Friendly iPhone XR Case about 54 minutes ago	1	Social Proof	foreign	ec_darkpattern	unknown	1.0	original							
 Data Processor Privacy Policy: https://casalemedia.com/ 	0	Not Dark Pattern	foreign	ec_darkpattern	unknown	1.0	original							
No thanks, I'll still want to pay full price	1	Misdirection	foreign	ec_darkpattern	unknown	1.0	original							
Only 3 Left in Stock!	1	Scarcity	foreign	ec_darkpattern	unknown	1.0	original							
Limited time - final price reflects extra 29% off	1	Urgency	foreign	ec_darkpattern	unknown	1.0	original							
Hurry! Only 6 left in stock.	1	Scarcity	foreign	ec_darkpattern	unknown	1.0	original							
 We value your privacy We use cookies to improve your website experience. We also use third-party cookies for marketing purposes. Learn more. 	0	Not Dark Pattern	foreign	ec_darkpattern	unknown	1.0	original							
 Unstitched Fabric 	0	Not Dark Pattern	foreign	ec_darkpattern	unknown	1.0	original							
 Polar Lights II 	0	Not Dark Pattern	foreign	ec_darkpattern	unknown	1.0	original							
Shop by Health Goals	0	Not Dark Pattern	foreign	ec_darkpattern	unknown	1.0	original							
No thanks, I'm not interested	1	Misdirection	foreign	ec_darkpattern	unknown	1.0	original							
Customer also shopped for	1	Misdirection	foreign	ec_darkpattern	unknown	1.0	original							
Shop Safely And Securely	0	Not Dark Pattern	foreign	ec_darkpattern	unknown	1.0	original							
 powered by: Cookie Information 	0	Not Dark Pattern	foreign	ec_darkpattern	unknown	1.0	original							
Free Shipping & Easy Returns always! 	0	Not Dark Pattern	foreign	ec_darkpattern	unknown	1.0	original							
Combination	0	Not Dark Pattern	foreign	ec_darkpattern	unknown	1.0	original							
No Thanks, I Don't Want To Save	1	Misdirection	foreign	ec_darkpattern	unknown	1.0	original							
QUANTITY: *ONLY 1 LEFT	1	Scarcity	foreign	ec_darkpattern	unknown	1.0	original							
6 customers have this in their basket	1	Social Proof	foreign	ec_darkpattern	unknown	1.0	original							
GCC Compliance	0	Not Dark Pattern	foreign	ec_darkpattern	unknown	1.0	original							
 Please try again 	0	Not Dark Pattern	foreign	ec_darkpattern	unknown	1.0	original							
How Do Our Crystals Looks in Real Life?	0	Not Dark Pattern	foreign	ec_darkpattern	unknown	1.0	original							
No thanks, I want to pay full price	1	Misdirection	foreign	ec_darkpattern	unknown	1.0	original							
commonpandacom@commonpandacom	0	Not Dark Pattern	foreign	ec_darkpattern	unknown	1.0	original							
Yes, I Want To Save Money!No Thanks	1	Misdirection	foreign	ec_darkpattern	unknown	1.0	original							
OFFER ENDS IN: 00:32:04 TIME IS RUNNING OUT!	1	Urgency	foreign	ec_darkpattern	unknown	1.0	original							
ONLY $1.99 FOR YOUR FIRST SIX MONTHS, THEN EACH YEAR YOUR MEMBERSHIP WILL AUTOMATICALLY RENEW FOR $39.99 AND BE CHARGED TO YOUR CREDIT/DEBIT CARD ON FILE. CANCEL YOUR VIP MEMBERSHIP ANY TIME TO RECEIVE A PRORATED REFUND BY CALLING (800) 543-7309. BY SUBMITTING YOUR ORDER, YOU AGREE TO THESE VIP MEMBERSHIP TERMS.	1	Obstruction	foreign	ec_darkpattern	unknown	1.0	original							
Only 4 left in this size!	1	Scarcity	foreign	ec_darkpattern	unknown	1.0	original							
You might also like	0	Not Dark Pattern	foreign	ec_darkpattern	unknown	1.0	original							
Shop By Fabric	0	Not Dark Pattern	foreign	ec_darkpattern	unknown	1.0	original							
Chirag in Anoopshahr just got the JAYS - a-JAYS One+ about 17 minutes ago	1	Social Proof	foreign	ec_darkpattern	unknown	1.0	original							
 View all Ink categories 	0	Not Dark Pattern	foreign	ec_darkpattern	unknown	1.0	original							
 Intercoastal Performance Pant - True Navy 	0	Not Dark Pattern	foreign	ec_darkpattern	unknown	1.0	original							
NO THANKS, I DON’T WANT 15% OFF	1	Misdirection	foreign	ec_darkpattern	unknown	1.0	original							
Bike Parts & Components	0	Not Dark Pattern	foreign	ec_darkpattern	unknown	1.0	original							
🔥👁️ 1 person is viewing this.	1	Social Proof	foreign	ec_darkpattern	unknown	1.0	original							
Estimated VAT overview	0	Not Dark Pattern	foreign	ec_darkpattern	unknown	1.0	original							
 Your company account is blocked and you cannot place orders. If you have questions, please contact your company administrator. 	0	Not Dark Pattern	foreign	ec_darkpattern	unknown	1.0	original							
Hand & Foot Skin Care	0	Not Dark Pattern	foreign	ec_darkpattern	unknown	1.0	original							
 Best Deals of the Month: April Edition 	0	Not Dark Pattern	foreign	ec_darkpattern	unknown	1.0	original							
Hurry up! Only 4 left in stock	1	Scarcity	foreign	ec_darkpattern	unknown	1.0	original							
Accent Chairs	0	Not Dark Pattern	foreign	ec_darkpattern	unknown	1.0	original							
No thanks, I don't like to save	1	Misdirection	foreign	ec_darkpattern	unknown	1.0	original							
 Subscribe To Us Subscribe 	0	Not Dark Pattern	foreign	ec_darkpattern	unknown	1.0	original							
Customers also bought	1	Misdirection	foreign	ec_darkpattern	unknown	1.0	original							
407 customers have viewed this item recently	1	Social Proof	foreign	ec_darkpattern	unknown	1.0	original							
Only 1 item(s) left in stock	1	Scarcity	foreign	ec_darkpattern	unknown	1.0	original							
 Kyanite Beads 	0	Not Dark Pattern	foreign	ec_darkpattern	unknown	1.0	original							
No, I don't want great deals.	1	Misdirection	foreign	ec_darkpattern	unknown	1.0	original							
I have a strong liking to walnut. Even the sapwood can look very presentable when finished good. Thus cutting board is a great item for use and conversation and looks good. 	0	Not Dark Pattern	foreign	ec_darkpattern	unknown	1.0	original							
Holland Cooper	0	Not Dark Pattern	foreign	ec_darkpattern	unknown	1.0	original							
Recovery Best Sellers	0	Not Dark Pattern	foreign	ec_darkpattern	unknown	1.0	original							
Viewed 1040 times in the last 7 days	1	Social Proof	foreign	ec_darkpattern	unknown	1.0	original							
U.S. Vape Mail Ban FAQs	0	Not Dark Pattern	foreign	ec_darkpattern	unknown	1.0	original							
異業合作 Cooperation	0	Not Dark Pattern	foreign	ec_darkpattern	unknown	1.0	original							
6 people have looked at this in the last few hrs.	1	Social Proof	foreign	ec_darkpattern	unknown	1.0	original							
Limited-time Offer: Bundle a base and get 20% off	1	Misdirection	foreign	ec_darkpattern	unknown	1.0	original							
Sale Womens Clothing	0	Not Dark Pattern	foreign	ec_darkpattern	unknown	1.0	original							
Why I chose this:	0	Not Dark Pattern	foreign	ec_darkpattern	unknown	1.0	original							
TWO FREE PILLOWS AND 30% OFF WITH PROMO CODE	1	Misdirection	foreign	ec_darkpattern	unknown	1.0	original							
View Alternatives	0	Not Dark Pattern	foreign	ec_darkpattern	unknown	1.0	original							
11 11 Hours: 00 22 Minutes: 3223 3223 Seconds Sale Ends Once The Timer Hits Zero!	1	Urgency	foreign	ec_darkpattern	unknown	1.0	original							
Security is our top priority. Our subscription payments are powered by Stripe and ReCharge, processed in a secure PCI-compliant environment to the highest industry standards. Ketolent staff never know your credit card number.	0	Not Dark Pattern	foreign	ec_darkpattern	unknown	1.0	original							
Jim in Houston, USA purchased Pure Ratios: Hemp Oil CBD Patch (40mg CBD)	1	Social Proof	foreign	ec_darkpattern	unknown	1.0	original							
Only 22 left in stock!	1	Scarcity	foreign	ec_darkpattern	unknown	1.0	original							
ADD WORLD'S MOST COMFORTABLE CHAIRS	1	Misdirection	foreign	ec_darkpattern	unknown	1.0	original							
ONLY 3 LEFT IN STOCK!	1	Scarcity	foreign	ec_darkpattern	unknown	1.0	original							
Watch how its done	0	Not Dark Pattern	foreign	ec_darkpattern	unknown	1.0	original							
 View all Oil & Acrylic Brushes categories 	0	Not Dark Pattern	foreign	ec_darkpattern	unknown	1.0	original							
Get Personalised Health PlanGet Health Plan	0	Not Dark Pattern	foreign	ec_darkpattern	unknown	1.0	original							
Someone in Louisville Kentucky United States Purchased Gold Presidential Bracelet With Watch Buckle 9 hours ago	1	Social Proof	foreign	ec_darkpattern	unknown	1.0	original							
LESS THAN 5 LEFT!	1	Scarcity	foreign	ec_darkpattern	unknown	1.0	original							
[new-troh-pick]	0	Not Dark Pattern	foreign	ec_darkpattern	unknown	1.0	original							
ADHD Friendly Profile: this profile significantly reduces distractions and noise to help people with ADHD, and Neurodevelopmental disorders browse, read, and focus on the essential elements more easily.	0	Not Dark Pattern	foreign	ec_darkpattern	unknown	1.0	original							
Long and Tall	0	Not Dark Pattern	foreign	ec_darkpattern	unknown	1.0	original							
This offer is only VALID if you add to cart now!	1	Misdirection	foreign	ec_darkpattern	unknown	1.0	original							
Sign up for the latest updates, products and offers	0	Not Dark Pattern	foreign	ec_darkpattern	unknown	1.0	original							
Subscribing means you agree to receive our emails, more details please refer to ourprivacy policy.	0	Not Dark Pattern	foreign	ec_darkpattern	unknown	1.0	original							
 Shop Sale by Print 	0	Not Dark Pattern	foreign	ec_darkpattern	unknown	1.0	original							
Flash Sale Alert! You can now buy Utorch Corridor Porch Aisle Lights from Gearbest.com for only $7.99 (47% off). Hurry up, limited time offer!	1	Urgency	foreign	ec_darkpattern	unknown	1.0	original							
Only 9 left	1	Scarcity	foreign	ec_darkpattern	unknown	1.0	original							
Our items sell fast, don't miss out!	1	Scarcity	foreign	ec_darkpattern	unknown	1.0	original							
Your order has been reserved for	1	Urgency	foreign	ec_darkpattern	unknown	1.0	original							
Sale ends soon	1	Urgency	foreign	ec_darkpattern	unknown	1.0	original							
only 5 left in stock	1	Scarcity	foreign	ec_darkpattern	unknown	1.0	original							
135 people have this in their cart	1	Social Proof	foreign	ec_darkpattern	unknown	1.0	original							
The Hoop Destination. Discover more	0	Not Dark Pattern	foreign	ec_darkpattern	unknown	1.0	original							
Tight Bud	0	Not Dark Pattern	foreign	ec_darkpattern	unknown	1.0	original							
6 other people looking at this item	1	Social Proof	foreign	ec_darkpattern	unknown	1.0	original							
selected language日本語currencyJPY	0	Not Dark Pattern	foreign	ec_darkpattern	unknown	1.0	original							
Great choice!	0	Not Dark Pattern	foreign	ec_darkpattern	unknown	1.0	original							
Only 1 items left	1	Scarcity	foreign	ec_darkpattern	unknown	1.0	original							
Would you like to purchase an Extended Protection Plan?	1	Misdirection	foreign	ec_darkpattern	unknown	1.0	original							
ONLY 14 LEFT AT THIS PRICE	1	Scarcity	foreign	ec_darkpattern	unknown	1.0	original							
Not sold separately	0	Not Dark Pattern	foreign	ec_darkpattern	unknown	1.0	original							
16 recently purchased it.	1	Social Proof	foreign	ec_darkpattern	unknown	1.0	original							
Plus Size Ripped Jeans	0	Not Dark Pattern	foreign	ec_darkpattern	unknown	1.0	original							
 Redirecting to Futech Deals for secure checkout... 	0	Not Dark Pattern	foreign	ec_darkpattern	unknown	1.0	original							
Football	0	Not Dark Pattern	foreign	ec_darkpattern	unknown	1.0	original							
 All Men's Brands 	0	Not Dark Pattern	foreign	ec_darkpattern	unknown	1.0	original							
*Freight/Higher Freight charges may apply to some areas. Click here to view Shipping Policy	0	Not Dark Pattern	foreign	ec_darkpattern	unknown	1.0	original							
Long Sleeves Nightwear	0	Not Dark Pattern	foreign	ec_darkpattern	unknown	1.0	original							
Faith in Glendale, United States purchased a Choose Your Flavors 5 Bag Sample Pack (Whole Bean) about 1 hour ago	1	Social Proof	foreign	ec_darkpattern	unknown	1.0	original							
 Hairy Chest T-Shirt And Shorts Combo 	0	Not Dark Pattern	foreign	ec_darkpattern	unknown	1.0	original							
Covered all grays	0	Not Dark Pattern	foreign	ec_darkpattern	unknown	1.0	original							
7 sold in the last 48 hours	1	Social Proof	foreign	ec_darkpattern	unknown	1.0	original							
 Menthol Flavors 	0	Not Dark Pattern	foreign	ec_darkpattern	unknown	1.0	original							
Someone in Alexandria, United States just bought TTDeye Queen Green Colored Contact Lenses	1	Social Proof	foreign	ec_darkpattern	unknown	1.0	original							
FLASH 19:15:22	1	Urgency	foreign	ec_darkpattern	unknown	1.0	original							
Only available for a LIMITED TIME, so get yours TODAY!	1	Urgency	foreign	ec_darkpattern	unknown	1.0	original							
2 in stock	1	Scarcity	foreign	ec_darkpattern	unknown	1.0	original							
Oxfords & Loafers	0	Not Dark Pattern	foreign	ec_darkpattern	unknown	1.0	original							
Only 9 items left!	1	Scarcity	foreign	ec_darkpattern	unknown	1.0	original							
Reloading & Ammunition	0	Not Dark Pattern	foreign	ec_darkpattern	unknown	1.0	original							
Someone purchased a FORWARD REVIVE WOMEN'S RED WHITE HUSTLE T-SHIRT 32 minutes ago	1	Social Proof	foreign	ec_darkpattern	unknown	1.0	original							
Joe M from , Bought a Cartoon Caterpillar Rigged 3D Model Recently	1	Social Proof	foreign	ec_darkpattern	unknown	1.0	original							
Annie in Cheras, Malaysia just bought: An Abundance of Flowers - Van-Go Paint-By-Number Kit	1	Social Proof	foreign	ec_darkpattern	unknown	1.0	original							
Read More 	0	Not Dark Pattern	foreign	ec_darkpattern	unknown	1.0	original							
Ketolent subscriptions have no long term contracts. Pause, cancel, or change at any time. Want to swap Vanilla for Chocolate, or set up to renew every 3 weeks? No problem! Send us an email to help@ketolent.com and we'll make the change for you.	1	Obstruction	foreign	ec_darkpattern	unknown	1.0	original							
Selling Fast	1	Scarcity	foreign	ec_darkpattern	unknown	1.0	original							
NO THANKS, I'D RATHER PAY FULL PRICE	1	Misdirection	foreign	ec_darkpattern	unknown	1.0	original							
 Stone Cold Steve Austin 	0	Not Dark Pattern	foreign	ec_darkpattern	unknown	1.0	original							
92 customers bought this in the last 48 hours	1	Social Proof	foreign	ec_darkpattern	unknown	1.0	original							
An item you ordered is in high demand. No worries, we have reserved your order.	1	Scarcity	foreign	ec_darkpattern	unknown	1.0	original							
Click and Collect T&C	0	Not Dark Pattern	foreign	ec_darkpattern	unknown	1.0	original							
Someone added 1pc 4ocean natural stone beads beaded bracelet men boho handmade to their cart RIGHT NOW	1	Social Proof	foreign	ec_darkpattern	unknown	1.0	original							
LIMITED TIME ONLY 10 OFF 50 SPEND NEW CUSTOMERS ONLY - TERMS & CONDITIONS APPLY	1	Urgency	foreign	ec_darkpattern	unknown	1.0	original							
Shirts & Blouses	0	Not Dark Pattern	foreign	ec_darkpattern	unknown	1.0	original							
Different Types of Gold	0	Not Dark Pattern	foreign	ec_darkpattern	unknown	1.0	original							
HURRY! ONLY 14 LEFT IN STOCK.	1	Scarcity	foreign	ec_darkpattern	unknown	1.0	original							
The best!	0	Not Dark Pattern	foreign	ec_darkpattern	unknown	1.0	original							
HURRY, THERE ARE ONLY 9 ITEM(S) LEFT!	1	Scarcity	foreign	ec_darkpattern	unknown	1.0	original							
 Tracksuit	0	Not Dark Pattern	foreign	ec_darkpattern	unknown	1.0	original							
Trending Style! Sold 4 times today	1	Social Proof	foreign	ec_darkpattern	unknown	1.0	original							
Long African American Wigs	0	Not Dark Pattern	foreign	ec_darkpattern	unknown	1.0	original							
Only one left in stock - order soon!	1	Scarcity	foreign	ec_darkpattern	unknown	1.0	original							
Hurry, only 1 left in stock!	1	Scarcity	foreign	ec_darkpattern	unknown	1.0	original							
Trending now! Added to basket 490 times today	1	Social Proof	foreign	ec_darkpattern	unknown	1.0	original							
Almost Famous Jeans	0	Not Dark Pattern	foreign	ec_darkpattern	unknown	1.0	original							
No Thanks, I Don't Like Saving Money.	1	Misdirection	foreign	ec_darkpattern	unknown	1.0	original							
Professional Color Tool Kit / Addons	1	Misdirection	foreign	ec_darkpattern	unknown	1.0	original							
 Tweet Share Pin It Add Email 	0	Not Dark Pattern	foreign	ec_darkpattern	unknown	1.0	original							
 Tights 	0	Not Dark Pattern	foreign	ec_darkpattern	unknown	1.0	original							
Only 5 left	1	Scarcity	foreign	ec_darkpattern	unknown	1.0	original							
Wireless Microphone	0	Not Dark Pattern	foreign	ec_darkpattern	unknown	1.0	original							
Only 15 left in stock	1	Scarcity	foreign	ec_darkpattern	unknown	1.0	original							
Limited Quantity	1	Scarcity	foreign	ec_darkpattern	unknown	1.0	original							
Cap Construction	0	Not Dark Pattern	foreign	ec_darkpattern	unknown	1.0	original							
 Need Help Finding The Right Product? 	0	Not Dark Pattern	foreign	ec_darkpattern	unknown	1.0	original							
Body Washes	0	Not Dark Pattern	foreign	ec_darkpattern	unknown	1.0	original							
ONLY 2 LEFT	1	Scarcity	foreign	ec_darkpattern	unknown	1.0	original							
Matthew in Charleston, South Carolina just purchased The Puffy Lux Mattress	1	Social Proof	foreign	ec_darkpattern	unknown	1.0	original							
LIVE REMAINING STOCK	1	Scarcity	foreign	ec_darkpattern	unknown	1.0	original							
Brand: NFL Pro Line by Fanatics Branded	0	Not Dark Pattern	foreign	ec_darkpattern	unknown	1.0	original							
339 users are currently active on our website	1	Social Proof	foreign	ec_darkpattern	unknown	1.0	original							
Please Order Within: 0 0 : 0 2 : 4 1 : 10 65	1	Urgency	foreign	ec_darkpattern	unknown	1.0	original							
Baby Boy Jumpsuits and Rompers	0	Not Dark Pattern	foreign	ec_darkpattern	unknown	1.0	original							
Nah, I'll pay full price	1	Misdirection	foreign	ec_darkpattern	unknown	1.0	original							
Like many websites, we share certain information, such as your IP address, device ID or similar online identifier, with certain third parties, such as social networks and advertising networks. This information is used to personalize advertising you see after you’ve visited our website. The California Consumer Privacy Act (“CCPA”) considers our sharing of that information in this manner to be a “sale.”For more information about the First and Third Party Cookies used please follow this link.	0	Not Dark Pattern	foreign	ec_darkpattern	unknown	1.0	original							
Choose which store you would like to visit	0	Not Dark Pattern	foreign	ec_darkpattern	unknown	1.0	original							
You may cancel or renew your membership to the VIP Program or find out more information about your VIP Program subscription, including your annual expiration date, by contacting support@grove.co.	1	Obstruction	foreign	ec_darkpattern	unknown	1.0	original							
No Thanks, I like paying full price.	1	Misdirection	foreign	ec_darkpattern	unknown	1.0	original							
Popular Item! 🔥 16 people are viewing this and 18 recently purchased it.	1	Social Proof	foreign	ec_darkpattern	unknown	1.0	original							
Ida in Tangerang Selatan, Indonesia purchased Iseya VG10 G-Series 33 layer Damascus Japanese Chef's Santoku Knife , 180mm about 1 hour ago	1	Social Proof	foreign	ec_darkpattern	unknown	1.0	original							
3 items left	1	Scarcity	foreign	ec_darkpattern	unknown	1.0	original							
ONLY 52 items left in stock!	1	Scarcity	foreign	ec_darkpattern	unknown	1.0	original							
Cracked Nipples	0	Not Dark Pattern	foreign	ec_darkpattern	unknown	1.0	original							
Only 2 left in stock	1	Scarcity	foreign	ec_darkpattern	unknown	1.0	original							
Fave x GrabPay	0	Not Dark Pattern	foreign	ec_darkpattern	unknown	1.0	original							
No thanks, I'll pay full price!	1	Misdirection	foreign	ec_darkpattern	unknown	1.0	original							
If you wish to cancel a membership, please contact our Customer Services Department on UK: +44 808 164 8264 (standard local call charges will apply) or via email on customer.service@beautypie.com. You can also contact the Customer Services Department by post at: Beauty Pie Limited, Customer Service Department, The Point, 210 New Kings Road, London SW6 5NZ, United Kingdom. Please quote your order number in all correspondence.	1	Obstruction	foreign	ec_darkpattern	unknown	1.0	original							
Only 4 left In Stock	1	Scarcity	foreign	ec_darkpattern	unknown	1.0	original							
 Flex Mount 	0	Not Dark Pattern	foreign	ec_darkpattern	unknown	1.0	original							
2,229 people have viewed this item	1	Social Proof	foreign	ec_darkpattern	unknown	1.0	original							
Someone in Castle Hill bought a Philips Essential LED Downlight Kit | 5W 4000K few hours ago.	1	Social Proof	foreign	ec_darkpattern	unknown	1.0	original							
FOR THE ULTIMATE EXPERIENCE: (Can select more than one)	1	Misdirection	foreign	ec_darkpattern	unknown	1.0	original							
 Related Categories 	0	Not Dark Pattern	foreign	ec_darkpattern	unknown	1.0	original							
from France	0	Not Dark Pattern	foreign	ec_darkpattern	unknown	1.0	original							
308 viewed per day	1	Social Proof	foreign	ec_darkpattern	unknown	1.0	original							
Mom & Baby	0	Not Dark Pattern	foreign	ec_darkpattern	unknown	1.0	original							
This is in 5 other carts.	1	Social Proof	foreign	ec_darkpattern	unknown	1.0	original							
STOCK IS GUARANTEED FOR 60 MINUTES	1	Urgency	foreign	ec_darkpattern	unknown	1.0	original							
Please add products to see your site in action	0	Not Dark Pattern	foreign	ec_darkpattern	unknown	1.0	original							
BSA FAC Air Rifles	0	Not Dark Pattern	foreign	ec_darkpattern	unknown	1.0	original							
Only 2 units left!	1	Scarcity	foreign	ec_darkpattern	unknown	1.0	original							
style to command	0	Not Dark Pattern	foreign	ec_darkpattern	unknown	1.0	original							
Only 5 left in stock	1	Scarcity	foreign	ec_darkpattern	unknown	1.0	original							
LIMITED TIME: FREE SHIPPING LOWERED TO ORDERS OVER $69.95!	1	Urgency	foreign	ec_darkpattern	unknown	1.0	original							
sweatshirts	0	Not Dark Pattern	foreign	ec_darkpattern	unknown	1.0	original							
On Sale! Limited Time Offer!	1	Urgency	foreign	ec_darkpattern	unknown	1.0	original							
Sierra in Cypress, California bought Beauty In All Dress, Dusty Blue about 46 minutes ago	1	Social Proof	foreign	ec_darkpattern	unknown	1.0	original							
 Ladies Flower Print Casual Fashion Dress 	0	Not Dark Pattern	foreign	ec_darkpattern	unknown	1.0	original							
"If you click continue below we will be happy to tell you about discounts, money off and new products from Very by e-mail and text,
unless you tell us you DO NOT want to hear about them, by ticking here.
If you would like to receive offers from carefully selected 3rd parties, please tick here"	1	Misdirection	foreign	ec_darkpattern	unknown	1.0	original							
Bath Bombs & Salts	0	Not Dark Pattern	foreign	ec_darkpattern	unknown	1.0	original							
Wall art	0	Not Dark Pattern	foreign	ec_darkpattern	unknown	1.0	original							
Bath Decor	0	Not Dark Pattern	foreign	ec_darkpattern	unknown	1.0	original							
Free Shipping	0	Not Dark Pattern	foreign	ec_darkpattern	unknown	1.0	original							
Household	0	Not Dark Pattern	foreign	ec_darkpattern	unknown	1.0	original							
An item you ordered is in high demand. No worries, we have prioritized your order.	1	Scarcity	foreign	ec_darkpattern	unknown	1.0	original							
60% OFF ENDS IN DAYS HOURS MINUTES SECONDS	1	Urgency	foreign	ec_darkpattern	unknown	1.0	original							
Keep up with crankbrothers	0	Not Dark Pattern	foreign	ec_darkpattern	unknown	1.0	original							
Casual Sheath Chiffon Sequins Straps V-neck Sleeveless Bridesmaid Dress	0	Not Dark Pattern	foreign	ec_darkpattern	unknown	1.0	original							
No thanks, I don't like savings	1	Misdirection	foreign	ec_darkpattern	unknown	1.0	original							
We use cookies to give you the best experience possible. No personal information is stored. Using this website means that you are ok with this cookie policy.	0	Not Dark Pattern	foreign	ec_darkpattern	unknown	1.0	original							
218 people have added this item to cart	1	Social Proof	foreign	ec_darkpattern	unknown	1.0	original							
QUICK! ONLY 1 LEFT IN STOCK	1	Scarcity	foreign	ec_darkpattern	unknown	1.0	original							
Only 1 Left !	1	Scarcity	foreign	ec_darkpattern	unknown	1.0	original							
 Port, Sherry & Sweet Wine 	0	Not Dark Pattern	foreign	ec_darkpattern	unknown	1.0	original							
No thanks, I prefer to pay more for shoes!	1	Misdirection	foreign	ec_darkpattern	unknown	1.0	original							
Engine Cooling System	0	Not Dark Pattern	foreign	ec_darkpattern	unknown	1.0	original							
ONLY 5 LEFT	1	Scarcity	foreign	ec_darkpattern	unknown	1.0	original							
How/why the homepage uses cookies	0	Not Dark Pattern	foreign	ec_darkpattern	unknown	1.0	original							
 mens long sleeve organic shirt 	0	Not Dark Pattern	foreign	ec_darkpattern	unknown	1.0	original							
These cookies are usually set by our marketing and advertising partners. They may be used by them to build a profile of your interest and later show you relevant ads. If you do not allow these cookies you will not experience targeted ads for your interests.	0	Not Dark Pattern	foreign	ec_darkpattern	unknown	1.0	original							
20% OFF VALENTINE\u2019S DAY FAVOURITES * | LIMITED TIME ONLY	1	Urgency	foreign	ec_darkpattern	unknown	1.0	original							
 EDC-V Megalodon Bottle Opener - Brass (Exclusive)	0	Not Dark Pattern	foreign	ec_darkpattern	unknown	1.0	original							
Availability: Low in stock today	1	Scarcity	foreign	ec_darkpattern	unknown	1.0	original							
NO THANKS	1	Misdirection	foreign	ec_darkpattern	unknown	1.0	original							
 Motocross Gloves 	0	Not Dark Pattern	foreign	ec_darkpattern	unknown	1.0	original							
Popular item! 🔥 27 people recently purchased this.	1	Social Proof	foreign	ec_darkpattern	unknown	1.0	original							
 All consumers in the EU are charged VAT on the purchase of goods and services.	0	Not Dark Pattern	foreign	ec_darkpattern	unknown	1.0	original							
105 pawrents are buying for their furkids now!	1	Social Proof	foreign	ec_darkpattern	unknown	1.0	original							
Compare at	1	Misdirection	foreign	ec_darkpattern	unknown	1.0	original							
*Only 2 left in stock. Don't miss out!	1	Scarcity	foreign	ec_darkpattern	unknown	1.0	original							
 No reviews yet Write a review 	0	Not Dark Pattern	foreign	ec_darkpattern	unknown	1.0	original							
 Continue with Facebook Continue with Google 	0	Not Dark Pattern	foreign	ec_darkpattern	unknown	1.0	original							
 TERMS OF SALE 	0	Not Dark Pattern	foreign	ec_darkpattern	unknown	1.0	original							
NO THANKS, I DON'T WANT TO SAVE MONEY	1	Misdirection	foreign	ec_darkpattern	unknown	1.0	original							
Back Yard & Spa	0	Not Dark Pattern	foreign	ec_darkpattern	unknown	1.0	original							
Low Stock! Only 3 left.	1	Scarcity	foreign	ec_darkpattern	unknown	1.0	original							
 PopGrip Antimicrobial Refine by Product Type: PopGrip Antimicrobial 	0	Not Dark Pattern	foreign	ec_darkpattern	unknown	1.0	original							
 Customer Support 	0	Not Dark Pattern	foreign	ec_darkpattern	unknown	1.0	original							
25% OFF SELECTED JACKETS Limited Time	1	Urgency	foreign	ec_darkpattern	unknown	1.0	original							
117 people have viewed this item in the last 7 days.	1	Social Proof	foreign	ec_darkpattern	unknown	1.0	original							
41 people have looked at this in the last couple of hours	1	Social Proof	foreign	ec_darkpattern	unknown	1.0	original							
Only 1 left in stock! Order soon!	1	Scarcity	foreign	ec_darkpattern	unknown	1.0	original							
New Rifles	0	Not Dark Pattern	foreign	ec_darkpattern	unknown	1.0	original							
Limited Time Promo $194.00	1	Urgency	foreign	ec_darkpattern	unknown	1.0	original							
Nightforce New Year Clearance	0	Not Dark Pattern	foreign	ec_darkpattern	unknown	1.0	original							
SUPPORT THE AMERICAN SUPRESSOR ASSOCIATION	1	Sneaking	foreign	ec_darkpattern	unknown	1.0	original							
Custom Board Quote	0	Not Dark Pattern	foreign	ec_darkpattern	unknown	1.0	original							
 Charity Collection 	0	Not Dark Pattern	foreign	ec_darkpattern	unknown	1.0	original							
James from Colonia purchased a	1	Social Proof	foreign	ec_darkpattern	unknown	1.0	original							
$132.90 $99.00	1	Misdirection	foreign	ec_darkpattern	unknown	1.0	original							
Graphic T-Shirts	0	Not Dark Pattern	foreign	ec_darkpattern	unknown	1.0	original							
 Landofcoder can power almost ANY marketplace you think of	0	Not Dark Pattern	foreign	ec_darkpattern	unknown	1.0	original							
I always order from them! Such good quality for the price you pay! Will always be back!	0	Not Dark Pattern	foreign	ec_darkpattern	unknown	1.0	original							
I have not had my hair so soft and shiny in such a long time and my grey was completely covered! So incredibly happy.	0	Not Dark Pattern	foreign	ec_darkpattern	unknown	1.0	original							
 Excellent service all round 	0	Not Dark Pattern	foreign	ec_darkpattern	unknown	1.0	original							
View all	0	Not Dark Pattern	foreign	ec_darkpattern	unknown	1.0	original							
 韓國香氛 Cosmic Mansion 	0	Not Dark Pattern	foreign	ec_darkpattern	unknown	1.0	original							
Nighty For Honeymoon	0	Not Dark Pattern	foreign	ec_darkpattern	unknown	1.0	original							
HURRY, ONLY 1 LEFT!	1	Scarcity	foreign	ec_darkpattern	unknown	1.0	original							
Shop All Vape Kits	0	Not Dark Pattern	foreign	ec_darkpattern	unknown	1.0	original							
 Shoe Care 	0	Not Dark Pattern	foreign	ec_darkpattern	unknown	1.0	original							
No thanks, I don't want to save up to 75%	1	Misdirection	foreign	ec_darkpattern	unknown	1.0	original							
Tristan in Markham, Canada purchased a Dragon Baseball Jersey	1	Social Proof	foreign	ec_darkpattern	unknown	1.0	original							
THE SET INCLUDES:	0	Not Dark Pattern	foreign	ec_darkpattern	unknown	1.0	original							
 Short	0	Not Dark Pattern	foreign	ec_darkpattern	unknown	1.0	original							
7 left in stock	1	Scarcity	foreign	ec_darkpattern	unknown	1.0	original							
Be part of the best family ever & enjoy 15% in VIP Benefits on every order, every day. That's 10% Instant Savings plus 5% back in Rewards Cash on everything. Plus, enjoy 90 days to test run your shoes, socks, and insoles. And so much more! Join today for just $1.99 your first year.  	1	Sneaking	foreign	ec_darkpattern	unknown	1.0	original							
Add to Wish List(13 People Have Added)	1	Social Proof	foreign	ec_darkpattern	unknown	1.0	original							
Womens Plaid Clothing	0	Not Dark Pattern	foreign	ec_darkpattern	unknown	1.0	original							
Embossing Powder	0	Not Dark Pattern	foreign	ec_darkpattern	unknown	1.0	original							
No thanks, I want to pay the full price.	1	Misdirection	foreign	ec_darkpattern	unknown	1.0	original							
Only 1 item left!	1	Scarcity	foreign	ec_darkpattern	unknown	1.0	original							
Mounif in Pittsburgh, United States purchased	1	Social Proof	foreign	ec_darkpattern	unknown	1.0	original							
Your order is reserved for 09:43 minutes!	1	Urgency	foreign	ec_darkpattern	unknown	1.0	original							
Platinum-Dipped Rose	0	Not Dark Pattern	foreign	ec_darkpattern	unknown	1.0	original							
5 LEFT	1	Scarcity	foreign	ec_darkpattern	unknown	1.0	original							
No thanks, I prefer to pay full price.	1	Misdirection	foreign	ec_darkpattern	unknown	1.0	original							
Rs 4,013 (Retail Discount) + Rs 2,997 (Limited Time Coupon)	1	Urgency	foreign	ec_darkpattern	unknown	1.0	original							
 A-Z Luxury Brands 	0	Not Dark Pattern	foreign	ec_darkpattern	unknown	1.0	original							
 Fashion Short Sleeve Crew Neck Print Dress 	0	Not Dark Pattern	foreign	ec_darkpattern	unknown	1.0	original							
We have 1 left in stock	1	Scarcity	foreign	ec_darkpattern	unknown	1.0	original							
12 recently purchased it.	1	Social Proof	foreign	ec_darkpattern	unknown	1.0	original							
 Wife 	0	Not Dark Pattern	foreign	ec_darkpattern	unknown	1.0	original							
By signing up via text, you agree to receive recurring automated promotional and personalized marketing text messages from SPANX®. Msg & data rates apply. View Terms of Use & Privacy Policy.	0	Not Dark Pattern	foreign	ec_darkpattern	unknown	1.0	original							
0 DAYS22 HOURS13 MINUTES21 SECONDS 	1	Urgency	foreign	ec_darkpattern	unknown	1.0	original							
 Articles: Medical Matters 	0	Not Dark Pattern	foreign	ec_darkpattern	unknown	1.0	original							
Only 5 left , In Stock	1	Scarcity	foreign	ec_darkpattern	unknown	1.0	original							
Jamie from Eloy United States purchased a CBD Oil Vape Additives 4 Pack About 7 hours ago	1	Social Proof	foreign	ec_darkpattern	unknown	1.0	original							
251 people are viewing this right now	1	Social Proof	foreign	ec_darkpattern	unknown	1.0	original							
All Girls Clothing	0	Not Dark Pattern	foreign	ec_darkpattern	unknown	1.0	original							
Join the Team	0	Not Dark Pattern	foreign	ec_darkpattern	unknown	1.0	original							
Vintage Fancy Red Bracelet Watch Women's	0	Not Dark Pattern	foreign	ec_darkpattern	unknown	1.0	original							
HURRY ONLY 1 ITEM LEFT!	1	Scarcity	foreign	ec_darkpattern	unknown	1.0	original							
What Are Healing Crystals?	0	Not Dark Pattern	foreign	ec_darkpattern	unknown	1.0	original							
404 Orders	1	Social Proof	foreign	ec_darkpattern	unknown	1.0	original							
Carpet Python Vivariums	0	Not Dark Pattern	foreign	ec_darkpattern	unknown	1.0	original							
50% OFF Everything (yep, even sale) + $5.99 Shipping* ENDS IN 12h 13m 56s	1	Urgency	foreign	ec_darkpattern	unknown	1.0	original							
Tyler in Norwalk, United States purchased a	1	Social Proof	foreign	ec_darkpattern	unknown	1.0	original							
Someone in Pittsworth bought a Ultimate COLT Anal Training Kit 2 hours ago	1	Social Proof	foreign	ec_darkpattern	unknown	1.0	original							
#6 Bestseller in Rugs This item was viewed 92 times in the last day.	1	Social Proof	foreign	ec_darkpattern	unknown	1.0	original							
Someone in Shelby twp, United States just bought Galaxy Note 8 10000mAh ZeroShock Battery Case 3 days ago	1	Social Proof	foreign	ec_darkpattern	unknown	1.0	original							
Charleston 	0	Not Dark Pattern	foreign	ec_darkpattern	unknown	1.0	original							
Power Button Covers	0	Not Dark Pattern	foreign	ec_darkpattern	unknown	1.0	original							
(Only 1 left!)	1	Scarcity	foreign	ec_darkpattern	unknown	1.0	original							
Discreet packaging	0	Not Dark Pattern	foreign	ec_darkpattern	unknown	1.0	original							
How do I cancel my membership? We are confident you will enjoy your Premium Membership. If for any reason you are not completely satisfied within the first 30 days of your paid Annual Membership, we will refund 100% of your membership fee no questions asked. After 30 days we will refund your membership fee on a pro-rated basis. There are no refunds on Monthly Memberships. To obtain a refund, please contact us at 1-855-253-0822 or by email at wwgoasubscription@program-director.net.	1	Obstruction	foreign	ec_darkpattern	unknown	1.0	original							
Last one available	1	Scarcity	foreign	ec_darkpattern	unknown	1.0	original							
Mens Footwear	0	Not Dark Pattern	foreign	ec_darkpattern	unknown	1.0	original							
 Upcoming Events 	0	Not Dark Pattern	foreign	ec_darkpattern	unknown	1.0	original							
Beetle Remotes	0	Not Dark Pattern	foreign	ec_darkpattern	unknown	1.0	original							
Free People	0	Not Dark Pattern	foreign	ec_darkpattern	unknown	1.0	original							
Carol in St. Louis, Missouri bought Original USB Charging Anti-Theft Backpack	1	Social Proof	foreign	ec_darkpattern	unknown	1.0	original							
ONLY 4 LEFT IN STOCK	1	Scarcity	foreign	ec_darkpattern	unknown	1.0	original							
Shop All Golf Balls	0	Not Dark Pattern	foreign	ec_darkpattern	unknown	1.0	original							
Sunglasses and Eyewear	0	Not Dark Pattern	foreign	ec_darkpattern	unknown	1.0	original							
 Gut Health 	0	Not Dark Pattern	foreign	ec_darkpattern	unknown	1.0	original							
Dog Collars, Leads & Tethers	0	Not Dark Pattern	foreign	ec_darkpattern	unknown	1.0	original							
 Naked Wolfe 	0	Not Dark Pattern	foreign	ec_darkpattern	unknown	1.0	original							
How about these?	1	Misdirection	foreign	ec_darkpattern	unknown	1.0	original							
Only 14 left in stock	1	Scarcity	foreign	ec_darkpattern	unknown	1.0	original							
 Optimized Patch System 	0	Not Dark Pattern	foreign	ec_darkpattern	unknown	1.0	original							
Product Tagline	0	Not Dark Pattern	foreign	ec_darkpattern	unknown	1.0	original							
Anniversary Gifts 	0	Not Dark Pattern	foreign	ec_darkpattern	unknown	1.0	original							
No, thanks, I´d rather pay more	1	Misdirection	foreign	ec_darkpattern	unknown	1.0	original							
Someone in Culgoa, Australia purchased Savelli Epic Mens Comfortable Leather Lace Up Boots Made In Brazil	1	Social Proof	foreign	ec_darkpattern	unknown	1.0	original							
1 Left	1	Scarcity	foreign	ec_darkpattern	unknown	1.0	original							
I don't want a discount	1	Misdirection	foreign	ec_darkpattern	unknown	1.0	original							
Healthy Diet	0	Not Dark Pattern	foreign	ec_darkpattern	unknown	1.0	original							
No, thanks. I don't like great deals.	1	Misdirection	foreign	ec_darkpattern	unknown	1.0	original							
Someone in Paris, France just purchased a Kanpeki Knife Set	1	Social Proof	foreign	ec_darkpattern	unknown	1.0	original							
 WWE New Arrivals 	0	Not Dark Pattern	foreign	ec_darkpattern	unknown	1.0	original							
Alpha BRAIN® is a dietary supplement that helps support cognitive functions, including memory, mental speed, and focus.†	0	Not Dark Pattern	foreign	ec_darkpattern	unknown	1.0	original							
Someone in Ampang, Malaysia just bought	1	Social Proof	foreign	ec_darkpattern	unknown	1.0	original							
Trey in Columbia, United States purchased Leather Cord Capsule	1	Social Proof	foreign	ec_darkpattern	unknown	1.0	original							
THE COMPETITION $1,299.99	1	Misdirection	foreign	ec_darkpattern	unknown	1.0	original							
ONLY 5 LEFT!	1	Scarcity	foreign	ec_darkpattern	unknown	1.0	original							
Hurry Low Stock	1	Scarcity	foreign	ec_darkpattern	unknown	1.0	original							
Items will be reserved in your cart for 19:10	1	Urgency	foreign	ec_darkpattern	unknown	1.0	original							
1 people are viewing this currently	1	Social Proof	foreign	ec_darkpattern	unknown	1.0	original							
No thanks, I’ll skip this amazing super-saver deal. I don’t need so many beautiful textures	1	Misdirection	foreign	ec_darkpattern	unknown	1.0	original							
 SAA Oil & Acrylic Brushes 	0	Not Dark Pattern	foreign	ec_darkpattern	unknown	1.0	original							
1 left, order now!	1	Scarcity	foreign	ec_darkpattern	unknown	1.0	original							
Vacation One Shoulder Loosen Long Sleeve Woven Dress	0	Not Dark Pattern	foreign	ec_darkpattern	unknown	1.0	original							
Lip Balms & Treatments	0	Not Dark Pattern	foreign	ec_darkpattern	unknown	1.0	original							
Price Guaranteed For DAYS/HRS/MINS/SECS	1	Urgency	foreign	ec_darkpattern	unknown	1.0	original							
Other Applications	0	Not Dark Pattern	foreign	ec_darkpattern	unknown	1.0	original							
No thanks, I don’t want to save	1	Misdirection	foreign	ec_darkpattern	unknown	1.0	original							
High Gable Sheds	0	Not Dark Pattern	foreign	ec_darkpattern	unknown	1.0	original							
Wondering where to buy White Cloud products in the U.S.? Our distributor list is growing! Bookmark our list and stay tuned!	0	Not Dark Pattern	foreign	ec_darkpattern	unknown	1.0	original							
 Products 	0	Not Dark Pattern	foreign	ec_darkpattern	unknown	1.0	original							
Dressmakers Mannequins 	0	Not Dark Pattern	foreign	ec_darkpattern	unknown	1.0	original							
Wait! YOUR CART QUALIFIES FOR 15% OFF YOUR ENTIRE ORDER. Offer Expires in: 2955	1	Urgency	foreign	ec_darkpattern	unknown	1.0	original							
No thanks, I will pay full price.	1	Misdirection	foreign	ec_darkpattern	unknown	1.0	original							
 Air Purifying Plants 	0	Not Dark Pattern	foreign	ec_darkpattern	unknown	1.0	original							
All Little Boys Clothing	0	Not Dark Pattern	foreign	ec_darkpattern	unknown	1.0	original							
 Our Story 	0	Not Dark Pattern	foreign	ec_darkpattern	unknown	1.0	original							
2 left	1	Scarcity	foreign	ec_darkpattern	unknown	1.0	original							
History Of The NRA	0	Not Dark Pattern	foreign	ec_darkpattern	unknown	1.0	original							
25% OFF* ENDS IN 00 : 12 : 27 : 15 DAYS HRS. MIN. SEC.	1	Urgency	foreign	ec_darkpattern	unknown	1.0	original							
Start SellingSearchWishlistAccountCartCart	0	Not Dark Pattern	foreign	ec_darkpattern	unknown	1.0	original							
61 people have already bought that product today with 50% discount	1	Social Proof	foreign	ec_darkpattern	unknown	1.0	original							
89 currently viewing	1	Social Proof	foreign	ec_darkpattern	unknown	1.0	original							
Used Leica Cameras	0	Not Dark Pattern	foreign	ec_darkpattern	unknown	1.0	original							
Purchased 8 times in the last few days.	1	Social Proof	foreign	ec_darkpattern	unknown	1.0	original							
Jonathan in Syracuse, United States just bought Electric Skateboard Battery Pack 36V 10S2P 4 hours ago	1	Social Proof	foreign	ec_darkpattern	unknown	1.0	original							
View All Bearings	0	Not Dark Pattern	foreign	ec_darkpattern	unknown	1.0	original							
Low in stock: only 1 left.	1	Scarcity	foreign	ec_darkpattern	unknown	1.0	original							
American Diamond Earrings	0	Not Dark Pattern	foreign	ec_darkpattern	unknown	1.0	original							
 cm in 	0	Not Dark Pattern	foreign	ec_darkpattern	unknown	1.0	original							
Personalize your doll	1	Misdirection	foreign	ec_darkpattern	unknown	1.0	original							
 sales@scandinavianoutdoor.com 	0	Not Dark Pattern	foreign	ec_darkpattern	unknown	1.0	original							
 Searching...	0	Not Dark Pattern	foreign	ec_darkpattern	unknown	1.0	original							
Flat Iron	0	Not Dark Pattern	foreign	ec_darkpattern	unknown	1.0	original							
You can feel confident that your new box each month is helping you celebrate pregnancy and protect your bump!	0	Not Dark Pattern	foreign	ec_darkpattern	unknown	1.0	original							
Availability: 5 items left	1	Scarcity	foreign	ec_darkpattern	unknown	1.0	original							
Someone from Osijek, Croatia just bought TMC CP Style Single Pistol Pouch	1	Social Proof	foreign	ec_darkpattern	unknown	1.0	original							
 View product View SAA Standard Membership Renewal - Credit/Debit Card - One Year Only 	0	Not Dark Pattern	foreign	ec_darkpattern	unknown	1.0	original							
The World Fair Trade Organization Label guarantees that People Tree follows Fair Trade best practices in our organisation.	0	Not Dark Pattern	foreign	ec_darkpattern	unknown	1.0	original							
Packed with Super Citrimax	0	Not Dark Pattern	foreign	ec_darkpattern	unknown	1.0	original							
No thanks, I don't want to look my best	1	Misdirection	foreign	ec_darkpattern	unknown	1.0	original							
Check your orders, in-store quotes & more	0	Not Dark Pattern	foreign	ec_darkpattern	unknown	1.0	original							
Thermostats	0	Not Dark Pattern	foreign	ec_darkpattern	unknown	1.0	original							
Want more inspiration and styling tips? Dive into The Southern Edit, Southern Tide’s lifestyle blog, and follow us on social media. 	0	Not Dark Pattern	foreign	ec_darkpattern	unknown	1.0	original							
The Wizard of Oz	0	Not Dark Pattern	foreign	ec_darkpattern	unknown	1.0	original							
ONLY 5 LEFT, ORDER SOON!	1	Scarcity	foreign	ec_darkpattern	unknown	1.0	original							
Prices shown for delivery to JAPAN Change delivery country	0	Not Dark Pattern	foreign	ec_darkpattern	unknown	1.0	original							
Barbour International	0	Not Dark Pattern	foreign	ec_darkpattern	unknown	1.0	original							
70% offers claimed. Hurry up!	1	Scarcity	foreign	ec_darkpattern	unknown	1.0	original							
Only 1 Left!	1	Scarcity	foreign	ec_darkpattern	unknown	1.0	original							
M-Class Remotes	0	Not Dark Pattern	foreign	ec_darkpattern	unknown	1.0	original							
Sorry, this is out of stock. You just missed it.	1	Scarcity	foreign	ec_darkpattern	unknown	1.0	original							
Your order is reserved for 19:57 minutes.	1	Urgency	foreign	ec_darkpattern	unknown	1.0	original							
Clearance Optic Accessories Deals	0	Not Dark Pattern	foreign	ec_darkpattern	unknown	1.0	original							
Hurry! Limited Quantity Available.	1	Scarcity	foreign	ec_darkpattern	unknown	1.0	original							
I wish to Start Shopping but I don't want to receive daily email alerts about your amazing discounts on luxury brands.	1	Misdirection	foreign	ec_darkpattern	unknown	1.0	original							
Jessica in Orange, United States purchased a Black 1920s Sequin Maxi Flapper Dress 12 minutes ago	1	Social Proof	foreign	ec_darkpattern	unknown	1.0	original							
3 Left!	1	Scarcity	foreign	ec_darkpattern	unknown	1.0	original							
Highline Double Wheel Bag	0	Not Dark Pattern	foreign	ec_darkpattern	unknown	1.0	original							
Only 5 Left	1	Scarcity	foreign	ec_darkpattern	unknown	1.0	original							
Only 1 left in stock - Order soon	1	Scarcity	foreign	ec_darkpattern	unknown	1.0	original							
Only 1 left.	1	Scarcity	foreign	ec_darkpattern	unknown	1.0	original							
 Soft Toys 	0	Not Dark Pattern	foreign	ec_darkpattern	unknown	1.0	original							
ONCE IT'S GONE, IT'S GONE	1	Scarcity	foreign	ec_darkpattern	unknown	1.0	original							
Lease to Own conditions	0	Not Dark Pattern	foreign	ec_darkpattern	unknown	1.0	original							
Full HD 144Hz IPS Anti-Glare (1920 x 1080) FREE Upgrade (Limited time offer!)	1	Urgency	foreign	ec_darkpattern	unknown	1.0	original							
EXTRA -30% OFF WITH CODE: EXTRA30 Ends in: 0 0 0 0 days 0 0 4 4 hours . 0 0 9 9 min . 2 2 8 8 sec	1	Urgency	foreign	ec_darkpattern	unknown	1.0	original							
Elegant A Line Short Sleeve Satin Bateau Floor-length Mother of the Bride Dress with Ribbon	0	Not Dark Pattern	foreign	ec_darkpattern	unknown	1.0	original							
Tidal Waves Collection	0	Not Dark Pattern	foreign	ec_darkpattern	unknown	1.0	original							
POPULAR 62 others checked this out in the last few hours.	1	Social Proof	foreign	ec_darkpattern	unknown	1.0	original							
Trowels & Putty Knife	0	Not Dark Pattern	foreign	ec_darkpattern	unknown	1.0	original							
Gifts By Price	0	Not Dark Pattern	foreign	ec_darkpattern	unknown	1.0	original							
"No thanks! I'd rather join the """"Pay Full Price for Things"""" club."	1	Misdirection	foreign	ec_darkpattern	unknown	1.0	original							
 PopWallet+ Refine by Product Type: PopWallet+ 	0	Not Dark Pattern	foreign	ec_darkpattern	unknown	1.0	original							
FootwearHome & Office	0	Not Dark Pattern	foreign	ec_darkpattern	unknown	1.0	original							
Get 20% off Sample Doors! ×Offer Ends In 58 : 29 Use Promo Code sample20off	1	Urgency	foreign	ec_darkpattern	unknown	1.0	original							
HURRY! ONLY 11 LEFT IN STOCK.	1	Scarcity	foreign	ec_darkpattern	unknown	1.0	original							
Hurry up! 22 people other than you have this product in their cart	1	Social Proof	foreign	ec_darkpattern	unknown	1.0	original							
 family 	0	Not Dark Pattern	foreign	ec_darkpattern	unknown	1.0	original							
Kinky Curly Wigs	0	Not Dark Pattern	foreign	ec_darkpattern	unknown	1.0	original							
Devices 	0	Not Dark Pattern	foreign	ec_darkpattern	unknown	1.0	original							
Merchandise: $69.99iService Charge: $14.99 Total Before Tax: $84.98 Estimated Tax:$5.63Order Total: $90.61	1	Sneaking	foreign	ec_darkpattern	unknown	1.0	original							
 Digital Device Covers 	0	Not Dark Pattern	foreign	ec_darkpattern	unknown	1.0	original							
Pleated Skirts	0	Not Dark Pattern	foreign	ec_darkpattern	unknown	1.0	original							
beautifully written prose	0	Not Dark Pattern	foreign	ec_darkpattern	unknown	1.0	original							
4 days 05:46:20	1	Urgency	foreign	ec_darkpattern	unknown	1.0	original							
Corporate Responsibility Report	0	Not Dark Pattern	foreign	ec_darkpattern	unknown	1.0	original							
 手錶 / Watches 	0	Not Dark Pattern	foreign	ec_darkpattern	unknown	1.0	original							
Only 69 left!	1	Scarcity	foreign	ec_darkpattern	unknown	1.0	original							
52 people have added this product to bag in the last 72 hours	1	Social Proof	foreign	ec_darkpattern	unknown	1.0	original							
156 sold in last 24 hours	1	Social Proof	foreign	ec_darkpattern	unknown	1.0	original							
BROKEN REMOTE? FIX IT YOURSELF AND SAVE HUGE	0	Not Dark Pattern	foreign	ec_darkpattern	unknown	1.0	original							
Offer ends 0Hours:04Minutes:46Seconds	1	Urgency	foreign	ec_darkpattern	unknown	1.0	original							
COMBAT GEARHot	0	Not Dark Pattern	foreign	ec_darkpattern	unknown	1.0	original							
1,446 people have viewed this item	1	Social Proof	foreign	ec_darkpattern	unknown	1.0	original							
Order in 14:53 to get 2 pillows for free	1	Urgency	foreign	ec_darkpattern	unknown	1.0	original							
HURRY ONLY 9 LEFT IN STOCK!	1	Scarcity	foreign	ec_darkpattern	unknown	1.0	original							
only 1 in stock	1	Scarcity	foreign	ec_darkpattern	unknown	1.0	original							
Grey Jewelry	0	Not Dark Pattern	foreign	ec_darkpattern	unknown	1.0	original							
 Select shake flavor: 	0	Not Dark Pattern	foreign	ec_darkpattern	unknown	1.0	original							
ON SALE AT $1.99 FOR A LIMITED TIME	1	Urgency	foreign	ec_darkpattern	unknown	1.0	original							
Submitted by Fermin Larracilla Pérez	0	Not Dark Pattern	foreign	ec_darkpattern	unknown	1.0	original							
Polycarbonate	0	Not Dark Pattern	foreign	ec_darkpattern	unknown	1.0	original							
Browse by A-Z	0	Not Dark Pattern	foreign	ec_darkpattern	unknown	1.0	original							
 Other Snacks 	0	Not Dark Pattern	foreign	ec_darkpattern	unknown	1.0	original							
Less than 6 items left	1	Scarcity	foreign	ec_darkpattern	unknown	1.0	original							
Ken in Oakland, United States purchased a Dreamville Hoodie a month ago	1	Social Proof	foreign	ec_darkpattern	unknown	1.0	original							
Other Promotions	0	Not Dark Pattern	foreign	ec_darkpattern	unknown	1.0	original							
Recommended	0	Not Dark Pattern	foreign	ec_darkpattern	unknown	1.0	original							
17 people have added this item to cart	1	Social Proof	foreign	ec_darkpattern	unknown	1.0	original							
Free Shipping. Limited Time Only. for orders over $50	1	Urgency	foreign	ec_darkpattern	unknown	1.0	original							
Set SALE Into Summer 	0	Not Dark Pattern	foreign	ec_darkpattern	unknown	1.0	original							
 IZZY MIDI DRESS Ivory 	0	Not Dark Pattern	foreign	ec_darkpattern	unknown	1.0	original							
 Gold Refine by Color: Gold 	0	Not Dark Pattern	foreign	ec_darkpattern	unknown	1.0	original							
View All Homeware	0	Not Dark Pattern	foreign	ec_darkpattern	unknown	1.0	original							
Site Wide Savings for the Entire Family! Pricing is off Rogan's Shoes every day Low Prices! Prices are already reflected on the site. Limited time only! Restrictions apply. Online Only.	1	Urgency	foreign	ec_darkpattern	unknown	1.0	original							
00 DAYS 00 HOURS 29 MINUTES 26 SECONDS	1	Urgency	foreign	ec_darkpattern	unknown	1.0	original							
 Explore more styles from this printspiration 	0	Not Dark Pattern	foreign	ec_darkpattern	unknown	1.0	original							
Hurry! Only 2 Left	1	Scarcity	foreign	ec_darkpattern	unknown	1.0	original							
1 LEFT IN THIS SIZE	1	Scarcity	foreign	ec_darkpattern	unknown	1.0	original							
Hurry, only 6 left in stock!	1	Scarcity	foreign	ec_darkpattern	unknown	1.0	original							
Sponges, Mitts & Bath Brushes	0	Not Dark Pattern	foreign	ec_darkpattern	unknown	1.0	original							
Crystal Lotus Sriyantras 	0	Not Dark Pattern	foreign	ec_darkpattern	unknown	1.0	original							
No thanks. I don’t want to save money.	1	Misdirection	foreign	ec_darkpattern	unknown	1.0	original							
Other CollectiblesPhotos	0	Not Dark Pattern	foreign	ec_darkpattern	unknown	1.0	original							
Need a Hand?	0	Not Dark Pattern	foreign	ec_darkpattern	unknown	1.0	original							
Hurry !! Only 52 left in stock	1	Scarcity	foreign	ec_darkpattern	unknown	1.0	original							
Free 60 day VIP trial membership with this order. Cancel anytime.	1	Sneaking	foreign	ec_darkpattern	unknown	1.0	original							
Purchase Benefit Club Member can cancel the Purchase Benefits at any time by calling MDG’s Customer Service department at: 1-800-906-0975 ext. 352 and requesting to cancel the Purchase Benefits.	1	Obstruction	foreign	ec_darkpattern	unknown	1.0	original							
lego harry potter	0	Not Dark Pattern	foreign	ec_darkpattern	unknown	1.0	original							
Most of our orders are from repeat customers.	0	Not Dark Pattern	foreign	ec_darkpattern	unknown	1.0	original							
New In Bottoms	0	Not Dark Pattern	foreign	ec_darkpattern	unknown	1.0	original							
Want to add one of these?	1	Misdirection	foreign	ec_darkpattern	unknown	1.0	original							
 Base Layer & Thermals 	0	Not Dark Pattern	foreign	ec_darkpattern	unknown	1.0	original							
FANSTASTIC DEALS	1	Misdirection	foreign	ec_darkpattern	unknown	1.0	original							
Alyssa in San Antonio, United States purchased a iTunes Japan Gift Card 10000 JPY about 35 minutes ago	1	Social Proof	foreign	ec_darkpattern	unknown	1.0	original							
'Keeper of Lost Things'	0	Not Dark Pattern	foreign	ec_darkpattern	unknown	1.0	original							
GlassGuard Warranty Do not fear breaking your glass! Add our GlassGuard warranty policy for just $3.85 and we'll insure this purchase.	1	Misdirection	foreign	ec_darkpattern	unknown	1.0	original							
Hair Care Remedies	0	Not Dark Pattern	foreign	ec_darkpattern	unknown	1.0	original							
In Stock (8) Left	1	Scarcity	foreign	ec_darkpattern	unknown	1.0	original							
 Paul Henry 	0	Not Dark Pattern	foreign	ec_darkpattern	unknown	1.0	original							
Cincinnati Bengals T-Shirts	0	Not Dark Pattern	foreign	ec_darkpattern	unknown	1.0	original							
Compare Products 	0	Not Dark Pattern	foreign	ec_darkpattern	unknown	1.0	original							
Sexy A Line Short Sleeve Sequins Off-the-shoulder Floor-length Mother of the Bride Dress with Split Front	0	Not Dark Pattern	foreign	ec_darkpattern	unknown	1.0	original							
Fancy some creative inspiration, news and offers? Sign up for SAA enewsletters today.	0	Not Dark Pattern	foreign	ec_darkpattern	unknown	1.0	original							
 Sports Bras 	0	Not Dark Pattern	foreign	ec_darkpattern	unknown	1.0	original							
Purchased 100+ times in the last few days.	1	Social Proof	foreign	ec_darkpattern	unknown	1.0	original							
Accessibly App features	0	Not Dark Pattern	foreign	ec_darkpattern	unknown	1.0	original							
Scarves & Snoods	0	Not Dark Pattern	foreign	ec_darkpattern	unknown	1.0	original							
Your cart is reserved for 14:05 minutes!	1	Urgency	foreign	ec_darkpattern	unknown	1.0	original							
 OH SHIP! Looks like that page wasn't found 	0	Not Dark Pattern	foreign	ec_darkpattern	unknown	1.0	original							
Only a few left!	1	Scarcity	foreign	ec_darkpattern	unknown	1.0	original							
In Stock Only 5 left!	1	Scarcity	foreign	ec_darkpattern	unknown	1.0	original							
Exotic Bird Food	0	Not Dark Pattern	foreign	ec_darkpattern	unknown	1.0	original							
Limited Time	1	Urgency	foreign	ec_darkpattern	unknown	1.0	original							
AN ITEM IN YOUR CART IS SELLING OUT QUICKLY	1	Scarcity	foreign	ec_darkpattern	unknown	1.0	original							
iPhones	0	Not Dark Pattern	foreign	ec_darkpattern	unknown	1.0	original							
Either because we're updating the site or because someone spilled coffee on it again. We'll be back just as soon as we finish the update or clean up the coffee.	0	Not Dark Pattern	foreign	ec_darkpattern	unknown	1.0	original							
Hurry Up! Only 1 Piece Left	1	Scarcity	foreign	ec_darkpattern	unknown	1.0	original							
LIMITED OFFER: $125 Off + 2 Free Pillows	1	Urgency	foreign	ec_darkpattern	unknown	1.0	original							
Want Free Shipping?	1	Misdirection	foreign	ec_darkpattern	unknown	1.0	original							
 Summer Simple Breathable Socks 	0	Not Dark Pattern	foreign	ec_darkpattern	unknown	1.0	original							
Sellout risk:	1	Scarcity	foreign	ec_darkpattern	unknown	1.0	original							
No thanks, I don’t like saving money.	1	Misdirection	foreign	ec_darkpattern	unknown	1.0	original							
Value of Product	0	Not Dark Pattern	foreign	ec_darkpattern	unknown	1.0	original							
00DAYS07HOURS09MINUTES39SECONDS	1	Urgency	foreign	ec_darkpattern	unknown	1.0	original							
Someone from purchased a HOLEES Original Ladies II - Navy About 9 hours ago	1	Social Proof	foreign	ec_darkpattern	unknown	1.0	original							
 Mountboard 	0	Not Dark Pattern	foreign	ec_darkpattern	unknown	1.0	original							
Graduations	0	Not Dark Pattern	foreign	ec_darkpattern	unknown	1.0	original							
 Light powerful. 	0	Not Dark Pattern	foreign	ec_darkpattern	unknown	1.0	original							
Availability: Low Stock 4 Remaining	1	Scarcity	foreign	ec_darkpattern	unknown	1.0	original							
Items in your cart are in high demand. But we have reserved your order.	1	Scarcity	foreign	ec_darkpattern	unknown	1.0	original							
Viewed 744 times today	1	Social Proof	foreign	ec_darkpattern	unknown	1.0	original							
Only 2 Left in Stock	1	Scarcity	foreign	ec_darkpattern	unknown	1.0	original							
1044 sold in past 12 months	1	Social Proof	foreign	ec_darkpattern	unknown	1.0	original							
Cropped Jeans	0	Not Dark Pattern	foreign	ec_darkpattern	unknown	1.0	original							
64 users bought this product Touch: The Set - Touch XL & TouchUp Makeup Mirror Bundle	1	Social Proof	foreign	ec_darkpattern	unknown	1.0	original							
Someone in Joliet, Illinois purchased a Yocan Evolve Plus XL Vaporizer	1	Social Proof	foreign	ec_darkpattern	unknown	1.0	original							
Jeanne E. Bray Memorial Scholarship	0	Not Dark Pattern	foreign	ec_darkpattern	unknown	1.0	original							
Samuel in Minneapolis, United States purchased a Pod Juice Jewel Mint Cool ❄️Nicotine Salt e-Liquid 15/30ml 7 hours ago	1	Social Proof	foreign	ec_darkpattern	unknown	1.0	original							
 Boardshorts	0	Not Dark Pattern	foreign	ec_darkpattern	unknown	1.0	original							
The site was easy to navigate. I haven't received my shoes yet, but overall a good experience.	0	Not Dark Pattern	foreign	ec_darkpattern	unknown	1.0	original							
Cheaney	0	Not Dark Pattern	foreign	ec_darkpattern	unknown	1.0	original							
 ≡ Filter Reviews Clicking on the following button will update the content below 	0	Not Dark Pattern	foreign	ec_darkpattern	unknown	1.0	original							
Arthritis Aids	0	Not Dark Pattern	foreign	ec_darkpattern	unknown	1.0	original							
Camo Shirts & T Shirts	0	Not Dark Pattern	foreign	ec_darkpattern	unknown	1.0	original							
SELLING FAST! GET 10% OFF THIS ITEM. ACTIVATE NOW.	1	Scarcity	foreign	ec_darkpattern	unknown	1.0	original							
TRE by Natalie Ratabesi	0	Not Dark Pattern	foreign	ec_darkpattern	unknown	1.0	original							
LIMITED TIME OFFER	1	Urgency	foreign	ec_darkpattern	unknown	1.0	original							
Sign Up To Our Newsletter To Receive News, Offers And Promotions.	0	Not Dark Pattern	foreign	ec_darkpattern	unknown	1.0	original							
Someone from Cape Town, Western Cape, South Africa just started buying Packable Travel Duffel Bag! 5 minutes ago	1	Social Proof	foreign	ec_darkpattern	unknown	1.0	original							
Offer ends in 9hrs 55min 29sec!	1	Urgency	foreign	ec_darkpattern	unknown	1.0	original							
(LIMITED TIME OFFER) TORSION GUN HOLSTER SUPER COMBO	1	Urgency	foreign	ec_darkpattern	unknown	1.0	original							
 Sale By Category 	0	Not Dark Pattern	foreign	ec_darkpattern	unknown	1.0	original							
Floral Cross Stitch & Embroidery Kits	0	Not Dark Pattern	foreign	ec_darkpattern	unknown	1.0	original							
Your AccountTrack Your OrdersJoin Celebrations Passport	0	Not Dark Pattern	foreign	ec_darkpattern	unknown	1.0	original							
Dog Whistles & Lanyards	0	Not Dark Pattern	foreign	ec_darkpattern	unknown	1.0	original							
Hurry! Only 1 left in stock	1	Scarcity	foreign	ec_darkpattern	unknown	1.0	original							
1 people bought Jotter To Do Refill in the last few hours	1	Social Proof	foreign	ec_darkpattern	unknown	1.0	original							
Other people want this. 10 people have this in their cart right now.	1	Social Proof	foreign	ec_darkpattern	unknown	1.0	original							
 Terms of Use Privacy Policy Do Not Sell My Personal Information Request My Personal Information 	0	Not Dark Pattern	foreign	ec_darkpattern	unknown	1.0	original							
Colors	0	Not Dark Pattern	foreign	ec_darkpattern	unknown	1.0	original							
Manage Consent Preferences	0	Not Dark Pattern	foreign	ec_darkpattern	unknown	1.0	original							
Select Occasion close	0	Not Dark Pattern	foreign	ec_darkpattern	unknown	1.0	original							
1 person is looking at this item.	1	Social Proof	foreign	ec_darkpattern	unknown	1.0	original							
LIMITED TIME OFFER! FREE SHIPPING OVER $99 + FREE RETURNS*	1	Urgency	foreign	ec_darkpattern	unknown	1.0	original							
994 items sold this hour.	1	Social Proof	foreign	ec_darkpattern	unknown	1.0	original							
View All New Arrivals	0	Not Dark Pattern	foreign	ec_darkpattern	unknown	1.0	original							
How White Cloud Prevents E-Cig Sales to Minors Read More ➞	0	Not Dark Pattern	foreign	ec_darkpattern	unknown	1.0	original							
Someone in Petaling Jaya, Malaysia just bought SNEAKERGUARD Midsole Paint Marker - BOOST White	1	Social Proof	foreign	ec_darkpattern	unknown	1.0	original							
Availability: Low Stock	1	Scarcity	foreign	ec_darkpattern	unknown	1.0	original							
Low Stock	1	Scarcity	foreign	ec_darkpattern	unknown	1.0	original							
Influencer Program	0	Not Dark Pattern	foreign	ec_darkpattern	unknown	1.0	original							
View All Apartment	0	Not Dark Pattern	foreign	ec_darkpattern	unknown	1.0	original							
72% offers claimed. Hurry up!	1	Scarcity	foreign	ec_darkpattern	unknown	1.0	original							
(Only 1 Left)	1	Scarcity	foreign	ec_darkpattern	unknown	1.0	original							
I accept the Terms & Conditions of the FREE Brother Care Program and agree to receive exclusive offers and general promotions from Brother. I may withdraw my consent at any time.	1	Forced Action	foreign	ec_darkpattern	unknown	1.0	original							
Someone in Red Cliffs bought a RHK Yamaha YZ/YZF/WRF 99-16 Blue Pursuit Footpegs 3 minutes ago	1	Social Proof	foreign	ec_darkpattern	unknown	1.0	original							
limited availability at this price!	1	Scarcity	foreign	ec_darkpattern	unknown	1.0	original							
WilmaNorth Carolina	0	Not Dark Pattern	foreign	ec_darkpattern	unknown	1.0	original							
 TV & Home Appliances 	0	Not Dark Pattern	foreign	ec_darkpattern	unknown	1.0	original							
"Save 25% on your entire order 09 Hours 57 Minutes 34Seconds use code: SPRING25"""	1	Urgency	foreign	ec_darkpattern	unknown	1.0	original							
Wigsbuy- Online Beauty Store of Fashion Wigs, Hair Extensions & Accessories for Sale.	0	Not Dark Pattern	foreign	ec_darkpattern	unknown	1.0	original							
Quick Navigation	0	Not Dark Pattern	foreign	ec_darkpattern	unknown	1.0	original							
CHF	0	Not Dark Pattern	foreign	ec_darkpattern	unknown	1.0	original							
+ Performance Cookies	0	Not Dark Pattern	foreign	ec_darkpattern	unknown	1.0	original							
No I don't feel lucky	1	Misdirection	foreign	ec_darkpattern	unknown	1.0	original							
Ericdress Summer Patchwork Polyester Long Women's Tank Top	0	Not Dark Pattern	foreign	ec_darkpattern	unknown	1.0	original							
 More Sports 	0	Not Dark Pattern	foreign	ec_darkpattern	unknown	1.0	original							
 Bento Lunch Boxes & Food Containers 	0	Not Dark Pattern	foreign	ec_darkpattern	unknown	1.0	original							
 Clinical Studies 	0	Not Dark Pattern	foreign	ec_darkpattern	unknown	1.0	original							
 Accessories Collection 	0	Not Dark Pattern	foreign	ec_darkpattern	unknown	1.0	original							
3 LEFT	1	Scarcity	foreign	ec_darkpattern	unknown	1.0	original							
 Electric Daisy 	0	Not Dark Pattern	foreign	ec_darkpattern	unknown	1.0	original							
 VUSE Alto Menthol Pods 	0	Not Dark Pattern	foreign	ec_darkpattern	unknown	1.0	original							
Hurry! Only 2 left at this price!	1	Scarcity	foreign	ec_darkpattern	unknown	1.0	original							
Limited Time Offer	1	Urgency	foreign	ec_darkpattern	unknown	1.0	original							
NO THANKS, I DON'T LIKE FREE STUFF	1	Misdirection	foreign	ec_darkpattern	unknown	1.0	original							
I’ve read and accept the terms & conditions * , I also authorize Bosley to contact me by phone or text utilizing automated dialing equipment, as well as by email or mail with information about appointments, products, services, news or promotions. I also agree to Bosley's Terms of Service. Otherwise, call Bosley at 800-985-6405 to request your FREE information kit or to schedule your FREE no-obligation consultation.	1	Forced Action	foreign	ec_darkpattern	unknown	1.0	original							
 Crystal Beads 	0	Not Dark Pattern	foreign	ec_darkpattern	unknown	1.0	original							
Last purchased at 11:19am today.	1	Social Proof	foreign	ec_darkpattern	unknown	1.0	original							
9 sold in last 4 hours	1	Social Proof	foreign	ec_darkpattern	unknown	1.0	original							
Less than 10 left in stock	1	Scarcity	foreign	ec_darkpattern	unknown	1.0	original							
· Physical Healing	0	Not Dark Pattern	foreign	ec_darkpattern	unknown	1.0	original							
WAX Jeans	0	Not Dark Pattern	foreign	ec_darkpattern	unknown	1.0	original							
 Sold out 	0	Not Dark Pattern	foreign	ec_darkpattern	unknown	1.0	original							
Only 1 piece left.	1	Scarcity	foreign	ec_darkpattern	unknown	1.0	original							
No thanks, I don't like good deals.	1	Misdirection	foreign	ec_darkpattern	unknown	1.0	original							
Only 5 pcs left!	1	Scarcity	foreign	ec_darkpattern	unknown	1.0	original							
Complete your purchase within the next 12:18 minutes and receive 10% off	1	Urgency	foreign	ec_darkpattern	unknown	1.0	original							
 All Clothing 	0	Not Dark Pattern	foreign	ec_darkpattern	unknown	1.0	original							
Rose Gold Shoes	0	Not Dark Pattern	foreign	ec_darkpattern	unknown	1.0	original							
33 sold in last 12 hours.	1	Social Proof	foreign	ec_darkpattern	unknown	1.0	original							
 Sign in & make your visit all about you 	0	Not Dark Pattern	foreign	ec_darkpattern	unknown	1.0	original							
3 Left	1	Scarcity	foreign	ec_darkpattern	unknown	1.0	original							
No thanks, I don't want discount	1	Misdirection	foreign	ec_darkpattern	unknown	1.0	original							
228 People Have Viewed This Product Recently!	1	Social Proof	foreign	ec_darkpattern	unknown	1.0	original							
Taxes and shipping will be estimated at checkout.	0	Not Dark Pattern	foreign	ec_darkpattern	unknown	1.0	original							
Shop all	0	Not Dark Pattern	foreign	ec_darkpattern	unknown	1.0	original							
HURRY! ONLY 58 LEFT IN STOCK!	1	Scarcity	foreign	ec_darkpattern	unknown	1.0	original							
Email us ASAP (like seriously) at getflat@flattummyco.com and we will do everything we can to update this for you. As soon as you order, we will send you a confirmation email so please check your details carefully.	0	Not Dark Pattern	foreign	ec_darkpattern	unknown	1.0	original							
Current Offers	0	Not Dark Pattern	foreign	ec_darkpattern	unknown	1.0	original							
Be the first to get updates as well as access to exclusive offers and promotions	0	Not Dark Pattern	foreign	ec_darkpattern	unknown	1.0	original							
Hayden near Princeton just bought!!!: CBD VEGAN GUMMIES	1	Social Proof	foreign	ec_darkpattern	unknown	1.0	original							
660 people have viewed today	1	Social Proof	foreign	ec_darkpattern	unknown	1.0	original							
Someone in Madrid, Spain just bought	1	Social Proof	foreign	ec_darkpattern	unknown	1.0	original							
 help@postergully.com	0	Not Dark Pattern	foreign	ec_darkpattern	unknown	1.0	original							
Sale Ends in 5 days 14 hours 42 mins 53 sec	1	Urgency	foreign	ec_darkpattern	unknown	1.0	original							
LOW STOCK: Only 1 left.	1	Scarcity	foreign	ec_darkpattern	unknown	1.0	original							
Men's Sports Bottoms	0	Not Dark Pattern	foreign	ec_darkpattern	unknown	1.0	original							
Only 16 Left in Stock!	1	Scarcity	foreign	ec_darkpattern	unknown	1.0	original							
 Shop By Shape 	0	Not Dark Pattern	foreign	ec_darkpattern	unknown	1.0	original							
$3,159.20 $3,949.00 Limited time only	1	Urgency	foreign	ec_darkpattern	unknown	1.0	original							
This link will open in a new window	0	Not Dark Pattern	foreign	ec_darkpattern	unknown	1.0	original							
Hurry Up ! Time is running out	1	Urgency	foreign	ec_darkpattern	unknown	1.0	original							
 Low Price Guarantee 	0	Not Dark Pattern	foreign	ec_darkpattern	unknown	1.0	original							
5 left	1	Scarcity	foreign	ec_darkpattern	unknown	1.0	original							
Someone in Arden Hills, United States purchased 120ml Young Napoleon | Best Strawberry Shortcake eJuice | Vaporham Lincoln eLiquid about 42 minutes ago	1	Social Proof	foreign	ec_darkpattern	unknown	1.0	original							
 Out of Stock! 	0	Not Dark Pattern	foreign	ec_darkpattern	unknown	1.0	original							
 Synthetic nicotine | Strawberry, kiwi & pomegranate 	0	Not Dark Pattern	foreign	ec_darkpattern	unknown	1.0	original							
Just BEE Queen	0	Not Dark Pattern	foreign	ec_darkpattern	unknown	1.0	original							
Would you like to buy more and save more?	1	Misdirection	foreign	ec_darkpattern	unknown	1.0	original							
FOR A LIMITED TIME ONLY	1	Urgency	foreign	ec_darkpattern	unknown	1.0	original							
 Track your order by entering your order number and email below or if you would like to create an account or log in (click here) 	0	Not Dark Pattern	foreign	ec_darkpattern	unknown	1.0	original							
Swedish Hasbeens	0	Not Dark Pattern	foreign	ec_darkpattern	unknown	1.0	original							
Someone in Tornado, United States just bought Fresh Melon Menthol 2 hours ago	1	Social Proof	foreign	ec_darkpattern	unknown	1.0	original							
Only 8 Left!	1	Scarcity	foreign	ec_darkpattern	unknown	1.0	original							
No Thanks, I Prefer Paying Full Price.	1	Misdirection	foreign	ec_darkpattern	unknown	1.0	original							
Unique and personalized products to go as yourself.	0	Not Dark Pattern	foreign	ec_darkpattern	unknown	1.0	original							
 Search Search 	0	Not Dark Pattern	foreign	ec_darkpattern	unknown	1.0	original							
Only 10 left in stock	1	Scarcity	foreign	ec_darkpattern	unknown	1.0	original							
Did you know we have an app? Create shareable art and custom PopSockets designs with our unique image editing tools.	0	Not Dark Pattern	foreign	ec_darkpattern	unknown	1.0	original							
John Boos	0	Not Dark Pattern	foreign	ec_darkpattern	unknown	1.0	original							
Limited time offer	1	Urgency	foreign	ec_darkpattern	unknown	1.0	original							
 Bar Stools	0	Not Dark Pattern	foreign	ec_darkpattern	unknown	1.0	original							
Get inspiration, new arrivals and the latest offers to your inbox.	0	Not Dark Pattern	foreign	ec_darkpattern	unknown	1.0	original							
11 people have purchased this item	1	Social Proof	foreign	ec_darkpattern	unknown	1.0	original							
2049 sold in the last 7 days	1	Social Proof	foreign	ec_darkpattern	unknown	1.0	original							
I don't like discounts	1	Misdirection	foreign	ec_darkpattern	unknown	1.0	original							
no thanks, I like paying full price	1	Misdirection	foreign	ec_darkpattern	unknown	1.0	original							
232 people are viewing this offer!	1	Social Proof	foreign	ec_darkpattern	unknown	1.0	original							
Prior to the automatic renewal and billing, we will notify you in advance (via the email you used at the time of enrollment) of (i) the pending renewal, (ii) the then current fees and charges applicable to the Passport Program, and (iii) where you may find more information about the Passport Program. We will also send you an additional email confirming your renewal. Should you elect not to renew your Membership, you may cancel at any time prior to the renewal by emailing us at passportmembership@1800flowers.com and your credit/debit card on file with us will not be charged. A confirmation email will be sent to you.	1	Obstruction	foreign	ec_darkpattern	unknown	1.0	original							
02 DAYS :23 HOURS :00 MINS :54 SECS	1	Urgency	foreign	ec_darkpattern	unknown	1.0	original							
1DAYS 04 HOURS 17 MINUTES 18 SECONDS	1	Urgency	foreign	ec_darkpattern	unknown	1.0	original							
LEGO Sondersets Saison Polybags Promotionals ExklusiveOpens in a new window or tab	0	Not Dark Pattern	foreign	ec_darkpattern	unknown	1.0	original							
Custom Kids Headwear	0	Not Dark Pattern	foreign	ec_darkpattern	unknown	1.0	original							
N++ is all about using your momentum to complete levels and get high scores, but in this sci-fi world, there’s a slew of inadvertently homicidal enemy robots trying to prevent you from completing your goal.	0	Not Dark Pattern	foreign	ec_darkpattern	unknown	1.0	original							
Sale ending in 0 days 04 hours 12 minutes 10 seconds	1	Urgency	foreign	ec_darkpattern	unknown	1.0	original							
Return my item	0	Not Dark Pattern	foreign	ec_darkpattern	unknown	1.0	original							
Baby Size Guide	0	Not Dark Pattern	foreign	ec_darkpattern	unknown	1.0	original							
127 People viewed this product this week	1	Social Proof	foreign	ec_darkpattern	unknown	1.0	original							
🔥 2 people are looking right now	1	Social Proof	foreign	ec_darkpattern	unknown	1.0	original							
 Drive and Focus 	0	Not Dark Pattern	foreign	ec_darkpattern	unknown	1.0	original							
Enter your email VIEW MY CODE OFFER EXPIRES IN: 0 minutes 00 seconds EXTRA 10% OFF	1	Urgency	foreign	ec_darkpattern	unknown	1.0	original							
161 people have viewed this item	1	Social Proof	foreign	ec_darkpattern	unknown	1.0	original							
Only 2 left.	1	Scarcity	foreign	ec_darkpattern	unknown	1.0	original							
Hurry! Only 7 left in stock.	1	Scarcity	foreign	ec_darkpattern	unknown	1.0	original							
Hot Offer. Limited Time	1	Urgency	foreign	ec_darkpattern	unknown	1.0	original							
 Gameday Collection 	0	Not Dark Pattern	foreign	ec_darkpattern	unknown	1.0	original							
Whoops! 	0	Not Dark Pattern	foreign	ec_darkpattern	unknown	1.0	original							
Only 1 Left in Stock!	1	Scarcity	foreign	ec_darkpattern	unknown	1.0	original							
Memory Cards	0	Not Dark Pattern	foreign	ec_darkpattern	unknown	1.0	original							
Rick in Columbia, United States purchased a	1	Social Proof	foreign	ec_darkpattern	unknown	1.0	original							
9 items left	1	Scarcity	foreign	ec_darkpattern	unknown	1.0	original							
Hurry up! Only 11 items left	1	Scarcity	foreign	ec_darkpattern	unknown	1.0	original							
Welcome Newcomer	0	Not Dark Pattern	foreign	ec_darkpattern	unknown	1.0	original							
Debby in Harpers Ferry, United States just bought: Icing Pen Decorating Tool	1	Social Proof	foreign	ec_darkpattern	unknown	1.0	original							
Grab yourself a bargain!	1	Misdirection	foreign	ec_darkpattern	unknown	1.0	original							
We are not currently accepting orders from outside of the UK.	0	Not Dark Pattern	foreign	ec_darkpattern	unknown	1.0	original							
Hurry! Only 1 left!	1	Scarcity	foreign	ec_darkpattern	unknown	1.0	original							
NRA Whittington Center Store	0	Not Dark Pattern	foreign	ec_darkpattern	unknown	1.0	original							
No Thanks, I prefer not to have a protection plan	1	Misdirection	foreign	ec_darkpattern	unknown	1.0	original							
New Vintage Stylish Belt Watch - Women	0	Not Dark Pattern	foreign	ec_darkpattern	unknown	1.0	original							
31 have it in their cart	1	Social Proof	foreign	ec_darkpattern	unknown	1.0	original							
 First to know about upcoming tastings & events 	0	Not Dark Pattern	foreign	ec_darkpattern	unknown	1.0	original							
 Why buy from us 	0	Not Dark Pattern	foreign	ec_darkpattern	unknown	1.0	original							
Plus Size Shirts and Blouses	0	Not Dark Pattern	foreign	ec_darkpattern	unknown	1.0	original							
People also buy this with	1	Misdirection	foreign	ec_darkpattern	unknown	1.0	original							
HURRY! ONLY 31 LEFT IN STOCK.	1	Scarcity	foreign	ec_darkpattern	unknown	1.0	original							
 A Date With Duchess 	0	Not Dark Pattern	foreign	ec_darkpattern	unknown	1.0	original							
Only 3 left.	1	Scarcity	foreign	ec_darkpattern	unknown	1.0	original							
Wish Your Loved Ones Instantly with Ferns N Petals International Services	0	Not Dark Pattern	foreign	ec_darkpattern	unknown	1.0	original							
We may also disclose your information to third parties who may contact you with details of other products and services which may be of interest. If you do not want your name and mailing details made available in this way please email opt-out@nextdirect.com	1	Obstruction	foreign	ec_darkpattern	unknown	1.0	original							
Order now, only 2 left in stock!	1	Scarcity	foreign	ec_darkpattern	unknown	1.0	original							
 PopGrip MagSafe Refine by Product Type: PopGrip MagSafe 	0	Not Dark Pattern	foreign	ec_darkpattern	unknown	1.0	original							
What's New By Category	0	Not Dark Pattern	foreign	ec_darkpattern	unknown	1.0	original							
 Active Filters English (United States) English (United States) ✘ Remove Filter 	0	Not Dark Pattern	foreign	ec_darkpattern	unknown	1.0	original							
Someone in Chambersburg, Pennsylvania purchased	1	Social Proof	foreign	ec_darkpattern	unknown	1.0	original							
› Sub Ohm Juice	0	Not Dark Pattern	foreign	ec_darkpattern	unknown	1.0	original							
2day 13:49:51 Left	1	Urgency	foreign	ec_darkpattern	unknown	1.0	original							
Hurry up! Sale Ends in	1	Urgency	foreign	ec_darkpattern	unknown	1.0	original							
B-Series Truck remotes	0	Not Dark Pattern	foreign	ec_darkpattern	unknown	1.0	original							
Red Tops	0	Not Dark Pattern	foreign	ec_darkpattern	unknown	1.0	original							
 JOINT Oil 	0	Not Dark Pattern	foreign	ec_darkpattern	unknown	1.0	original							
Limited Stock	1	Scarcity	foreign	ec_darkpattern	unknown	1.0	original							
Orthopedic	0	Not Dark Pattern	foreign	ec_darkpattern	unknown	1.0	original							
Retro Cordless Edison Bulb Lamp	0	Not Dark Pattern	foreign	ec_darkpattern	unknown	1.0	original							
93 PEOPLE HAVE BOUGHT THIS PRODUCT TODAY	1	Social Proof	foreign	ec_darkpattern	unknown	1.0	original							
Speed Lace Accessory Kit - Silver	0	Not Dark Pattern	foreign	ec_darkpattern	unknown	1.0	original							
No, thanks. I'd rather pay full price.	1	Misdirection	foreign	ec_darkpattern	unknown	1.0	original							
LIMITED TIME OFFER : Grab a Matching Pair & save up 60%!	1	Misdirection	foreign	ec_darkpattern	unknown	1.0	original							
Americas	0	Not Dark Pattern	foreign	ec_darkpattern	unknown	1.0	original							
Here to help	0	Not Dark Pattern	foreign	ec_darkpattern	unknown	1.0	original							
 Comfy and looks great 	0	Not Dark Pattern	foreign	ec_darkpattern	unknown	1.0	original							
Creators' Council	0	Not Dark Pattern	foreign	ec_darkpattern	unknown	1.0	original							
Yes! Upgrade my purchase	1	Misdirection	foreign	ec_darkpattern	unknown	1.0	original							
Jeremy in Warroad, United States purchased a	1	Social Proof	foreign	ec_darkpattern	unknown	1.0	original							
Kick those cravings	0	Not Dark Pattern	foreign	ec_darkpattern	unknown	1.0	original							
 Brushes + Tools 	0	Not Dark Pattern	foreign	ec_darkpattern	unknown	1.0	original							
Free climate compensated shipping & returns	0	Not Dark Pattern	foreign	ec_darkpattern	unknown	1.0	original							
Deal expires in: 03 hrs 25 mins 22 sec	1	Urgency	foreign	ec_darkpattern	unknown	1.0	original							
FREE SHIPPING // FOR A LIMITED TIME ONLY	1	Urgency	foreign	ec_darkpattern	unknown	1.0	original							
 Read More 	0	Not Dark Pattern	foreign	ec_darkpattern	unknown	1.0	original							
Location: Kansas City, MO	0	Not Dark Pattern	foreign	ec_darkpattern	unknown	1.0	original							
Find your local store, view opening hours and find out where you can get your latest pickup in-store!	0	Not Dark Pattern	foreign	ec_darkpattern	unknown	1.0	original							
only 5 left in stock!	1	Scarcity	foreign	ec_darkpattern	unknown	1.0	original							
Casual Wear	0	Not Dark Pattern	foreign	ec_darkpattern	unknown	1.0	original							
40% OFF EVERYTHING* ENTER: 40PLT + FREE SHIPPING OVER $80 HURRY! LIMITED TIME ONLY	1	Urgency	foreign	ec_darkpattern	unknown	1.0	original							
 Resend One time Pin 	0	Not Dark Pattern	foreign	ec_darkpattern	unknown	1.0	original							
Case Material	0	Not Dark Pattern	foreign	ec_darkpattern	unknown	1.0	original							
Natalie in Graham, United States purchased a FREE BTS Answer Magic Pillow about 1 hour ago	1	Social Proof	foreign	ec_darkpattern	unknown	1.0	original							
tedpullin	0	Not Dark Pattern	foreign	ec_darkpattern	unknown	1.0	original							
Custom Women's Apparel	0	Not Dark Pattern	foreign	ec_darkpattern	unknown	1.0	original							
Ask a Question	0	Not Dark Pattern	foreign	ec_darkpattern	unknown	1.0	original							
Discontinued Item	0	Not Dark Pattern	foreign	ec_darkpattern	unknown	1.0	original							
Order Subtotal $19.99 Standard Delivery $12.99 Care & Handling $2.99 Tax $2.38 Total $38.35 Savings Today $10.00	1	Sneaking	foreign	ec_darkpattern	unknown	1.0	original							
No I'd rather not hear about exclusive offers and discounts.	1	Misdirection	foreign	ec_darkpattern	unknown	1.0	original							
No thanks, I’d rather pay more	1	Misdirection	foreign	ec_darkpattern	unknown	1.0	original							
Only 3 left in stock!	1	Scarcity	foreign	ec_darkpattern	unknown	1.0	original							
 Don't leave without taking discount 	0	Not Dark Pattern	foreign	ec_darkpattern	unknown	1.0	original							
View your order history	0	Not Dark Pattern	foreign	ec_darkpattern	unknown	1.0	original							
What people are saying about us...	1	Social Proof	foreign	ec_darkpattern	unknown	1.0	original							
Hydration	0	Not Dark Pattern	foreign	ec_darkpattern	unknown	1.0	original							
Act now and save $12.99. Limited time only!	1	Urgency	foreign	ec_darkpattern	unknown	1.0	original							
Only 13 left!	1	Scarcity	foreign	ec_darkpattern	unknown	1.0	original							
If your JR Plus membership has renewed automatically, you have seven (7) days after payment is taken to cancel your annual membership. You must contact Customer Service at (888) 574-3576 within this window and not have made any eligible purchase using the JR Plus service. You will then be provided with a full refund of your membership fee for the renewal year and the JR Plus service will be cancelled from your account. If you cancel during any renewal year after the seven (7) day window expires, you are not entitled to any refund of the renewal fee, even if you have not made any eligible purchase during the renewal term.	1	Obstruction	foreign	ec_darkpattern	unknown	1.0	original							
Tick here if you do not want to receive Promotional Offers by Post Tick here if you do wish to receive Promotional Offers by email and/or SMS Tick here if you would like to receive Offers from selected third parties	1	Misdirection	foreign	ec_darkpattern	unknown	1.0	original							
40% OFF EVERYTHING* ENTER: 40PLT + FREE SHIPPING ON ALL ORDERS OVER $80 	1	Urgency	foreign	ec_darkpattern	unknown	1.0	original							
about us	0	Not Dark Pattern	foreign	ec_darkpattern	unknown	1.0	original							
 Microsoft Xbox One S Wireless Controller » 	0	Not Dark Pattern	foreign	ec_darkpattern	unknown	1.0	original							
Carports & Garages	0	Not Dark Pattern	foreign	ec_darkpattern	unknown	1.0	original							
You may cancel your membership at any time by calling us at at 855-861-2573 (6:00AM – 5:00PM PST) or by emailing support@luckytacklebox.com. California residents may also cancel your subscription by accessing your Account through the Site.	1	Obstruction	foreign	ec_darkpattern	unknown	1.0	original							
Hurry, only 5 left	1	Scarcity	foreign	ec_darkpattern	unknown	1.0	original							
After trying several other shades of red, I’ve tried this one and just love it. It is the perfect shade of brown with beautiful red highlights, very rich color, and very beautiful.	0	Not Dark Pattern	foreign	ec_darkpattern	unknown	1.0	original							
No thanks! I don't like deals	1	Misdirection	foreign	ec_darkpattern	unknown	1.0	original							
 Ireland EUR	0	Not Dark Pattern	foreign	ec_darkpattern	unknown	1.0	original							
Fashion Forward	0	Not Dark Pattern	foreign	ec_darkpattern	unknown	1.0	original							
You may cancel your Minted More membership at any time by contacting Minted Customer Service at www.minted.com/help. If you cancel your membership before your Minted More gift box has shipped, we will refund your full membership fee; provided that we may charge you (or withhold from your refund) the value of Minted More discount benefits used by you and your account prior to cancellation. If you cancel at any other time, your membership fee is non-refundable.	1	Obstruction	foreign	ec_darkpattern	unknown	1.0	original							
Optics and Mounts	0	Not Dark Pattern	foreign	ec_darkpattern	unknown	1.0	original							
Don't Know Pincode?	0	Not Dark Pattern	foreign	ec_darkpattern	unknown	1.0	original							
SALE ENDS IN 19 DAYS, 9 HOURS, 50 MINUTES, 54 SECONDS	1	Urgency	foreign	ec_darkpattern	unknown	1.0	original							
Your order is reserved for 29:52 minutes!	1	Urgency	foreign	ec_darkpattern	unknown	1.0	original							
NA-KD, White	0	Not Dark Pattern	foreign	ec_darkpattern	unknown	1.0	original							
Game Extraction & Prep	0	Not Dark Pattern	foreign	ec_darkpattern	unknown	1.0	original							
Golf Remotes	0	Not Dark Pattern	foreign	ec_darkpattern	unknown	1.0	original							
Baby Girl Shoes	0	Not Dark Pattern	foreign	ec_darkpattern	unknown	1.0	original							
 Books About Indian Culture 	0	Not Dark Pattern	foreign	ec_darkpattern	unknown	1.0	original							
For any other inquiries, Click here	0	Not Dark Pattern	foreign	ec_darkpattern	unknown	1.0	original							
Round Boards	0	Not Dark Pattern	foreign	ec_darkpattern	unknown	1.0	original							
LIMITED TIME ONLY	1	Urgency	foreign	ec_darkpattern	unknown	1.0	original							
Only 9 left!	1	Scarcity	foreign	ec_darkpattern	unknown	1.0	original							
Mher from San Angelo, TX Recently made a purchase with Crossrope	1	Social Proof	foreign	ec_darkpattern	unknown	1.0	original							
There's no obligation to buy as an Xtra VIP Member, nor is there any minimum number of months or commitment for membership. You can shop or ‘Skip’ by the 5th of each month, and you can cancel your membership at any time by calling (855) SAVAGEX (open 24/7).	1	Obstruction	foreign	ec_darkpattern	unknown	1.0	original							
3 left in stock	1	Scarcity	foreign	ec_darkpattern	unknown	1.0	original							
No thanks. I love chaos!	1	Misdirection	foreign	ec_darkpattern	unknown	1.0	original							
 By Doug	0	Not Dark Pattern	foreign	ec_darkpattern	unknown	1.0	original							
No thanks, I like paying full price	1	Misdirection	foreign	ec_darkpattern	unknown	1.0	original							
Show Cart	0	Not Dark Pattern	foreign	ec_darkpattern	unknown	1.0	original							
Lean To Sheds	0	Not Dark Pattern	foreign	ec_darkpattern	unknown	1.0	original							
 Cordless Phones For Seniors 	0	Not Dark Pattern	foreign	ec_darkpattern	unknown	1.0	original							
ONLY 9 LEFT	1	Scarcity	foreign	ec_darkpattern	unknown	1.0	original							
No Thanks, I don't want official software at the best price.	1	Misdirection	foreign	ec_darkpattern	unknown	1.0	original							
 Bra Panty Set 	0	Not Dark Pattern	foreign	ec_darkpattern	unknown	1.0	original							
DressesFootwearHatsHoodies & SweatshirtsJerseysPantsSleepwear & UnderwearSwim CollectionT-ShirtsSale Items- View All -	0	Not Dark Pattern	foreign	ec_darkpattern	unknown	1.0	original							
Only 4 left in stock	1	Scarcity	foreign	ec_darkpattern	unknown	1.0	original							
Trending Players	0	Not Dark Pattern	foreign	ec_darkpattern	unknown	1.0	original							
10 Left in stock	1	Scarcity	foreign	ec_darkpattern	unknown	1.0	original							
Cooper	0	Not Dark Pattern	indian	spinny	product	0.8009270933736166	txt_body				0.0			
Clear fines, Drive easy	0	Not Dark Pattern	indian	spinny	landing	0.8107070939692939	txt_body				0.0			
fashion accessories	0	Not Dark Pattern	indian	shoppers_stop	landing	0.8897943202518774	json_element	0.0	0.0	1.0	0.0	0.0	1.0	
Beetel X92 2.4Ghz Cordless Landline Phone,Dual Mode DTMF/FSK,1 Line 7 Segment LCD Display & Blue LED Backlit,Illuminated Keypad,2 Way Speaker Phone,6 Step Ringer Volume Control (Black)(X92) | 1 Line 7 Segment LCD Display, Illuminated Keypad, 2 Way Speaker Phone, 6 Step Ringer Volume Control (Black)(X92)	0	Not Dark Pattern	indian	amazon_in	product	0.8005714630063608	txt_body				0.0			
WOMEN'S BEAUTY & CARE	0	Not Dark Pattern	indian	FirstCry	product	0.8320938760550219	json_element	1.0	1.0	0.0	0.0	0.0	1.0	
All Vaporizer	0	Not Dark Pattern	indian	PharmEasy	landing	0.9226349302968742	json_element	1.0	1.0	0.0	0.0	0.0	1.0	
Date, new to old	0	Not Dark Pattern	indian	noise	product	0.828777216401544	json_element	0.0	0.0	0.0	0.0	0.0	1.0	
(71 Reviews)	0	Not Dark Pattern	indian	Moglix	landing	0.8157400372517509	txt_body				0.0			
Elie Saab Accessories	0	Not Dark Pattern	indian	nykaa	landing	0.891539001623241	json_element	1.0	1.0	0.0	0.0	0.0	1.0	
"My Payments
View And Modify Payment Methods"	0	Not Dark Pattern	indian	Bewakoof	settings	0.9137777835792237	json_element	0.0	0.0	0.0	1.0	1.0	0.0	
Popular Search In Personal Care:-Personal Care |Bath and Shower |Body Washes and Shower Gels |Body Scrubs and Exfoliators |Soaps |Bath and Shower Sets |Body Care |Body Moisturizers |Body Lotions and Body Oils |Hands and Feet |Handwashes |Hand Creams |Feminine Hygiene	0	Not Dark Pattern	indian	shoppers_stop	landing	0.8620499094891857	txt_body				0.0			
Queen Size Beds,	0	Not Dark Pattern	indian	myntra	landing	0.8009113180712711	json_element	0.0	0.0	1.0	0.0	0.0	1.0	
The widest range of top bodybuilding supplements.	0	Not Dark Pattern	indian	HealthKart	landing	0.8685180589619033	txt_body				0.0			
ALL KIDS JEWELLERY (By Popularity)	0	Not Dark Pattern	indian	bluestone	product	0.9148891451438524	json_element	1.0	1.0	0.0	0.0	0.0	1.0	
Smart Watches Above ₹5000	0	Not Dark Pattern	indian	noise	landing	0.8158948667163735	json_element	0.0	0.0	0.0	0.0	0.0	1.0	
PRINT PARADE	0	Not Dark Pattern	indian	TheLabelLife	landing	0.8161635097808819	json_element	1.0	1.0	0.0	0.0	0.0	1.0	
Men Relaxed Shirts	0	Not Dark Pattern	indian	The Souled Store	product	0.8559096724823143	txt_body				0.0			
Home Ecstasy	0	Not Dark Pattern	indian	nykaa	landing	0.828516327986744	json_element	1.0	1.0	0.0	0.0	0.0	1.0	
"Vaseline Intensive Care Body Deep Moisture Lotion
Bottle of 200 ml lotion
4.6
(5"	0	Not Dark Pattern	indian	Tata 1mg	cart	0.815994834767892	json_element	0.0	0.0	0.0	0.0	0.0	1.0	
Women's Flip Flops	0	Not Dark Pattern	indian	Bewakoof	product	0.8234752243796597	json_element	0.0	0.0	1.0	0.0	0.0	1.0	
Men's Diamond Earrings	0	Not Dark Pattern	indian	bluestone	landing	0.8365128151396009	json_element	0.0	0.0	1.0	0.0	0.0	1.0	
"4.0
TrueBasics Steel Pro Shaker, True White 700 ml"	0	Not Dark Pattern	indian	HealthKart	landing	0.8049086690938799	json_element	0.0	0.0	1.0	0.0	0.0	1.0	
True Wireless Stereo	0	Not Dark Pattern	indian	boult	landing	0.82105650420803	json_element	1.0	1.0	0.0	0.0	0.0	1.0	
Liver Care Products	0	Not Dark Pattern	indian	PharmEasy	landing	0.8496404339746757	json_element	1.0	1.0	0.0	0.0	0.0	1.0	
ALL NECKLACES (By Popularity)	0	Not Dark Pattern	indian	bluestone	product	0.9148891451438524	json_element	1.0	1.0	0.0	0.0	0.0	1.0	
Women Jeans	0	Not Dark Pattern	indian	Shopsy	landing	0.8406717075577338	json_element	0.0	0.0	0.0	0.0	0.0	1.0	
Social Media Integration	0	Not Dark Pattern	indian	Techjockey	product	0.8084345755726334	txt_body				0.0			
Body Cupid	0	Not Dark Pattern	indian	nykaa	landing	0.8082859214350229	json_element	1.0	1.0	0.0	0.0	0.0	1.0	
Boots	0	Not Dark Pattern	indian	ajio	landing	0.8254171671539817	json_element	0.0	0.0	0.0	0.0	0.0	1.0	
Personal info	0	Not Dark Pattern	indian	HealthKart	settings	0.8389072557473061	txt_body				1.0			
Review a Product	0	Not Dark Pattern	indian	Techjockey	settings	0.8454556620647993	json_element	0.0	0.0	0.0	1.0	0.0	1.0	
Tops for Women	0	Not Dark Pattern	indian	snapdeal	landing	0.8096818221786992	json_element	0.0	0.0	1.0	0.0	0.0	1.0	
Tommy Hilfiger Accessories	0	Not Dark Pattern	indian	nykaa	landing	0.891539001623241	json_element	1.0	1.0	0.0	0.0	0.0	1.0	
CLOTH NAPPIES & ACCESSORIES	0	Not Dark Pattern	indian	FirstCry	product	0.8581189804626661	json_element	1.0	1.0	0.0	0.0	0.0	1.0	
Shop Protein by Goal	0	Not Dark Pattern	indian	HealthKart	landing	0.869504492197128	txt_body				0.0			
U Neck	0	Not Dark Pattern	indian	snapdeal	product	0.8336614730486098	json_element	0.0	0.0	0.0	0.0	0.0	1.0	
rings with religious motifs	0	Not Dark Pattern	indian	bluestone	product	0.8336071840746878	json_element	0.0	0.0	1.0	0.0	0.0	1.0	
Find a store	0	Not Dark Pattern	indian	bluestone	landing	0.8344969750816809	json_element	0.0	0.0	0.0	0.0	0.0	1.0	
Health Foods	0	Not Dark Pattern	indian	nykaa	landing	0.8015473788878191	json_element	1.0	1.0	0.0	0.0	0.0	1.0	
Top Rated	0	Not Dark Pattern	indian	boult	product	0.8096774761692234	json_element	0.0	0.0	1.0	0.0	0.0	1.0	
Men's Plus Size Shirts	0	Not Dark Pattern	indian	Bewakoof	product	0.8487704832439467	json_element	0.0	0.0	0.0	0.0	0.0	1.0	
Babyhug Silicone Finger Toothbrush With...	0	Not Dark Pattern	indian	FirstCry	checkout	0.8336071840746878	txt_body				1.0			
Bangalore Palace, Palace Cross Rd, Vasanth Nagar, Bengaluru	0	Not Dark Pattern	indian	licious	product	0.8131659209691487	txt_body				0.0			
Savya Home (5)	0	Not Dark Pattern	indian	Moglix	product	0.828516327986744	txt_body				0.0			
Body Care	0	Not Dark Pattern	indian	FirstCry	product	0.8333714650917182	json_element	1.0	1.0	0.0	0.0	0.0	1.0	
Body Scrubs	0	Not Dark Pattern	indian	FirstCry	product	0.8082859214350229	json_element	1.0	1.0	0.0	0.0	0.0	1.0	
CLOTHING AND ACCESSORIES	0	Not Dark Pattern	indian	Shopsy	product	0.9141097954300256	json_element	0.0	0.0	0.0	0.0	0.0	1.0	
21, 21, 42, Pocket 2, Dwarka Sector 9, Dwarka, New Delhi, Delhi, 110077, India	0	Not Dark Pattern	indian	Zepto	checkout	0.8317704952100484	txt_body				1.0			
Men's White Cotton Linen Shirt	0	Not Dark Pattern	indian	Bewakoof	product	0.8316343809425678	txt_body				0.0			
Ask Question	0	Not Dark Pattern	indian	Techjockey	landing	0.8190672244623407	json_element	0.0	0.0	0.0	0.0	0.0	1.0	
Tea Culture of The World	0	Not Dark Pattern	indian	nykaa	landing	0.8556898307753544	json_element	1.0	1.0	0.0	0.0	0.0	1.0	
Coloring, Sequencing & Engraving Art	0	Not Dark Pattern	indian	FirstCry	product	0.8106463749759749	json_element	1.0	1.0	0.0	0.0	0.0	1.0	
Browse All Cities	0	Not Dark Pattern	indian	PharmEasy	landing	0.8822825925303788	json_element	0.0	0.0	1.0	0.0	0.0	1.0	
Home Delivery	0	Not Dark Pattern	indian	lifestyle	checkout	0.8578902345155376	txt_body				1.0			
URB_N Men Floral Print Resort Shirt	0	Not Dark Pattern	indian	max_fashion	product	0.836227562703437	json_element	0.0	0.0	0.0	0.0	0.0	1.0	
Includes: Number of Bedsheets: 1, Number of Pillow Covers: 2	0	Not Dark Pattern	indian	flipkart	product	0.8399245833377862	txt_body				0.0			
Gerua By Libas	0	Not Dark Pattern	indian	nykaa	landing	0.829879306540604	json_element	1.0	1.0	0.0	0.0	0.0	1.0	
(21 Reviews)	0	Not Dark Pattern	indian	Moglix	landing	0.8157400372517509	txt_body				0.0			
Learning & Activity Bath Toys	0	Not Dark Pattern	indian	FirstCry	product	0.8470707687556771	json_element	1.0	1.0	0.0	0.0	0.0	1.0	
"noisefit diva1.1"" amoled diamond cut display | 1.1"" amoled display | ai voice as"	0	Not Dark Pattern	indian	noise	product	0.8315716717745973	json_element	1.0	1.0	0.0	0.0	0.0	1.0	
CCTV Cameras and Accessories	0	Not Dark Pattern	indian	Moglix	landing	0.8918485161929802	json_element	0.0	0.0	1.0	0.0	0.0	1.0	
"Bestsellers
4.8
Mustang® Official Collab Stallion Ignite Gold | Prebook Pass
Pre"	0	Not Dark Pattern	indian	boult	landing	0.8096207039781758	json_element	0.0	0.0	0.0	0.0	0.0	1.0	
Tata 1mg provides you with medical information which is curated, written and verified by experts, accurate and trustworthy. Our experts create high-quality content about medicines, diseases, lab investigations, Over-The-Counter (OTC) health products, Ayurvedic herbs/ingredients, and alternative remedies.	0	Not Dark Pattern	indian	Tata 1mg	product	0.8312379683926715	txt_body				0.0			
Privacy concerns	0	Not Dark Pattern	indian	amazon_in	cancel_step	0.8162033699123004	txt_body				1.0			
Network Devices	0	Not Dark Pattern	indian	Techjockey	settings	0.8261448658062739	json_element	1.0	1.0	0.0	1.0	0.0	1.0	
Inner Wear	0	Not Dark Pattern	indian	ajio	landing	0.8110766398555482	json_element	0.0	0.0	0.0	0.0	0.0	1.0	
Men Prestige Body Spray 180 ml	0	Not Dark Pattern	indian	myntra	cart	0.8298878283839454	txt_body				0.0			
Dental Care	0	Not Dark Pattern	indian	nykaa	landing	0.8264863837642831	json_element	1.0	1.0	0.0	0.0	0.0	1.0	
Grievance Redressal Policy	0	Not Dark Pattern	indian	Tata 1mg	product	0.8303471754032551	json_element	0.0	0.0	0.0	0.0	0.0	1.0	
State Bank of Travancore	0	Not Dark Pattern	indian	amazon_in	checkout	0.8583504963111845	txt_body				1.0			
Baby Blankets	0	Not Dark Pattern	indian	Shopsy	landing	0.8510273750262443	json_element	0.0	0.0	0.0	0.0	0.0	1.0	
Men Fragrances	0	Not Dark Pattern	indian	shoppers_stop	landing	0.8202505511122231	json_element	0.0	0.0	1.0	0.0	0.0	1.0	
TSS POINTS	0	Not Dark Pattern	indian	The Souled Store	cancel_step	0.8254158898424967	txt_body				1.0			
My Activity	0	Not Dark Pattern	indian	Shopsy	settings	0.869635263945345	txt_body				1.0			
AVA Designz Marble Top Grey & Gold End C-Shape Table	0	Not Dark Pattern	indian	Moglix	product	0.8203308986326305	json_element	0.0	0.0	1.0	0.0	0.0	1.0	
Manage Addresses	0	Not Dark Pattern	indian	boult	settings	0.8022107524462082	txt_body				1.0			
More banks	0	Not Dark Pattern	indian	JioMart	payment	0.8073250998351251	txt_body				1.0			
Luggage Trolley Bags	0	Not Dark Pattern	indian	ajio	landing	0.8171913423787497	json_element	0.0	0.0	0.0	0.0	0.0	1.0	
Joggers | Shorts	0	Not Dark Pattern	indian	westside	landing	0.8173899283939563	json_element	1.0	1.0	0.0	0.0	0.0	1.0	
Nightwear (17490)	0	Not Dark Pattern	indian	FirstCry	product	0.8025520730074565	json_element	0.0	0.0	0.0	0.0	0.0	1.0	
winter wear	0	Not Dark Pattern	indian	LimeRoad	landing	0.8159412897970688	json_element	1.0	1.0	0.0	0.0	0.0	1.0	
CSR Policy	0	Not Dark Pattern	indian	licious	landing	0.8303471754032551	json_element	0.0	0.0	0.0	0.0	0.0	1.0	
JK Steel JKPI001BN Steel Toe Work Safety Shoes, Size: 8	0	Not Dark Pattern	indian	Moglix	landing	0.83893937276628	json_element	0.0	0.0	1.0	0.0	0.0	1.0	
Clear	0	Not Dark Pattern	indian	FirstCry	product	0.8072160138291746	json_element	0.0	1.0	0.0	0.0	0.0	1.0	
Yes, Clear All	0	Not Dark Pattern	indian	Clovia	checkout	0.8353721011359825	json_element	1.0	1.0	0.0	1.0	1.0	0.0	
Health Oxide	0	Not Dark Pattern	indian	HealthKart	product	0.8015473788878191	json_element	0.0	0.0	0.0	0.0	0.0	1.0	
NEFERTITI HOME	0	Not Dark Pattern	indian	nykaa	landing	0.828516327986744	json_element	1.0	1.0	0.0	0.0	0.0	1.0	
Health monitoring	0	Not Dark Pattern	indian	boult	cart	0.8015473788878191	txt_body				0.0			
Vaseline Deep Moisture Body Lotion N | For Cushion Soft Skin| With Ceramides Hyaluron 400 ml	0	Not Dark Pattern	indian	Purplle	product	0.800847201433488	txt_body				0.0			
White Printed Shirt	0	Not Dark Pattern	indian	pantaloons	product	0.8457666679370925	txt_body				0.0			
URB_N Women Embroidered Shirt	0	Not Dark Pattern	indian	max_fashion	product	0.8260340188413237	json_element	0.0	0.0	0.0	0.0	0.0	1.0	
3 And Below	0	Not Dark Pattern	indian	HealthKart	product	0.8641151735561265	txt_body				0.0			
Men's Gold Earrings	0	Not Dark Pattern	indian	bluestone	landing	0.8274816469941666	json_element	0.0	0.0	1.0	0.0	0.0	1.0	
Pumpd Chugger Tumbler with Straw, Cap & Holder, Black 1.2 L	0	Not Dark Pattern	indian	HealthKart	landing	0.8287602411171406	json_element	0.0	0.0	1.0	0.0	0.0	1.0	
"V-SHAPE SUPPS
4"	0	Not Dark Pattern	indian	HealthKart	product	0.8102278470921179	json_element	0.0	0.0	0.0	0.0	0.0	1.0	
hair	0	Not Dark Pattern	indian	LimeRoad	landing	0.8537299390655018	json_element	1.0	1.0	0.0	0.0	0.0	1.0	
True Wireless	0	Not Dark Pattern	indian	boult	landing	0.82105650420803	json_element	0.0	0.0	1.0	0.0	0.0	1.0	
Baby Boys (0-4 years)	0	Not Dark Pattern	indian	lifestyle	landing	0.8458199391200967	json_element	0.0	0.0	1.0	0.0	0.0	1.0	
+ 28 more	0	Not Dark Pattern	indian	Netmeds	product	0.8073250998351251	txt_body				0.0			
Shopping programs and rentals	0	Not Dark Pattern	indian	amazon_in	settings	0.8528779844224953	txt_body				1.0			
Questions and Answers	0	Not Dark Pattern	indian	JioMart	cart	0.8574903169413326	txt_body				0.0			
All Eye Care Products	0	Not Dark Pattern	indian	PharmEasy	landing	0.9073041694672539	json_element	1.0	1.0	0.0	0.0	0.0	1.0	
4BT Square Watch for Men & Boys | Multicolor Dial Analog Watch | Stylish Designer Wrist Watch | Soft Silicon Strap Casual Fashion Watch for Daily Wear	0	Not Dark Pattern	indian	JioMart	product	0.8034520825947924	txt_body				0.0			
Categories	0	Not Dark Pattern	indian	Blinkit	landing	0.8088896140475681	txt_body				0.0			
"Search ""night driving glasses"""	0	Not Dark Pattern	indian	Lenskart	landing	0.8277556351585608	txt_body				0.0			
Learning & Educational Toys	0	Not Dark Pattern	indian	FirstCry	product	0.8283184996373271	json_element	1.0	1.0	0.0	0.0	0.0	1.0	
Reebok Synthetic Low Tops Lace Up Men's Sports Shoes	0	Not Dark Pattern	indian	shoppers_stop	product	0.8183490903742837	txt_body				0.0			
"!
Search ""sugar""
Search ""butter"""	0	Not Dark Pattern	indian	Blinkit	cancel_step	0.8472070359123456	json_element	0.0	0.0	0.0	1.0	0.0	1.0	
Women's Top Wear	0	Not Dark Pattern	indian	Bewakoof	product	0.8537906820248158	json_element	0.0	0.0	0.0	0.0	0.0	1.0	
Girls Innerwear And Sleepwear	0	Not Dark Pattern	indian	pantaloons	product	0.8616743259045757	json_element	1.0	1.0	0.0	0.0	0.0	1.0	
Shirt | Tops	0	Not Dark Pattern	indian	westside	landing	0.8597433452337402	json_element	1.0	1.0	0.0	0.0	0.0	1.0	
Medical Beds	0	Not Dark Pattern	indian	Moglix	landing	0.8077057104221577	txt_body				0.0			
Women Watch	0	Not Dark Pattern	indian	boult	product	0.82866723079058	txt_body				0.0			
Some of the best designer T-shirts for men include :	0	Not Dark Pattern	indian	myntra	product	0.8396450314405638	txt_body				0.0			
Girls Footwear	0	Not Dark Pattern	indian	pantaloons	product	0.818093473123026	json_element	1.0	1.0	0.0	0.0	0.0	1.0	
OUR STORES	0	Not Dark Pattern	indian	Clovia	landing	0.813857409139088	json_element	0.0	0.0	0.0	0.0	0.0	1.0	
Select Address	0	Not Dark Pattern	indian	shoppers_stop	cart	0.804962929210737	json_element	0.0	0.0	0.0	0.0	1.0	0.0	
our product	0	Not Dark Pattern	indian	boult	landing	0.8271372007164232	txt_body				0.0			
Beauty And Grooming	0	Not Dark Pattern	indian	flipkart	landing	0.8332187305279907	json_element	1.0	1.0	0.0	0.0	0.0	1.0	
"ENITOR Men Cotton Blend Oversized Fit Printed T-Shirt ( Dark Green )

Rs. 1,499"	0	Not Dark Pattern	indian	snapdeal	product	0.8337408395945288	json_element	0.0	0.0	0.0	0.0	0.0	1.0	
TIGERSNAKE Men Color Block Casual Blue, Orange, White Shirt	0	Not Dark Pattern	indian	Shopsy	product	0.8604959875248506	txt_body				0.0			
MIXT by Nykaa Fashion	0	Not Dark Pattern	indian	nykaa	landing	0.8501464657404169	json_element	1.0	1.0	0.0	0.0	0.0	1.0	
Baby Rattles	0	Not Dark Pattern	indian	FirstCry	product	0.8683306295557556	json_element	1.0	1.0	0.0	0.0	0.0	1.0	
Soft Toys	0	Not Dark Pattern	indian	ajio	landing	0.8442389263589498	json_element	0.0	0.0	0.0	0.0	0.0	1.0	
Shape Wear	0	Not Dark Pattern	indian	LimeRoad	landing	0.8291532993539203	json_element	1.0	1.0	0.0	0.0	0.0	1.0	
By continuing, you agree to our Terms of Service & Privacy Policy	0	Not Dark Pattern	indian	Moglix	landing	0.8601885695369887	txt_body				0.0			
"Doctor Strange: Eye of Horus
Oversized Shirts
₹ 1499"	0	Not Dark Pattern	indian	The Souled Store	product	0.8972730131140003	json_element	0.0	0.0	0.0	0.0	0.0	1.0	
grey gola	0	Not Dark Pattern	indian	flipkart	product	0.8031669800491422	txt_body				0.0			
Payment	0	Not Dark Pattern	indian	bluestone	checkout	0.8221785757612646	txt_body				1.0			
Hanging & Ceiling Light	0	Not Dark Pattern	indian	snapdeal	landing	0.8337418591659395	json_element	0.0	0.0	1.0	0.0	0.0	1.0	
bath & body	0	Not Dark Pattern	indian	nykaa	landing	0.8338494843725253	json_element	1.0	1.0	0.0	0.0	0.0	1.0	
Tote Bags	0	Not Dark Pattern	indian	nykaa	landing	0.8171913423787497	json_element	1.0	1.0	0.0	0.0	0.0	1.0	
Wrangler Shirts	0	Not Dark Pattern	indian	myntra	product	0.8466190226752458	json_element	0.0	0.0	1.0	0.0	0.0	1.0	
Makeup Tools and Brushes	0	Not Dark Pattern	indian	shoppers_stop	landing	0.8991765492821737	json_element	0.0	0.0	1.0	0.0	0.0	1.0	
FAME FOREVER Boys Colourblock Velcro Shoes	0	Not Dark Pattern	indian	lifestyle	product	0.8475692822348283	json_element	0.0	0.0	0.0	0.0	0.0	1.0	
Utsa Light Beige Floral Printed Cotton Tunic	0	Not Dark Pattern	indian	westside	product	0.8349725368043601	json_element	0.0	0.0	0.0	0.0	0.0	1.0	
RETURNS	0	Not Dark Pattern	indian	LimeRoad	settings	0.8404973547511463	txt_body				1.0			
Office Cabinets	0	Not Dark Pattern	indian	myntra	landing	0.8152741288915003	json_element	1.0	1.0	0.0	0.0	0.0	1.0	
Venus 180kg Tempered Glass Black Electronic Digital Body Weight Machine with LCD Display, EPS-8199 ...	0	Not Dark Pattern	indian	Moglix	landing	0.8146002684589169	txt_body				0.0			
Men's Plain T-shirts	0	Not Dark Pattern	indian	Bewakoof	product	0.8559096724823143	json_element	0.0	0.0	0.0	0.0	0.0	1.0	
20000 mAh 65w with w...	0	Not Dark Pattern	indian	noise	landing	0.8336071840746878	txt_body				0.0			
"100% Secure Payments

All major credit & debit cards accepted."	0	Not Dark Pattern	indian	Purplle	landing	0.8284548357509931	json_element	0.0	0.0	1.0	0.0	0.0	1.0	
COLOR	0	Not Dark Pattern	indian	flipkart	product	0.8158244845639846	txt_body				0.0			
House of Quirk	0	Not Dark Pattern	indian	nykaa	landing	0.8587836492041244	json_element	1.0	1.0	0.0	0.0	0.0	1.0	
ADDRESS BOOK	0	Not Dark Pattern	indian	freshtohome	settings	0.8045531802495731	txt_body				1.0			
"Cotton Linen: Coral Peach
Cotton Linen Shirts
₹ 1599"	0	Not Dark Pattern	indian	The Souled Store	product	0.8070384561383335	json_element	0.0	0.0	0.0	0.0	0.0	1.0	
Red Cotton Silk Calf Length Long Kurta	0	Not Dark Pattern	indian	FabIndia	product	0.8013994510657215	json_element	0.0	0.0	0.0	0.0	0.0	1.0	
Womens Heels	0	Not Dark Pattern	indian	Shopsy	landing	0.8276593871700701	json_element	0.0	0.0	0.0	0.0	0.0	1.0	
Larah by Borosil	0	Not Dark Pattern	indian	nykaa	landing	0.829879306540604	json_element	1.0	1.0	0.0	0.0	0.0	1.0	
Toddler Toys	0	Not Dark Pattern	indian	snapdeal	product	0.8295880047832147	json_element	1.0	1.0	0.0	0.0	0.0	1.0	
Graphic Print	0	Not Dark Pattern	indian	Bewakoof	product	0.8327987581696938	txt_body				0.0			
Carmesi Women's Face Hair Removal Combo | Pack of 1 Face Razor & 1 Eyebrow Razor	0	Not Dark Pattern	indian	Purplle	cart	0.8751192602812645	json_element	0.0	0.0	0.0	0.0	0.0	1.0	
Men's Nightwear	0	Not Dark Pattern	indian	Bewakoof	product	0.8258925327952666	json_element	0.0	0.0	0.0	0.0	0.0	1.0	
Lip Care Products	0	Not Dark Pattern	indian	PharmEasy	landing	0.8496404339746757	json_element	1.0	1.0	0.0	0.0	0.0	1.0	
Western Wear	0	Not Dark Pattern	indian	ajio	landing	0.8159412897970688	json_element	0.0	0.0	0.0	0.0	0.0	1.0	
4. Prices inclusive of all taxes.	0	Not Dark Pattern	indian	FirstCry	cart	0.910299532283158	txt_body				0.0			
Show product details	0	Not Dark Pattern	indian	JioMart	cart	0.8268747675716139	json_element	0.0	0.0	0.0	0.0	1.0	0.0	
Pack of 7	0	Not Dark Pattern	indian	snapdeal	product	0.8481937893009843	json_element	0.0	0.0	0.0	0.0	0.0	1.0	
Great product	0	Not Dark Pattern	indian	flipkart	product	0.8403056703011077	txt_body				0.0			
Curtains & Accessories	0	Not Dark Pattern	indian	FirstCry	product	0.891539001623241	json_element	1.0	1.0	0.0	0.0	0.0	1.0	
Skin Cleansers	0	Not Dark Pattern	indian	PharmEasy	landing	0.8026917869344168	json_element	1.0	1.0	0.0	0.0	0.0	1.0	
"My Wishlist
Your favourite products"	0	Not Dark Pattern	indian	Purplle	settings	0.8276415896864595	json_element	0.0	0.0	0.0	1.0	0.0	1.0	
4k reviews	0	Not Dark Pattern	indian	HealthKart	product	0.8157400372517509	txt_body				0.0			
Health & Well-being	0	Not Dark Pattern	indian	FirstCry	product	0.8259194811553527	json_element	1.0	1.0	0.0	0.0	0.0	1.0	
Store Locator	0	Not Dark Pattern	indian	FabIndia	product	0.8461189717680832	json_element	0.0	0.0	0.0	0.0	0.0	1.0	
Baby Gear	0	Not Dark Pattern	indian	ajio	landing	0.8329594242161935	json_element	0.0	0.0	0.0	0.0	0.0	1.0	
Plus Size Bra	0	Not Dark Pattern	indian	Clovia	landing	0.8086268697806054	json_element	1.0	1.0	0.0	0.0	0.0	1.0	
Lip Palettes and Sets	0	Not Dark Pattern	indian	shoppers_stop	landing	0.9020954775174482	json_element	0.0	0.0	1.0	0.0	0.0	1.0	
Footwear Covers (2)	0	Not Dark Pattern	indian	FirstCry	product	0.8233626115830615	json_element	0.0	0.0	0.0	0.0	0.0	1.0	
Oily Skin	0	Not Dark Pattern	indian	nykaa	landing	0.8026917869344168	json_element	1.0	1.0	0.0	0.0	0.0	1.0	
Women's Tank Tops	0	Not Dark Pattern	indian	Bewakoof	product	0.8543476517018661	json_element	0.0	0.0	0.0	0.0	0.0	1.0	
Click & Collect	0	Not Dark Pattern	indian	lifestyle	landing	0.8073146861962931	json_element	0.0	0.0	0.0	0.0	1.0	0.0	
"Auzanoor Collection Men Checkered Casual Light Blue, Yellow Shirt
87% off
1,199"	0	Not Dark Pattern	indian	Shopsy	product	0.8103735521635316	json_element	0.0	0.0	0.0	0.0	0.0	1.0	
Locate Our Store	0	Not Dark Pattern	indian	bluestone	product	0.8538384914859604	json_element	1.0	1.0	0.0	0.0	0.0	1.0	
View or edit your browsing history	0	Not Dark Pattern	indian	amazon_in	product	0.8155202159772152	json_element	1.0	1.0	0.0	0.0	0.0	1.0	
Truffle Collection	0	Not Dark Pattern	indian	nykaa	landing	0.859410422023783	json_element	1.0	1.0	0.0	0.0	0.0	1.0	
10k mAh Wireless Mag...	0	Not Dark Pattern	indian	noise	landing	0.82105650420803	txt_body				0.0			
The Heart of Our Business: Fresh Meat & Seafood	0	Not Dark Pattern	indian	freshtohome	landing	0.8630521511930007	txt_body				0.0			
MUMIN Men Self Design Casual Pink Shirt	0	Not Dark Pattern	indian	Shopsy	product	0.8502782676308465	txt_body				0.0			
Visa, Mastercard, Rupay & more	0	Not Dark Pattern	indian	Zepto	checkout	0.8073250998351251	txt_body				1.0			
Smart Watch | Watches | Caps | Sunglasses | Raincoat | Digital Watches | Backpacks | Hangers | Hats | Key Chains | Socks | Watch Boxes | Belt | Duffle Bags | Watches For Men | Smart Watches For Men | Sunglasses For Men | Mens Wallet | Caps For Men | Belts For Men | Earrings | Mangalsutra | Ring | Bracelets | Necklace | Tote Bags | Bangles | Sling Bags For Women | Jewellery Set | Nose Ring | Smart Watches For Women | Scrunchies | Anklets | Sunglasses For Women | Womens Watch | Stockings | Clutches | Hair Clips	0	Not Dark Pattern	indian	Shopsy	landing	0.8033722031983587	txt_body				0.0			
Jewellery Guide	0	Not Dark Pattern	indian	bluestone	product	0.8146953272497949	json_element	1.0	1.0	0.0	0.0	0.0	1.0	
Men Olive Green & Cream Coloured St	0	Not Dark Pattern	indian	myntra	product	0.8281929339266031	json_element	0.0	0.0	1.0	0.0	0.0	1.0	
FILTER BY	0	Not Dark Pattern	indian	FirstCry	product	0.8424318907665675	txt_body				0.0			
HMD Vibe2 5G (Cosmic Lavender, 128 GB)	0	Not Dark Pattern	indian	flipkart	product	0.8088480075111376	txt_body				0.0			
All Over Printed (341)	0	Not Dark Pattern	indian	FirstCry	product	0.8361298396995546	json_element	0.0	0.0	0.0	0.0	0.0	1.0	
WATCHES	0	Not Dark Pattern	indian	shoppers_stop	landing	0.8158948667163735	json_element	0.0	0.0	0.0	0.0	0.0	1.0	
Easy e-waste recycling with Croma	0	Not Dark Pattern	indian	myntra	landing	0.8274153879054162	txt_body				0.0			
Freshwater Prawns 80C - (Cleaned and Deveined Without Tail)	0	Not Dark Pattern	indian	licious	landing	0.8096445649363063	json_element	0.0	0.0	0.0	0.0	0.0	1.0	
HOME FURNISHING	0	Not Dark Pattern	indian	FirstCry	product	0.828516327986744	json_element	1.0	1.0	0.0	0.0	0.0	1.0	
Navy Knit Slit Sleeve Top	0	Not Dark Pattern	indian	TheLabelLife	product	0.8270789286412241	json_element	0.0	0.0	0.0	0.0	0.0	1.0	
MEDIA CENTER	0	Not Dark Pattern	indian	westside	landing	0.8143893748516171	json_element	0.0	0.0	0.0	0.0	0.0	1.0	
"Email Preferences

Manage your news letter and email preferences."	0	Not Dark Pattern	indian	lifestyle	settings	0.8068686472545268	json_element	0.0	0.0	0.0	1.0	0.0	1.0	
Green	0	Not Dark Pattern	indian	Bewakoof	product	0.8047109896005211	txt_body				0.0			
Brown Solid Oversized Fit Satin Finish Shirt	0	Not Dark Pattern	indian	pantaloons	product	0.816046559830772	txt_body				0.0			
All Skin Care OTC Products	0	Not Dark Pattern	indian	PharmEasy	landing	0.8920138511268444	json_element	1.0	1.0	0.0	0.0	0.0	1.0	
All Monsoon Hygiene Essentials	0	Not Dark Pattern	indian	PharmEasy	landing	0.8455652590518437	json_element	1.0	1.0	0.0	0.0	0.0	1.0	
TIGERSNAKE Men Solid Casual White, Purple Shirt	0	Not Dark Pattern	indian	Shopsy	product	0.8595239360935103	txt_body				0.0			
Simplify school operations with management software that automates attendance, fee collection, scheduling, and communication.	0	Not Dark Pattern	indian	Techjockey	landing	0.8801691468531225	txt_body				0.0			
Crompton ACGC-Ginie Neo 130W 10L White & Light Blue Personal Air Cooler with 4-W	0	Not Dark Pattern	indian	Moglix	landing	0.8637720066422171	json_element	0.0	0.0	0.0	0.0	0.0	1.0	
Rakhi Collection	0	Not Dark Pattern	indian	FirstCry	product	0.859410422023783	json_element	1.0	1.0	0.0	0.0	0.0	1.0	
Industry Store	0	Not Dark Pattern	indian	Moglix	landing	0.8260429983663816	json_element	0.0	0.0	1.0	0.0	0.0	1.0	
DigiSmart Lancer 1150W Plastic Black Light Weight Dry Iron with 1 Year Warranty ...	0	Not Dark Pattern	indian	Moglix	landing	0.8300158969837541	txt_body				0.0			
How to find UPI ID?	0	Not Dark Pattern	indian	JioMart	payment	0.8016662948168023	txt_body				1.0			
Sports Bra	0	Not Dark Pattern	indian	Clovia	landing	0.8337837151720118	json_element	1.0	1.0	0.0	0.0	0.0	1.0	
Men's Track Pants	0	Not Dark Pattern	indian	Bewakoof	product	0.8016787824435022	json_element	0.0	0.0	1.0	0.0	0.0	1.0	
Healthcare Devices	0	Not Dark Pattern	indian	PharmEasy	landing	0.8261448658062739	json_element	1.0	1.0	0.0	0.0	0.0	1.0	
baby girl	0	Not Dark Pattern	indian	LimeRoad	landing	0.8460522060169345	json_element	1.0	1.0	0.0	0.0	0.0	1.0	
shoppersstop.com is a one stop destination for your family's fashion needs be it men’s clothing, women’s clothing, fashion footwear and kids’ wear to name a few of the top categories to check out. Here are some of the best brands and products across categories for a powerful style statement:	0	Not Dark Pattern	indian	shoppers_stop	landing	0.8275014934647935	txt_body				0.0			
Health, Household & Personal Care	0	Not Dark Pattern	indian	amazon_in	product	0.8416110270555472	json_element	0.0	0.0	0.0	0.0	0.0	1.0	
A Big Indian Story	0	Not Dark Pattern	indian	nykaa	landing	0.8214988892425997	json_element	1.0	1.0	0.0	0.0	0.0	1.0	
Kamal Agrotech 63 Amp Porcelain & Brass Kitkat Fuses (Pack of 3) ...	0	Not Dark Pattern	indian	Moglix	landing	0.8551196763998834	json_element	0.0	0.0	0.0	0.0	0.0	1.0	
Sports Games Equipment	0	Not Dark Pattern	indian	ajio	landing	0.8004253807467119	json_element	0.0	0.0	0.0	0.0	0.0	1.0	
Insta360 Cameras	0	Not Dark Pattern	indian	flipkart	landing	0.8129824807837152	json_element	1.0	1.0	0.0	0.0	0.0	1.0	
Skin Care OTC Products	0	Not Dark Pattern	indian	PharmEasy	landing	0.8488400518490355	json_element	1.0	1.0	0.0	0.0	0.0	1.0	
All Glucometer & Test Strips	0	Not Dark Pattern	indian	PharmEasy	landing	0.8400549213981279	json_element	1.0	1.0	0.0	0.0	0.0	1.0	
White Striped Flared Back Shirt	0	Not Dark Pattern	indian	TheLabelLife	product	0.8589120634117892	json_element	0.0	0.0	1.0	0.0	0.0	1.0	
Dark Brown, Cream, White, Brown	0	Not Dark Pattern	indian	flipkart	product	0.8110508571432656	txt_body				0.0			
Classy product	0	Not Dark Pattern	indian	Shopsy	product	0.8091618835864216	txt_body				0.0			
Download Our App	0	Not Dark Pattern	indian	urbanladder	landing	0.8375584412986551	txt_body				0.0			
White Door	0	Not Dark Pattern	indian	westside	landing	0.8052378370454709	json_element	1.0	1.0	0.0	0.0	1.0	0.0	
PREVIOUS PAGE	0	Not Dark Pattern	indian	lifestyle	product	0.8103910281200734	json_element	0.0	0.0	1.0	0.0	1.0	0.0	
XLR8 Sports Nutrition	0	Not Dark Pattern	indian	nykaa	landing	0.8432322810150148	json_element	1.0	1.0	0.0	0.0	0.0	1.0	
All Purpose Cleansers	0	Not Dark Pattern	indian	FirstCry	product	0.9226349302968742	json_element	1.0	1.0	0.0	0.0	0.0	1.0	
diamond cluster ring	0	Not Dark Pattern	indian	bluestone	product	0.8149733379361532	json_element	0.0	0.0	1.0	0.0	0.0	1.0	
Color Palettes	0	Not Dark Pattern	indian	Shopsy	landing	0.8158244845639846	json_element	0.0	0.0	0.0	0.0	0.0	1.0	
The Confetti Tree	0	Not Dark Pattern	indian	nykaa	landing	0.8028247757998968	json_element	1.0	1.0	0.0	0.0	0.0	1.0	
White Printed Cotton Shirt Collar Baby Regular Fit Shirt	0	Not Dark Pattern	indian	pantaloons	product	0.8608412798630696	txt_body				0.0			
NEW STEPS (8)	0	Not Dark Pattern	indian	FirstCry	product	0.8979326447184729	json_element	0.0	0.0	0.0	0.0	0.0	1.0	
Babyhug Baby Food Grind Bowl - Blue	0	Not Dark Pattern	indian	FirstCry	cart	0.8457265594774817	txt_body				0.0			
travel bags	0	Not Dark Pattern	indian	LimeRoad	landing	0.8043722055310083	json_element	1.0	1.0	0.0	0.0	0.0	1.0	
"Sort By 
Relevance"	0	Not Dark Pattern	indian	Purplle	product	0.829879306540604	json_element	0.0	0.0	0.0	0.0	0.0	1.0	
Men Hair Care	0	Not Dark Pattern	indian	shoppers_stop	landing	0.859802964716455	json_element	0.0	0.0	1.0	0.0	0.0	1.0	
NEW TECH WORLD ...	0	Not Dark Pattern	indian	amazon_in	product	0.8673938533121545	json_element	1.0	1.0	0.0	0.0	0.0	1.0	
"Cotton Linen: Berry
Cotton Linen Shirts
₹ 1599"	0	Not Dark Pattern	indian	The Souled Store	product	0.8070384561383335	json_element	0.0	0.0	0.0	0.0	0.0	1.0	
Scratch Cards	0	Not Dark Pattern	indian	FirstCry	cart	0.8184272696615917	txt_body				0.0			
Explore all Questions	0	Not Dark Pattern	indian	Techjockey	landing	0.8618873297930216	json_element	0.0	0.0	1.0	0.0	0.0	1.0	
Textured Shirt: Alpine	0	Not Dark Pattern	indian	The Souled Store	product	0.808834491027449	txt_body				0.0			
Formal Trousers	0	Not Dark Pattern	indian	westside	landing	0.8040307538337255	json_element	1.0	1.0	0.0	0.0	0.0	1.0	
"Cotton Linen: Hawaiian Tribes
Cotton Linen Shirts
₹ 1499"	0	Not Dark Pattern	indian	The Souled Store	product	0.8070384561383335	json_element	0.0	0.0	1.0	0.0	0.0	1.0	
Gestor Blaze 2000W ABS White Noiseless Copper Motor Fan Room Heater ...	0	Not Dark Pattern	indian	Moglix	landing	0.8013267185796883	json_element	0.0	0.0	0.0	0.0	0.0	1.0	
Boys Sweatshirts	0	Not Dark Pattern	indian	snapdeal	product	0.8214098038615054	json_element	1.0	1.0	0.0	0.0	0.0	1.0	
Estimated Delivery by 06 Sep	0	Not Dark Pattern	indian	FabIndia	payment	0.8062416843491987	txt_body				1.0			
Vintage	0	Not Dark Pattern	indian	nykaa	landing	0.8022650993367146	json_element	1.0	1.0	0.0	0.0	0.0	1.0	
Find Nearest Collection Centre	0	Not Dark Pattern	indian	PharmEasy	settings	0.8439149316749555	json_element	0.0	0.0	0.0	1.0	0.0	1.0	
Auzaai Collection Men Printed Casual Multicolor Shirt	0	Not Dark Pattern	indian	Shopsy	product	0.8904281318748766	txt_body				0.0			
Ikk Kudi By Seerat	0	Not Dark Pattern	indian	nykaa	landing	0.829879306540604	json_element	1.0	1.0	0.0	0.0	0.0	1.0	
Coca-Cola Soft Drink	0	Not Dark Pattern	indian	Blinkit	landing	0.8208809056232056	txt_body				0.0			
Q. When and where can I take a test drive?	0	Not Dark Pattern	indian	spinny	landing	0.8066464682422066	json_element	0.0	0.0	1.0	0.0	1.0	0.0	
Back Strap (125)	0	Not Dark Pattern	indian	FirstCry	product	0.8071535903736022	json_element	0.0	0.0	0.0	0.0	0.0	1.0	
Sports, Health and Fitness:	0	Not Dark Pattern	indian	Shopsy	landing	0.8796842955526726	txt_body				0.0			
How to redeem ROne points?	0	Not Dark Pattern	indian	JioMart	cancel_step	0.8234379811325273	txt_body				1.0			
Faces Canada Fresh Eyes Kajal | 24Hr Stay | Waterproof | Comfortable & Lightweight | Enriched With Rose Extract 0.35 gm	0	Not Dark Pattern	indian	Purplle	cart	0.8125862818825301	txt_body				0.0			
Diamond Bracelets	0	Not Dark Pattern	indian	bluestone	landing	0.8110270426305443	json_element	0.0	0.0	1.0	0.0	0.0	1.0	
FILTER & SORT	0	Not Dark Pattern	indian	LimeRoad	product	0.8204860946430597	txt_body				0.0			
Best rating given Nikhil tomar and yash were very helpful i was hoping for a peaceful delivery and it has been done by both Great Team Experience	0	Not Dark Pattern	indian	spinny	product	0.8629961015556493	txt_body				0.0			
Men Solid Regular Fit Shirt	0	Not Dark Pattern	indian	max_fashion	product	0.8280761831210309	json_element	0.0	0.0	0.0	0.0	0.0	1.0	
Choose Payment Mode	0	Not Dark Pattern	indian	myntra	payment	0.8193675867266146	txt_body				1.0			
Account security concerns/Unauthorised activity	0	Not Dark Pattern	indian	amazon_in	cancel_step	0.8278731657377201	txt_body				1.0			
Health Drinks	0	Not Dark Pattern	indian	nykaa	landing	0.8015473788878191	json_element	1.0	1.0	0.0	0.0	0.0	1.0	
Toys	0	Not Dark Pattern	indian	FirstCry	product	0.8283184996373271	json_element	1.0	1.0	0.0	0.0	0.0	1.0	
Automotive Accessories	0	Not Dark Pattern	indian	flipkart	landing	0.891539001623241	json_element	1.0	1.0	0.0	0.0	0.0	1.0	
Kids Floor Mats	0	Not Dark Pattern	indian	FirstCry	product	0.8050013198720405	json_element	1.0	1.0	0.0	0.0	0.0	1.0	
View More	0	Not Dark Pattern	indian	boult	product	0.8921037298958213	json_element	1.0	1.0	0.0	0.0	1.0	0.0	
Raven Emerald Green	0	Not Dark Pattern	indian	boult	landing	0.8047109896005211	txt_body				0.0			
Acidity Relief Products	0	Not Dark Pattern	indian	PharmEasy	landing	0.8315948966771027	json_element	1.0	1.0	0.0	0.0	0.0	1.0	
Marketed By:	0	Not Dark Pattern	indian	freshtohome	cart	0.829879306540604	txt_body				0.0			
(4 Reviews)	0	Not Dark Pattern	indian	Moglix	landing	0.8157400372517509	txt_body				0.0			
Fashion	0	Not Dark Pattern	indian	amazon_in	product	0.830383209074695	json_element	0.0	0.0	0.0	0.0	0.0	1.0	
By Crystal Furnitech	0	Not Dark Pattern	indian	pepperfry	product	0.8455021731530574	txt_body				0.0			
Vaseline Cloud Soft, Light Moisturiser, 100 ml, for Plump, Soft Skin, with Ceramides & Hyaluron Fillers, 10X Hydration Volume, Non-Sticky	0	Not Dark Pattern	indian	Purplle	product	0.8140152214595937	txt_body				0.0			
SHOP BY BRANDS	0	Not Dark Pattern	indian	FirstCry	product	0.880164761733826	json_element	1.0	1.0	0.0	0.0	0.0	1.0	
"4.3
 
TrueBasics Clean Whey Protein (Isolate + Concentrate), 2.2 lb Coffee"	0	Not Dark Pattern	indian	HealthKart	landing	0.8336057875988424	json_element	0.0	0.0	0.0	0.0	0.0	1.0	
plumbing and bathroom fittings	0	Not Dark Pattern	indian	Moglix	landing	0.8648229727792482	json_element	0.0	0.0	1.0	0.0	0.0	1.0	
Levis Men Soft Pure Cotton Round Neck Half Sleeve Tshirt	0	Not Dark Pattern	indian	myntra	product	0.8583031527190916	json_element	0.0	0.0	1.0	0.0	0.0	1.0	
Car Accessories	0	Not Dark Pattern	indian	flipkart	landing	0.8662085470547373	json_element	1.0	1.0	0.0	0.0	0.0	1.0	
Plants & Gardening	0	Not Dark Pattern	indian	snapdeal	product	0.8305107981604569	json_element	1.0	1.0	0.0	0.0	0.0	1.0	
Men Oversized Tshirt	0	Not Dark Pattern	indian	myntra	product	0.8202505511122231	txt_body				0.0			
Men's Kada|	0	Not Dark Pattern	indian	bluestone	landing	0.8202505511122231	txt_body				0.0			
Masks & Peels	0	Not Dark Pattern	indian	nykaa	landing	0.8125236098643798	json_element	1.0	1.0	0.0	0.0	0.0	1.0	
By: VJ Interior	0	Not Dark Pattern	indian	Moglix	product	0.829879306540604	txt_body				0.0			
School Supplies	0	Not Dark Pattern	indian	DMart Ready	product	0.8299273801334336	json_element	0.0	0.0	1.0	0.0	0.0	1.0	
Home > Clothes & Shoes	0	Not Dark Pattern	indian	FirstCry	product	0.8368137212780395	txt_body				0.0			
View all hatchbacks	0	Not Dark Pattern	indian	spinny	landing	0.9412076797625144	json_element	0.0	0.0	0.0	0.0	0.0	1.0	
Green Striped Embroidered Shirt	0	Not Dark Pattern	indian	TheLabelLife	product	0.8054673547227377	json_element	0.0	0.0	1.0	0.0	0.0	1.0	
"Search
alt
+
/"	0	Not Dark Pattern	indian	amazon_in	product	0.8472070359123456	json_element	0.0	0.0	0.0	0.0	0.0	1.0	
KITCHEN PANTRY AND SUPPLIES:	0	Not Dark Pattern	indian	Moglix	landing	0.8517626027029861	txt_body				0.0			
Decorative Accessories	0	Not Dark Pattern	indian	FirstCry	product	0.891539001623241	json_element	1.0	1.0	0.0	0.0	0.0	1.0	
NEELA HOME	0	Not Dark Pattern	indian	nykaa	landing	0.828516327986744	json_element	1.0	1.0	0.0	0.0	0.0	1.0	
The Vintage Cosmetic Company	0	Not Dark Pattern	indian	nykaa	landing	0.8197119815428626	json_element	1.0	1.0	0.0	0.0	0.0	1.0	
Discreet Packaging	0	Not Dark Pattern	indian	Clovia	landing	0.8028738753513953	json_element	0.0	0.0	0.0	0.0	0.0	1.0	
Baby Record Books	0	Not Dark Pattern	indian	FirstCry	product	0.8721830483031199	json_element	1.0	1.0	0.0	0.0	0.0	1.0	
Shop by Usage	0	Not Dark Pattern	indian	HealthKart	landing	0.8924850709942213	json_element	1.0	1.0	0.0	0.0	0.0	1.0	
house np. 12, New Friends Colony, New Friends Colony,	0	Not Dark Pattern	indian	The Souled Store	checkout	0.8520425829514016	txt_body				1.0			
Qlonz Store Men Solid Casual Light Green Shirt	0	Not Dark Pattern	indian	Shopsy	product	0.8859179624050921	txt_body				0.0			
Smart Watches	0	Not Dark Pattern	indian	boult	landing	0.8158948667163735	json_element	1.0	1.0	0.0	0.0	0.0	1.0	
The Home Story	0	Not Dark Pattern	indian	nykaa	landing	0.8489444567860824	json_element	1.0	1.0	0.0	0.0	0.0	1.0	
Men's Track pants	0	Not Dark Pattern	indian	flipkart	landing	0.8016787824435022	json_element	1.0	1.0	0.0	0.0	0.0	1.0	
CONNECT WITH US	0	Not Dark Pattern	indian	Bewakoof	product	0.8037390504970987	txt_body				0.0			
Payment Summary	0	Not Dark Pattern	indian	Moglix	cart	0.8221785757612646	txt_body				0.0			
Terms and agreements	0	Not Dark Pattern	indian	Techjockey	settings	0.8751707469421217	json_element	1.0	1.0	0.0	1.0	0.0	1.0	
"Best Seller

4.7"	0	Not Dark Pattern	indian	boult	product	0.8123208212444165	json_element	0.0	0.0	0.0	0.0	0.0	1.0	
NEED HELP	0	Not Dark Pattern	indian	The Souled Store	landing	0.8185235892913951	txt_body				0.0			
287 reviews	0	Not Dark Pattern	indian	HealthKart	product	0.8157400372517509	txt_body				0.0			
SHOP CATEGORIES	0	Not Dark Pattern	indian	Purplle	landing	0.8703363117255651	json_element	0.0	0.0	0.0	0.0	0.0	1.0	
"Search ""tokai lens"""	0	Not Dark Pattern	indian	Lenskart	checkout	0.8475540508796809	txt_body				1.0			
HRX by Hrithik Roshan Men Olive Green Solid Bio-Wash Running Tshirt	0	Not Dark Pattern	indian	myntra	product	0.8232189020237524	json_element	0.0	0.0	1.0	0.0	0.0	1.0	
Sage strappy ribbed knit top	0	Not Dark Pattern	indian	TheLabelLife	product	0.8096774761692234	json_element	0.0	0.0	1.0	0.0	0.0	1.0	
Triple Combo:(Goat + Chicken + Sardine/Mathi Cleaned with Partial Head)	0	Not Dark Pattern	indian	freshtohome	landing	0.8172309839863978	txt_body				0.0			
Connect with us	0	Not Dark Pattern	indian	spinny	landing	0.8037390504970987	json_element	0.0	0.0	1.0	0.0	0.0	1.0	
Operating System	0	Not Dark Pattern	indian	amazon_in	product	0.8079960189388127	txt_body				0.0			
Aqua Cotton Top	0	Not Dark Pattern	indian	FabIndia	landing	0.8018388500703404	json_element	0.0	0.0	0.0	0.0	0.0	1.0	
Asics GEL-KAYANO 14 Synthetic Leather Unisex Sports Shoes - Truffle Grey/Oatmeal	0	Not Dark Pattern	indian	shoppers_stop	product	0.8118890214320273	json_element	0.0	0.0	0.0	0.0	0.0	1.0	
Onam Collection	0	Not Dark Pattern	indian	FirstCry	product	0.859410422023783	json_element	1.0	1.0	0.0	0.0	0.0	1.0	
Skin Care	0	Not Dark Pattern	indian	HealthKart	landing	0.8316117188993262	json_element	1.0	1.0	0.0	0.0	0.0	1.0	
mens wear collection	0	Not Dark Pattern	indian	pantaloons	landing	0.849376736880776	json_element	1.0	1.0	0.0	0.0	0.0	1.0	
20000mAh Powerbank,With Display	0	Not Dark Pattern	indian	boult	landing	0.8336071840746878	txt_body				0.0			
DIAPER CHANGING PADS/MATS	0	Not Dark Pattern	indian	FirstCry	product	0.806417476449949	json_element	1.0	1.0	0.0	0.0	0.0	1.0	
Acne Care	0	Not Dark Pattern	indian	HealthKart	landing	0.818532979131315	json_element	1.0	1.0	0.0	0.0	0.0	1.0	
Game & Quiz Books	0	Not Dark Pattern	indian	FirstCry	product	0.8199883673964299	json_element	1.0	1.0	0.0	0.0	0.0	1.0	
Brut International	0	Not Dark Pattern	indian	Purplle	landing	0.8181591606803024	json_element	1.0	1.0	0.0	0.0	0.0	1.0	
Baby Powders	0	Not Dark Pattern	indian	FirstCry	product	0.8683306295557556	json_element	1.0	1.0	0.0	0.0	0.0	1.0	
SCROLL DOWN	0	Not Dark Pattern	indian	westside	landing	0.8033549364932793	txt_body				0.0			
OFFICE STATIONERY & SUPPLIES	0	Not Dark Pattern	indian	Moglix	landing	0.8280849167320186	txt_body				0.0			
Boy Shorts	0	Not Dark Pattern	indian	Clovia	checkout	0.8173899283939563	json_element	0.0	0.0	0.0	1.0	0.0	1.0	
PlayBees: 123 Kids Numbers App	0	Not Dark Pattern	indian	FirstCry	product	0.8090152585321595	json_element	0.0	0.0	1.0	0.0	0.0	1.0	
Payment Method	0	Not Dark Pattern	indian	FirstCry	cart	0.8221785757612646	txt_body				0.0			
INTIMATE QUEEN	0	Not Dark Pattern	indian	nykaa	landing	0.8008555230080013	json_element	1.0	1.0	0.0	0.0	0.0	1.0	
ATHEOS Men Typography Printed T-shirt	0	Not Dark Pattern	indian	myntra	product	0.8510028017648852	json_element	0.0	0.0	1.0	0.0	0.0	1.0	
Soy Protein	0	Not Dark Pattern	indian	HealthKart	landing	0.8153768438095506	json_element	1.0	1.0	0.0	0.0	0.0	1.0	
Babyhug 100% Cotton Wash Cloth Pack Of 6 -...	0	Not Dark Pattern	indian	FirstCry	cart	0.8027667964928595	txt_body				0.0			
Furniture Store	0	Not Dark Pattern	indian	flipkart	landing	0.8461189717680832	json_element	1.0	1.0	0.0	0.0	0.0	1.0	
Men's Winter Jackets	0	Not Dark Pattern	indian	flipkart	landing	0.8065247832821119	json_element	1.0	1.0	0.0	0.0	0.0	1.0	
1 Month Company Domestic Warranty by Company Authorized Service Center.	0	Not Dark Pattern	indian	flipkart	product	0.8034834065001829	txt_body				0.0			
Data Access and Requests	0	Not Dark Pattern	indian	amazon_in	settings	0.8691433261679149	json_element	0.0	0.0	0.0	1.0	0.0	1.0	
"Oversized Shirt: Celestial Chaos
Oversized Shirts
₹ 1599"	0	Not Dark Pattern	indian	The Souled Store	product	0.817793481542284	json_element	0.0	0.0	0.0	0.0	0.0	1.0	
"Solids: Green Grove
Men Solid Shirts
₹ 1499"	0	Not Dark Pattern	indian	The Souled Store	product	0.839403929285385	json_element	0.0	0.0	1.0	0.0	0.0	1.0	
Malibu Sandals	0	Not Dark Pattern	indian	nykaa	landing	0.8005312503086353	json_element	1.0	1.0	0.0	0.0	0.0	1.0	
Connect with Us	0	Not Dark Pattern	indian	amazon_in	product	0.8037390504970987	txt_body				0.0			
Moonlight Cotton Double Flat 280 TC Floral 2 Summer Bed...	0	Not Dark Pattern	indian	flipkart	product	0.8184663517753326	json_element	0.0	0.0	0.0	0.0	0.0	1.0	
My Reviews & Uploads	0	Not Dark Pattern	indian	FirstCry	product	0.8638541348706156	json_element	1.0	1.0	0.0	0.0	0.0	1.0	
FIRST CONNECT	0	Not Dark Pattern	indian	shoppers_stop	cart	0.8035551449764806	txt_body				0.0			
Nike Sports Shoes	0	Not Dark Pattern	indian	myntra	product	0.8621133278458523	json_element	0.0	0.0	1.0	0.0	0.0	1.0	
All Sexual Wellness Devices	0	Not Dark Pattern	indian	PharmEasy	landing	0.8970045254197889	json_element	1.0	1.0	0.0	0.0	0.0	1.0	
Outdoor Toys	0	Not Dark Pattern	indian	snapdeal	product	0.8283184996373271	json_element	1.0	1.0	0.0	0.0	0.0	1.0	
Maroon Cotton Ajrakh Printed Knee Length Kurta	0	Not Dark Pattern	indian	FabIndia	cart	0.8122409210931125	json_element	0.0	0.0	0.0	0.0	0.0	1.0	
Neck & Head Supporters	0	Not Dark Pattern	indian	FirstCry	product	0.8336614730486098	json_element	1.0	1.0	0.0	0.0	0.0	1.0	
Boys Shoes	0	Not Dark Pattern	indian	flipkart	landing	0.8475692822348283	json_element	1.0	1.0	0.0	0.0	0.0	1.0	
Clear All Filter	0	Not Dark Pattern	indian	Clovia	cart	0.8888340192121874	json_element	1.0	1.0	0.0	0.0	0.0	1.0	
Explore Smart Watches	0	Not Dark Pattern	indian	JioMart	cart	0.8088256743455233	json_element	0.0	0.0	0.0	0.0	0.0	1.0	
"Search ""milk"""	0	Not Dark Pattern	indian	Blinkit	landing	0.8472070359123456	txt_body				0.0			
Babyhug My First 1000 Words - English	0	Not Dark Pattern	indian	FirstCry	checkout	0.8611830085985834	txt_body				1.0			
Date of Birth:	0	Not Dark Pattern	indian	FirstCry	cancel_step	0.8280412829715714	txt_body				1.0			
t-shirts	0	Not Dark Pattern	indian	ajio	landing	0.8466190226752458	json_element	0.0	0.0	0.0	0.0	0.0	1.0	
can be selected later.	0	Not Dark Pattern	indian	Purplle	cart	0.8091180795833973	txt_body				0.0			
Navratna Collection	0	Not Dark Pattern	indian	bluestone	product	0.859410422023783	json_element	0.0	0.0	1.0	0.0	0.0	1.0	
Cute Walk by Babyhug Velcro Closure Musical Sandal With Floral...	0	Not Dark Pattern	indian	FirstCry	product	0.8318180368746306	json_element	0.0	0.0	0.0	0.0	0.0	1.0	
ADD NEW ADDRESS	0	Not Dark Pattern	indian	FirstCry	cart	0.8035373794123056	txt_body				0.0			
Baby Innerwear And Sleepwear	0	Not Dark Pattern	indian	pantaloons	product	0.9093373864408082	json_element	1.0	1.0	0.0	0.0	0.0	1.0	
WOMEN'S CLOTHING	0	Not Dark Pattern	indian	ajio	landing	0.8844602304716109	txt_body				0.0			
"Levis Men Soft Pure Cotton Round Neck Half Sleeve Tshirt	Rs. 395"	0	Not Dark Pattern	indian	myntra	product	0.8500651679454481	txt_body				0.0			
Walking Shoes	0	Not Dark Pattern	indian	ajio	landing	0.8339212378437332	json_element	0.0	0.0	0.0	0.0	0.0	1.0	
Sports Footwear	0	Not Dark Pattern	indian	snapdeal	product	0.8472901597464928	json_element	1.0	1.0	0.0	0.0	0.0	1.0	
Nikon Cameras	0	Not Dark Pattern	indian	flipkart	landing	0.8129824807837152	json_element	1.0	1.0	0.0	0.0	0.0	1.0	
First Aid	0	Not Dark Pattern	indian	Netmeds	landing	0.8035551449764806	json_element	1.0	1.0	0.0	0.0	0.0	1.0	
Round	0	Not Dark Pattern	indian	bluestone	product	0.8162114495804399	json_element	1.0	1.0	0.0	0.0	0.0	1.0	
Cell Phone Brands	0	Not Dark Pattern	indian	amazon_in	product	0.8054048551672621	txt_body				0.0			
Search on map	0	Not Dark Pattern	indian	pantaloons	cart	0.8001479936228322	txt_body				0.0			
Face Creams	0	Not Dark Pattern	indian	FirstCry	product	0.8125236098643798	json_element	1.0	1.0	0.0	0.0	0.0	1.0	
Placement Print (336)	0	Not Dark Pattern	indian	FirstCry	product	0.8161635097808819	json_element	0.0	0.0	0.0	0.0	0.0	1.0	
digital watches	0	Not Dark Pattern	indian	LimeRoad	landing	0.8166371238515306	json_element	1.0	1.0	0.0	0.0	0.0	1.0	
Power Tools Combo Kits	0	Not Dark Pattern	indian	Moglix	landing	0.8386290832982657	txt_body				0.0			
Eyeglasses, Sunglasses and Contact Lenses	0	Not Dark Pattern	indian	Lenskart	landing	0.8197632316739477	txt_body				0.0			
Home / Search Results for shirts	0	Not Dark Pattern	indian	The Souled Store	product	0.8103861367609693	txt_body				0.0			
Lip Mask and Treatment	0	Not Dark Pattern	indian	Purplle	landing	0.9020954775174482	json_element	1.0	1.0	0.0	0.0	0.0	1.0	
Car service	0	Not Dark Pattern	indian	spinny	landing	0.8023419438348554	json_element	0.0	0.0	1.0	0.0	0.0	1.0	
View, Modify And Track Orders	0	Not Dark Pattern	indian	Bewakoof	settings	0.882551010757679	txt_body				1.0			
Eggs By Henfruit - Max Protein Specialty Eggs	0	Not Dark Pattern	indian	Zepto	checkout	0.8375706016288139	txt_body				1.0			
ethnic wear	0	Not Dark Pattern	indian	LimeRoad	landing	0.8159412897970688	json_element	1.0	1.0	0.0	0.0	0.0	1.0	
Tea, Coffee & Milk Drinks	0	Not Dark Pattern	indian	Blinkit	landing	0.8133061058946975	json_element	0.0	0.0	0.0	0.0	0.0	1.0	
Watch Accessories	0	Not Dark Pattern	indian	bluestone	landing	0.8646043476334152	json_element	0.0	0.0	0.0	0.0	0.0	1.0	
POWER TOOLS	0	Not Dark Pattern	indian	Moglix	landing	0.8524020757706471	txt_body				0.0			
BOYS FOOTWEAR	0	Not Dark Pattern	indian	pantaloons	landing	0.832541955712963	json_element	1.0	1.0	0.0	0.0	0.0	1.0	
"Login & security
Edit login, name, and mobile number"	0	Not Dark Pattern	indian	amazon_in	settings	0.8298652997196541	json_element	0.0	0.0	0.0	1.0	0.0	1.0	
Decorative Lights	0	Not Dark Pattern	indian	Moglix	landing	0.8071913945338969	json_element	0.0	0.0	1.0	0.0	0.0	1.0	
Top-Searched Medicines:	0	Not Dark Pattern	indian	PharmEasy	landing	0.8096774761692234	txt_body				0.0			
Explore by Category	0	Not Dark Pattern	indian	noise	landing	0.8274792190390416	txt_body				0.0			
chronograph watches	0	Not Dark Pattern	indian	LimeRoad	landing	0.8158948667163735	json_element	1.0	1.0	0.0	0.0	0.0	1.0	
Wipes & Rash Care Products	0	Not Dark Pattern	indian	PharmEasy	landing	0.8496404339746757	json_element	1.0	1.0	0.0	0.0	0.0	1.0	
RSVP by Nykaa Fashion	0	Not Dark Pattern	indian	nykaa	landing	0.8501464657404169	json_element	1.0	1.0	0.0	0.0	0.0	1.0	
View Detailed Bill	0	Not Dark Pattern	indian	Purplle	cart	0.9028489701323397	txt_body				0.0			
Ceiling Lights	0	Not Dark Pattern	indian	Shopsy	landing	0.8071913945338969	json_element	0.0	0.0	0.0	0.0	0.0	1.0	
earrings	0	Not Dark Pattern	indian	bluestone	landing	0.8010496583605136	json_element	0.0	0.0	1.0	0.0	0.0	1.0	
derby shoes	0	Not Dark Pattern	indian	LimeRoad	landing	0.8339212378437332	json_element	1.0	1.0	0.0	0.0	0.0	1.0	
Men's Green Oversized Shirt	0	Not Dark Pattern	indian	Bewakoof	product	0.837855443953742	txt_body				0.0			
Skin Tools	0	Not Dark Pattern	indian	nykaa	landing	0.8535078417543696	json_element	1.0	1.0	0.0	0.0	0.0	1.0	
Pricing, Delivery, Return and Refund Policy	0	Not Dark Pattern	indian	DMart Ready	landing	0.8554005027949654	json_element	0.0	0.0	0.0	0.0	0.0	1.0	
Accessory Bags	0	Not Dark Pattern	indian	FirstCry	product	0.8189608445762262	json_element	1.0	1.0	0.0	0.0	0.0	1.0	
Become Our Channel Partner	0	Not Dark Pattern	indian	myntra	landing	0.813857409139088	json_element	0.0	0.0	1.0	0.0	0.0	1.0	
Fish & Aquatic Supplies	0	Not Dark Pattern	indian	snapdeal	product	0.8092721764444412	json_element	1.0	1.0	0.0	0.0	0.0	1.0	
New Delhi-110085, Delhi	0	Not Dark Pattern	indian	FirstCry	checkout	0.8979326447184729	txt_body				1.0			
SHADES OF LIFE	0	Not Dark Pattern	indian	nykaa	landing	0.8448567532021298	json_element	1.0	1.0	0.0	0.0	0.0	1.0	
Clocks	0	Not Dark Pattern	indian	FirstCry	product	0.8028738753513953	json_element	1.0	1.0	0.0	0.0	0.0	1.0	
Search for Brands & Products	0	Not Dark Pattern	indian	snapdeal	landing	0.8115473261763604	txt_body				0.0			
Premium White Traingles	0	Not Dark Pattern	indian	flipkart	product	0.8095287327604117	txt_body				0.0			
Bags & Backpacks	0	Not Dark Pattern	indian	FirstCry	product	0.8171913423787497	json_element	1.0	1.0	0.0	0.0	0.0	1.0	
Tools & Brushes	0	Not Dark Pattern	indian	nykaa	landing	0.86568206169831	json_element	1.0	1.0	0.0	0.0	0.0	1.0	
Vintage Heavy	0	Not Dark Pattern	indian	nykaa	landing	0.8022650993367146	json_element	1.0	1.0	0.0	0.0	0.0	1.0	
# Of Stones	0	Not Dark Pattern	indian	bluestone	product	0.89821305945525	txt_body				0.0			
All major credit & debit cards accepted.	0	Not Dark Pattern	indian	Purplle	landing	0.8492220059532967	txt_body				0.0			
Complete Skin Care Gifts & Value Sets Collection	0	Not Dark Pattern	indian	Purplle	landing	0.8660469230609547	json_element	1.0	1.0	0.0	0.0	0.0	1.0	
Pencil Boxes	0	Not Dark Pattern	indian	snapdeal	product	0.8021197285114554	json_element	1.0	1.0	0.0	0.0	0.0	1.0	
Will my review and uploaded images appear immediately after submission?	0	Not Dark Pattern	indian	JioMart	cancel_step	0.8714637981198392	txt_body				1.0			
Your Amazon Music purchases, playlists and content.	0	Not Dark Pattern	indian	amazon_in	cancel_step	0.8063314675728663	txt_body				1.0			
BAGS	0	Not Dark Pattern	indian	Bewakoof	product	0.8171913423787497	json_element	0.0	0.0	1.0	0.0	0.0	1.0	
Power Banks	0	Not Dark Pattern	indian	Moglix	landing	0.8031960084213855	json_element	0.0	0.0	1.0	0.0	0.0	1.0	
KKATHA ACCESSORIES	0	Not Dark Pattern	indian	nykaa	landing	0.891539001623241	json_element	1.0	1.0	0.0	0.0	0.0	1.0	
Police Accessories	0	Not Dark Pattern	indian	nykaa	landing	0.891539001623241	json_element	1.0	1.0	0.0	0.0	0.0	1.0	
Shop Built Safe Products	0	Not Dark Pattern	indian	myntra	landing	0.8383288687624297	txt_body				0.0			
Crompton Lights	0	Not Dark Pattern	indian	Moglix	landing	0.8071913945338969	json_element	0.0	0.0	1.0	0.0	0.0	1.0	
Fashion (1675)	0	Not Dark Pattern	indian	bluestone	product	0.830383209074695	json_element	0.0	0.0	0.0	0.0	1.0	0.0	
Visit the help section	0	Not Dark Pattern	indian	amazon_in	product	0.8292733679775584	json_element	0.0	0.0	1.0	0.0	0.0	1.0	
Ethnic Wear Sets	0	Not Dark Pattern	indian	ajio	landing	0.8159412897970688	json_element	0.0	0.0	0.0	0.0	0.0	1.0	
Manage address book	0	Not Dark Pattern	indian	FirstCry	product	0.8158730270443322	json_element	1.0	1.0	0.0	0.0	0.0	1.0	
Wireless Network Technology	0	Not Dark Pattern	indian	amazon_in	product	0.8157199338888312	txt_body				0.0			
Share to YouTube, Vimeo & Powerpoint	0	Not Dark Pattern	indian	Techjockey	product	0.8162402444551456	txt_body				0.0			
Women's Trousers & Pants	0	Not Dark Pattern	indian	Bewakoof	product	0.8321384732214206	json_element	0.0	0.0	0.0	0.0	0.0	1.0	
ATM & Debit Cards	0	Not Dark Pattern	indian	FirstCry	product	0.8029450332519704	txt_body				0.0			
GRES Home	0	Not Dark Pattern	indian	nykaa	landing	0.828516327986744	json_element	1.0	1.0	0.0	0.0	0.0	1.0	
BATH TOWELS & ROBES	0	Not Dark Pattern	indian	FirstCry	product	0.8254199075808023	json_element	1.0	1.0	0.0	0.0	0.0	1.0	
Select Payment	0	Not Dark Pattern	indian	FirstCry	checkout	0.8233294923834529	txt_body				1.0			
Pro Hair Dryers	0	Not Dark Pattern	indian	nykaa	landing	0.833636522990096	json_element	1.0	1.0	0.0	0.0	0.0	1.0	
casual shoes	0	Not Dark Pattern	indian	LimeRoad	landing	0.8599195977665046	json_element	1.0	1.0	0.0	0.0	0.0	1.0	
MFD HOME FURNISHING	0	Not Dark Pattern	indian	nykaa	landing	0.828516327986744	json_element	1.0	1.0	0.0	0.0	0.0	1.0	
Ad Sales Solution	0	Not Dark Pattern	indian	Moglix	landing	0.805221167035964	json_element	0.0	0.0	1.0	0.0	0.0	1.0	
Medicines by Therapeutic Class	0	Not Dark Pattern	indian	Tata 1mg	product	0.8127657626412131	json_element	1.0	1.0	0.0	0.0	0.0	1.0	
Baby Carrycots	0	Not Dark Pattern	indian	FirstCry	product	0.8683306295557556	json_element	1.0	1.0	0.0	0.0	0.0	1.0	
Fitness & Health	0	Not Dark Pattern	indian	Tata 1mg	product	0.8015473788878191	json_element	0.0	0.0	0.0	0.0	0.0	1.0	
Nails&More	0	Not Dark Pattern	indian	Purplle	landing	0.8073250998351251	json_element	1.0	1.0	0.0	0.0	0.0	1.0	
Digestive Care	0	Not Dark Pattern	indian	HealthKart	landing	0.8264863837642831	json_element	1.0	1.0	0.0	0.0	0.0	1.0	
jutis and mojaris	0	Not Dark Pattern	indian	LimeRoad	landing	0.9020954775174482	json_element	1.0	1.0	0.0	0.0	0.0	1.0	
"4.9
1
2
3

Renu Fresh Contact Lens Solution 120 ml

120 ml

Delivery by 17, Augu"	0	Not Dark Pattern	indian	Lenskart	product	0.81824725187673	json_element	0.0	0.0	0.0	0.0	0.0	1.0	
Set of 2 Thread Rakhi	0	Not Dark Pattern	indian	myntra	cart	0.8626018542437093	txt_body				0.0			
Men's Trousers	0	Not Dark Pattern	indian	flipkart	landing	0.8440335594579218	json_element	1.0	1.0	0.0	0.0	0.0	1.0	
Cute Walk by Babyhug Velcro Closure Casual Shoes with Cat Embroidery...	0	Not Dark Pattern	indian	FirstCry	product	0.8811786719756797	json_element	0.0	0.0	0.0	0.0	0.0	1.0	
Men Solid Slim Fit Formal Shirt	0	Not Dark Pattern	indian	max_fashion	product	0.8171933040199851	json_element	0.0	0.0	0.0	0.0	0.0	1.0	
Men Edge Eau de Parfum	0	Not Dark Pattern	indian	myntra	cart	0.8202505511122231	txt_body				0.0			
Indian Classic Art	0	Not Dark Pattern	indian	nykaa	landing	0.8104450205178182	json_element	1.0	1.0	0.0	0.0	0.0	1.0	
Oppo Reno16c 5G (Starry White, 8GB, 128GB) | 3D Design | 50MP 3.5X Telephoto Cam	0	Not Dark Pattern	indian	amazon_in	product	0.8069671540359296	json_element	0.0	0.0	0.0	0.0	0.0	1.0	
Sort By:Popularity	0	Not Dark Pattern	indian	shoppers_stop	product	0.829879306540604	json_element	0.0	0.0	0.0	0.0	1.0	0.0	
Sea Green	0	Not Dark Pattern	indian	snapdeal	product	0.8047109896005211	json_element	0.0	0.0	0.0	0.0	0.0	1.0	
Add New Delivery Address	0	Not Dark Pattern	indian	FirstCry	cart	0.8342579461034818	txt_body				0.0			
SHOW FILTERS	0	Not Dark Pattern	indian	Clovia	cart	0.8474601923135205	txt_body				0.0			
Terms	0	Not Dark Pattern	indian	Blinkit	landing	0.812303702157878	json_element	0.0	0.0	0.0	0.0	0.0	1.0	
Pictures First	0	Not Dark Pattern	indian	boult	cart	0.8035551449764806	txt_body				0.0			
Kids Clothing:	0	Not Dark Pattern	indian	Shopsy	landing	0.8704178059575318	txt_body				0.0			
Delivery Charges	0	Not Dark Pattern	indian	FabIndia	cart	0.8152580485952736	txt_body				0.0			
TIGERSNAKE Men Solid Casual Multicolor Shirt	0	Not Dark Pattern	indian	Shopsy	product	0.8534621815649022	txt_body				0.0			
noise power charger	0	Not Dark Pattern	indian	noise	product	0.8031960084213855	json_element	1.0	1.0	0.0	0.0	0.0	1.0	
FOOTWEAR	0	Not Dark Pattern	indian	FirstCry	product	0.810178350661709	json_element	0.0	0.0	0.0	0.0	0.0	1.0	
Face | Cheek	0	Not Dark Pattern	indian	westside	landing	0.8125236098643798	json_element	1.0	1.0	0.0	0.0	0.0	1.0	
NAP STORY	0	Not Dark Pattern	indian	nykaa	landing	0.8297327173545672	json_element	1.0	1.0	0.0	0.0	0.0	1.0	
Shipping & Delivery Policy	0	Not Dark Pattern	indian	JioMart	landing	0.8535460575454789	json_element	0.0	0.0	0.0	0.0	0.0	1.0	
FAME FOREVER Boys Colourblock Sneakers	0	Not Dark Pattern	indian	lifestyle	product	0.8214098038615054	json_element	0.0	0.0	1.0	0.0	0.0	1.0	
Fiama Men	0	Not Dark Pattern	indian	nykaa	landing	0.8202505511122231	json_element	1.0	1.0	0.0	0.0	0.0	1.0	
White (293)	0	Not Dark Pattern	indian	FirstCry	product	0.8095287327604117	txt_body				0.0			
Lips Stains and Tints	0	Not Dark Pattern	indian	shoppers_stop	landing	0.9020954775174482	json_element	0.0	0.0	1.0	0.0	0.0	1.0	
SHOP CLOTHING	0	Not Dark Pattern	indian	FirstCry	product	0.909800023955109	json_element	1.0	1.0	0.0	0.0	0.0	1.0	
Goldenize fashion Branded Men's Sport Quartz Watch Car Wheel Multicolour Dial Wheel Dial 360 Rotating Casual Fashion Stainless Steel Alloy Mens &Boy's Luxury Metal Gift Creative Watch	0	Not Dark Pattern	indian	JioMart	product	0.8478652074087933	txt_body				0.0			
Wazirpur Commercial Complex, WPIA, New Delhi-110 052	0	Not Dark Pattern	indian	Clovia	landing	0.8979326447184729	txt_body				0.0			
(8 Reviews)	0	Not Dark Pattern	indian	Moglix	landing	0.8157400372517509	txt_body				0.0			
"Browse
                                                All Industries"	0	Not Dark Pattern	indian	Techjockey	settings	0.8822825925303788	json_element	1.0	1.0	0.0	1.0	0.0	1.0	
Men's Navy Blue Striped Typography Oversized Shirt	0	Not Dark Pattern	indian	Bewakoof	product	0.81520319911517	txt_body				0.0			
HOME & LIVING	0	Not Dark Pattern	indian	FirstCry	product	0.8257452502259259	json_element	1.0	1.0	0.0	0.0	0.0	1.0	
NIGHTWEAR	0	Not Dark Pattern	indian	Clovia	checkout	0.8025520730074565	json_element	0.0	0.0	0.0	1.0	0.0	1.0	
"Bath
                  & Body Kits"	0	Not Dark Pattern	indian	nykaa	landing	0.8254663497916681	json_element	1.0	1.0	0.0	0.0	0.0	1.0	
Brown Eggs - Pack Of 6	0	Not Dark Pattern	indian	licious	landing	0.8460718240352108	json_element	0.0	0.0	0.0	0.0	0.0	1.0	
Harvest Gold Hearty Brown Bread	0	Not Dark Pattern	indian	Blinkit	landing	0.806175264710273	txt_body				0.0			
Bath and Body	0	Not Dark Pattern	indian	Purplle	landing	0.8739535642477881	json_element	1.0	1.0	0.0	0.0	0.0	1.0	
BAGS AND BACKPACKS	0	Not Dark Pattern	indian	pantaloons	landing	0.8734685704162466	json_element	1.0	1.0	0.0	0.0	0.0	1.0	
T-Shirt Bra	0	Not Dark Pattern	indian	Clovia	landing	0.8091946620249281	json_element	1.0	1.0	0.0	0.0	0.0	1.0	
"Color 1	Black"	0	Not Dark Pattern	indian	JioMart	cart	0.8174777497486061	txt_body				0.0			
Intelliskills Wooden Letter & Object Maker With...	0	Not Dark Pattern	indian	FirstCry	cart	0.8336071840746878	txt_body				0.0			
Dadra and Nagar Haveli	0	Not Dark Pattern	indian	TheLabelLife	checkout	0.9020954775174482	txt_body				1.0			
Salt. Oral Care	0	Not Dark Pattern	indian	nykaa	landing	0.8264863837642831	json_element	1.0	1.0	0.0	0.0	0.0	1.0	
COMPANY	0	Not Dark Pattern	indian	Bewakoof	product	0.8078402063328904	txt_body				0.0			
TREND SKY Polyester Regular Fit Printed Half Sleeves Men's Round T-Shirt - Multicolor ( Pack of 2 )	0	Not Dark Pattern	indian	snapdeal	product	0.8702178538136163	txt_body				0.0			
Year - New to Old	0	Not Dark Pattern	indian	spinny	product	0.8292718916298645	txt_body				0.0			
All Under 399	0	Not Dark Pattern	indian	FirstCry	product	0.9226349302968742	json_element	1.0	1.0	0.0	0.0	0.0	1.0	
TOYS	0	Not Dark Pattern	indian	FirstCry	product	0.8283184996373271	json_element	0.0	0.0	0.0	0.0	0.0	1.0	
Key Features	0	Not Dark Pattern	indian	noise	cart	0.8017162071923158	txt_body				0.0			
Printed Training T-shirt	0	Not Dark Pattern	indian	myntra	product	0.832057700984639	txt_body				0.0			
Download	0	Not Dark Pattern	indian	amazon_in	product	0.8124965876899868	txt_body				0.0			
Rust Printed Casual Half Sleeves Shirt Collar Boys Regular Fit Shirts	0	Not Dark Pattern	indian	pantaloons	product	0.8731169416390897	txt_body				0.0			
Drawing Books	0	Not Dark Pattern	indian	FirstCry	product	0.8260323259021548	json_element	1.0	1.0	0.0	0.0	0.0	1.0	
Tight control on sourcing and distribution	0	Not Dark Pattern	indian	HealthKart	landing	0.8079111308886311	txt_body				0.0			
Michael Kors Accessories	0	Not Dark Pattern	indian	nykaa	landing	0.891539001623241	json_element	1.0	1.0	0.0	0.0	0.0	1.0	
120 reviews	0	Not Dark Pattern	indian	HealthKart	product	0.8157400372517509	txt_body				0.0			
Best Sellers	0	Not Dark Pattern	indian	amazon_in	product	0.8028187581347858	txt_body				0.0			
Laundry Accessories	0	Not Dark Pattern	indian	snapdeal	product	0.8793550373097629	json_element	1.0	1.0	0.0	0.0	0.0	1.0	
Final Payment:  65912	0	Not Dark Pattern	indian	FirstCry	cart	0.8221785757612646	txt_body				0.0			
Crop Top	0	Not Dark Pattern	indian	Clovia	landing	0.8086685950004318	json_element	1.0	1.0	0.0	0.0	0.0	1.0	
Syska Accessories	0	Not Dark Pattern	indian	nykaa	landing	0.891539001623241	json_element	1.0	1.0	0.0	0.0	0.0	1.0	
Daman and Diu	0	Not Dark Pattern	indian	TheLabelLife	checkout	0.9020954775174482	txt_body				1.0			
Face & Body Mists	0	Not Dark Pattern	indian	nykaa	landing	0.8255358202555134	json_element	1.0	1.0	0.0	0.0	0.0	1.0	
LATEST DIAMOND JEWELLERY	0	Not Dark Pattern	indian	bluestone	product	0.822805036192382	json_element	1.0	1.0	0.0	0.0	0.0	1.0	
Kids Ethnic Wear	0	Not Dark Pattern	indian	Shopsy	landing	0.8159412897970688	json_element	0.0	0.0	0.0	0.0	0.0	1.0	
68 reviews	0	Not Dark Pattern	indian	HealthKart	product	0.8157400372517509	txt_body				0.0			
The Next Decor	0	Not Dark Pattern	indian	nykaa	landing	0.8220183795576717	json_element	1.0	1.0	0.0	0.0	0.0	1.0	
Return acceptance and refund processing shall be subject to successful completion of such verification.	0	Not Dark Pattern	indian	westside	cancel_step	0.8512441845897103	txt_body				1.0			
shoppersstop.com offers the best fashion accessories for men and women to add that stylish finishing touch to your outfits. Complement your smart workwear with analogue, digital and smart watches. A coordinated leather belt and wallet with your crisp shirt and trousers are small but significant details that will definitely help you command attention. Do a truly fierce airport look with bags, luggage, laptop bags and mobile accessories to match. As for fashion jewellery, opt for your personal preference whether you like minimalistic jewellery or statement pieces that sparkle and shine.	0	Not Dark Pattern	indian	shoppers_stop	landing	0.8103025447674669	txt_body				0.0			
"Brands 
All"	0	Not Dark Pattern	indian	Purplle	product	0.8969348308505536	json_element	0.0	0.0	0.0	0.0	0.0	1.0	
Jazz and Sizzle	0	Not Dark Pattern	indian	nykaa	landing	0.9020954775174482	json_element	1.0	1.0	0.0	0.0	0.0	1.0	
Nearest Store -	0	Not Dark Pattern	indian	urbanladder	landing	0.8461189717680832	txt_body				0.0			
Your Amazon Freevee account including watchlist, videos and recommendations.	0	Not Dark Pattern	indian	amazon_in	cancel_step	0.8197676920306617	txt_body				1.0			
Vegan & plant protein powder	0	Not Dark Pattern	indian	HealthKart	landing	0.8151358849312418	json_element	0.0	0.0	1.0	0.0	0.0	1.0	
womens wear collection	0	Not Dark Pattern	indian	pantaloons	landing	0.8711776832019751	json_element	1.0	1.0	0.0	0.0	0.0	1.0	
Baby Bath Nets	0	Not Dark Pattern	indian	FirstCry	product	0.8723071622860602	json_element	1.0	1.0	0.0	0.0	0.0	1.0	
Fujiyama Tejas 4000 3750VA 48V Pure Sine Wave Solar PCU for Home, Office & Shop	0	Not Dark Pattern	indian	Moglix	landing	0.8295898701005435	json_element	0.0	0.0	1.0	0.0	0.0	1.0	
Online Quality Store	0	Not Dark Pattern	indian	nykaa	landing	0.8345192823427408	json_element	1.0	1.0	0.0	0.0	0.0	1.0	
Baby Brain Toys	0	Not Dark Pattern	indian	FirstCry	product	0.8574039708800865	json_element	0.0	0.0	0.0	0.0	0.0	1.0	
BEFITTING CLOTHING	0	Not Dark Pattern	indian	nykaa	landing	0.8704178059575318	json_element	1.0	1.0	0.0	0.0	0.0	1.0	
90% and above	0	Not Dark Pattern	indian	myntra	product	0.8009170751345451	txt_body				0.0			
LED Panel Lights	0	Not Dark Pattern	indian	Moglix	landing	0.8071913945338969	json_element	0.0	0.0	1.0	0.0	0.0	1.0	
Premium Goat Neck Steak (480 - 500g Pack)	0	Not Dark Pattern	indian	freshtohome	landing	0.8137030094441133	txt_body				0.0			
kidswear collection	0	Not Dark Pattern	indian	pantaloons	landing	0.859410422023783	json_element	1.0	1.0	0.0	0.0	0.0	1.0	
Sports Shoes & Floaters	0	Not Dark Pattern	indian	myntra	landing	0.8621133278458523	json_element	0.0	0.0	0.0	0.0	0.0	1.0	
Farmley Products	0	Not Dark Pattern	indian	PharmEasy	landing	0.8315948966771027	json_element	1.0	1.0	0.0	0.0	0.0	1.0	
Hair Straightner	0	Not Dark Pattern	indian	snapdeal	landing	0.8537299390655018	json_element	0.0	0.0	1.0	0.0	0.0	1.0	
2 more	0	Not Dark Pattern	indian	Techjockey	product	0.8073250998351251	json_element	0.0	0.0	0.0	0.0	0.0	1.0	
Girls Clothing	0	Not Dark Pattern	indian	lifestyle	landing	0.8587021270996762	json_element	0.0	0.0	1.0	0.0	0.0	1.0	
Hikvision 2.4 inch Value Series Face Recognition Terminal Access Control, DS-K1T321MFWX-B ...	0	Not Dark Pattern	indian	Moglix	landing	0.8119513986657546	txt_body				0.0			
Men Track Pant	0	Not Dark Pattern	indian	Shopsy	landing	0.8210529261176278	json_element	0.0	0.0	0.0	0.0	0.0	1.0	
Fake Jobs and Fraud Disclaimer	0	Not Dark Pattern	indian	Tata 1mg	product	0.8496936822522774	json_element	0.0	0.0	0.0	0.0	0.0	1.0	
Cute Walk by Babyhug Velcro Closure Printed Sandal With Floral...	0	Not Dark Pattern	indian	FirstCry	product	0.8505927400170642	json_element	0.0	0.0	0.0	0.0	0.0	1.0	
Intelliskills My First Learning Set Of 24 Library...	0	Not Dark Pattern	indian	FirstCry	cart	0.8272401121855196	txt_body				0.0			
Health Corner	0	Not Dark Pattern	indian	Netmeds	landing	0.8015473788878191	json_element	0.0	0.0	0.0	0.0	0.0	1.0	
Showing related products	0	Not Dark Pattern	indian	Blinkit	product	0.8315948966771027	txt_body				0.0			
Business/Monopoly	0	Not Dark Pattern	indian	FirstCry	product	0.8225178371966181	json_element	1.0	1.0	0.0	0.0	0.0	1.0	
Behno New York	0	Not Dark Pattern	indian	nykaa	landing	0.8979326447184729	json_element	1.0	1.0	0.0	0.0	0.0	1.0	
St. Ives International	0	Not Dark Pattern	indian	Purplle	landing	0.8181591606803024	json_element	1.0	1.0	0.0	0.0	0.0	1.0	
Dugran By Dugristyle	0	Not Dark Pattern	indian	nykaa	landing	0.829879306540604	json_element	1.0	1.0	0.0	0.0	0.0	1.0	
IYKYK by Nykaa Fashion	0	Not Dark Pattern	indian	nykaa	landing	0.8501464657404169	json_element	1.0	1.0	0.0	0.0	0.0	1.0	
House Of The Dragon: Fire & Blood	0	Not Dark Pattern	indian	The Souled Store	cart	0.8535321551201667	txt_body				0.0			
MEN'S ACCESSORIES	0	Not Dark Pattern	indian	ajio	landing	0.8853409155569383	txt_body				0.0			
Women's Fashion	0	Not Dark Pattern	indian	snapdeal	product	0.8587046971226371	json_element	1.0	1.0	0.0	0.0	0.0	1.0	
Men’s Slippers & Flip Flops	0	Not Dark Pattern	indian	flipkart	landing	0.809700400134122	txt_body				0.0			
Nursing Covers & Bibs	0	Not Dark Pattern	indian	FirstCry	product	0.8211733574200911	json_element	1.0	1.0	0.0	0.0	0.0	1.0	
Himalaya Men Pimple Clear Neem Face Wash	0	Not Dark Pattern	indian	Tata 1mg	cart	0.840557578258593	txt_body				0.0			
Boys' Clothing	0	Not Dark Pattern	indian	snapdeal	product	0.8573008502884707	json_element	1.0	1.0	0.0	0.0	0.0	1.0	
Kapiva Products	0	Not Dark Pattern	indian	PharmEasy	landing	0.8315948966771027	json_element	1.0	1.0	0.0	0.0	0.0	1.0	
Lacoste Accessories	0	Not Dark Pattern	indian	nykaa	landing	0.891539001623241	json_element	1.0	1.0	0.0	0.0	0.0	1.0	
Noise Buds Marine Truly Wireless Bluetooth Earbuds	0	Not Dark Pattern	indian	noise	cart	0.82105650420803	json_element	1.0	1.0	0.0	0.0	0.0	1.0	
Mustang® Official Collab Stallion Nitro Ice | Prebook Pass	0	Not Dark Pattern	indian	boult	landing	0.8018860190094714	json_element	0.0	0.0	0.0	0.0	0.0	1.0	
Led Lights	0	Not Dark Pattern	indian	Shopsy	landing	0.8071913945338969	json_element	0.0	0.0	0.0	0.0	0.0	1.0	
Memory Cards	0	Not Dark Pattern	indian	snapdeal	product	0.8227835309705518	json_element	1.0	1.0	0.0	0.0	0.0	1.0	
Tools & Accessories	0	Not Dark Pattern	indian	nykaa	landing	0.905098912427702	json_element	1.0	1.0	0.0	0.0	0.0	1.0	
Baby Carriers	0	Not Dark Pattern	indian	FirstCry	product	0.8683306295557556	json_element	1.0	1.0	0.0	0.0	0.0	1.0	
Men's Brown Textured Oversized Shirt	0	Not Dark Pattern	indian	Bewakoof	product	0.8338617606432673	txt_body				0.0			
Safety Supplies	0	Not Dark Pattern	indian	Moglix	landing	0.8139686261405447	txt_body				0.0			
Shining new app,	0	Not Dark Pattern	indian	bluestone	cart	0.8765368308970194	txt_body				0.0			
Beanly Choco Hazelnut Spread with Breadsticks	0	Not Dark Pattern	indian	Blinkit	landing	0.8336071840746878	txt_body				0.0			
Explore Moglix Business	0	Not Dark Pattern	indian	Moglix	landing	0.8129576909467288	json_element	0.0	0.0	0.0	0.0	0.0	1.0	
Privacy Notice	0	Not Dark Pattern	indian	amazon_in	product	0.8250811091123786	json_element	0.0	0.0	1.0	0.0	0.0	1.0	
MY ACCOUNT	0	Not Dark Pattern	indian	bluestone	settings	0.8764959359425293	json_element	0.0	0.0	0.0	1.0	0.0	1.0	
All Mobility Aids	0	Not Dark Pattern	indian	PharmEasy	landing	0.8796389318601446	json_element	1.0	1.0	0.0	0.0	0.0	1.0	
Banana Robusta Baby	0	Not Dark Pattern	indian	Zepto	checkout	0.8683306295557556	txt_body				1.0			
Shipping and other charges View Details	0	Not Dark Pattern	indian	Purplle	cart	0.8465878277695655	txt_body				0.0			
Feedback & Information	0	Not Dark Pattern	indian	Shopsy	settings	0.831023990978507	txt_body				1.0			
Home Decor & Furnishing	0	Not Dark Pattern	indian	flipkart	landing	0.8344583179754759	txt_body				0.0			
View and track your orders.	0	Not Dark Pattern	indian	lifestyle	settings	0.851817798205903	txt_body				1.0			
TIGERSNAKE Men Solid Casual Grey, Brown Shirt	0	Not Dark Pattern	indian	Shopsy	product	0.8585790903663694	txt_body				0.0			
Chupa Chups Sour Belt Mixed Fruit Sour Candy	0	Not Dark Pattern	indian	Blinkit	landing	0.8266384040377093	txt_body				0.0			
Casual Shirts	0	Not Dark Pattern	indian	flipkart	landing	0.8678169974813664	json_element	1.0	1.0	0.0	0.0	0.0	1.0	
DigiSmart Lancer 1150W Plastic Black Light Weight Dry Iron with 1 Year Warranty	0	Not Dark Pattern	indian	Moglix	landing	0.8300158969837541	json_element	0.0	0.0	0.0	0.0	0.0	1.0	
Hand & Foot Masks	0	Not Dark Pattern	indian	nykaa	landing	0.8077582466876315	json_element	1.0	1.0	0.0	0.0	0.0	1.0	
face	0	Not Dark Pattern	indian	nykaa	landing	0.8125236098643798	json_element	1.0	1.0	0.0	0.0	0.0	1.0	
Hillgrove 500W 2600rpm Variable Speed Rotation Drill Machine with 5 Pcs Wood Drill Bits, HGCM912 ...	0	Not Dark Pattern	indian	Moglix	landing	0.8062092341282695	txt_body				0.0			
Country Delight Ghar Jaisa Cup Curd	0	Not Dark Pattern	indian	Blinkit	landing	0.8251770347479868	txt_body				0.0			
Hillgrove 500W 2600rpm Variable Speed Rotation Drill Machine with 5 Pcs Wood Dri	0	Not Dark Pattern	indian	Moglix	landing	0.8062092341282695	json_element	0.0	0.0	0.0	0.0	0.0	1.0	
Featured Categories	0	Not Dark Pattern	indian	PharmEasy	landing	0.8088896140475681	txt_body				0.0			
Cinch Home	0	Not Dark Pattern	indian	nykaa	landing	0.828516327986744	json_element	1.0	1.0	0.0	0.0	0.0	1.0	
HealthyHey Sports	0	Not Dark Pattern	indian	HealthKart	product	0.8432322810150148	json_element	0.0	0.0	1.0	0.0	0.0	1.0	
Booklet of 32 Brown Leaves and Tips Rolling Paper - Original Gangster	0	Not Dark Pattern	indian	Blinkit	landing	0.8404927148544101	txt_body				0.0			
Digestive Relief Products	0	Not Dark Pattern	indian	PharmEasy	landing	0.8315948966771027	json_element	1.0	1.0	0.0	0.0	0.0	1.0	
STANDARD DELIVERY	0	Not Dark Pattern	indian	pantaloons	checkout	0.8219926232676199	txt_body				1.0			
Sony Cameras	0	Not Dark Pattern	indian	flipkart	landing	0.8129824807837152	json_element	1.0	1.0	0.0	0.0	0.0	1.0	
ORGANIC SKIN CARE	0	Not Dark Pattern	indian	FirstCry	product	0.8316117188993262	json_element	1.0	1.0	0.0	0.0	0.0	1.0	
Manage Notification & Reminders	0	Not Dark Pattern	indian	shoppers_stop	settings	0.8022107524462082	txt_body				1.0			
Zevar By Geeta	0	Not Dark Pattern	indian	nykaa	landing	0.829879306540604	json_element	1.0	1.0	0.0	0.0	0.0	1.0	
Central Bank of India	0	Not Dark Pattern	indian	amazon_in	checkout	0.8491015950954152	txt_body				1.0			
Explore and Compare	0	Not Dark Pattern	indian	Techjockey	landing	0.8053706472635146	txt_body				0.0			
Men's Trousers & Pants	0	Not Dark Pattern	indian	Bewakoof	product	0.820886038172756	json_element	0.0	0.0	1.0	0.0	0.0	1.0	
Cute Walk by Babyhug Velcro Closure Sandal With Lion Applique - Blue	0	Not Dark Pattern	indian	FirstCry	product	0.832665613707426	json_element	0.0	0.0	0.0	0.0	0.0	1.0	
"Top Deals
4.8
Mustang® Official Collab Stallion Ignite Gold | Prebook Pass
Anodi"	0	Not Dark Pattern	indian	boult	landing	0.8087342321697317	json_element	0.0	0.0	0.0	0.0	0.0	1.0	
NEW BABY ESSENTIALS	0	Not Dark Pattern	indian	FirstCry	product	0.8714267547908461	json_element	1.0	1.0	0.0	0.0	0.0	1.0	
"Color
 					 			
								
	     				
					
				
					Size
						 

						  			S"	0	Not Dark Pattern	indian	snapdeal	product	0.8109204230704176	json_element	1.0	1.0	0.0	0.0	0.0	1.0	
Hair Drama Co.	0	Not Dark Pattern	indian	nykaa	landing	0.8269819717334037	json_element	1.0	1.0	0.0	0.0	0.0	1.0	
Pharmeasy Glutathione - Promotes Healthy Skin - Reverses Signs Of Ageing - Bottl	0	Not Dark Pattern	indian	PharmEasy	cart	0.8586381166178116	json_element	0.0	0.0	0.0	0.0	0.0	1.0	
Baby Moo  (44)	0	Not Dark Pattern	indian	FirstCry	product	0.8161882659174142	json_element	1.0	1.0	0.0	0.0	0.0	1.0	
Coconut Shell Hookah Coal by Quasar	0	Not Dark Pattern	indian	Blinkit	landing	0.829879306540604	txt_body				0.0			
Price inclusive of all taxes.	0	Not Dark Pattern	indian	FirstCry	cart	0.8406861832940867	txt_body				0.0			
Payment options	0	Not Dark Pattern	indian	amazon_in	settings	0.8221785757612646	txt_body				1.0			
Cricket Helmet | Volleyballs | Hand Grip | Dumbbells | Treadmills | Yoga Mats | Bandages | Eye Drops | Skateboards | Crepe Bandages | Side Arm Thrower | Wheelchairs | Cricket Balls | Resistance Bands	0	Not Dark Pattern	indian	Shopsy	landing	0.805192828426768	txt_body				0.0			
Party Wear	0	Not Dark Pattern	indian	FirstCry	product	0.820335565569583	json_element	1.0	1.0	0.0	0.0	0.0	1.0	
Health & Wellness	0	Not Dark Pattern	indian	nykaa	landing	0.8015473788878191	json_element	0.0	0.0	0.0	0.0	0.0	1.0	
Stream millions of songs	0	Not Dark Pattern	indian	amazon_in	product	0.89821305945525	txt_body				0.0			
Cancellation and Refund   |   Terms of use   |   Privacy	0	Not Dark Pattern	indian	Techjockey	product	0.884531671854906	txt_body				0.0			
Dress Materials	0	Not Dark Pattern	indian	myntra	landing	0.8104648415930187	json_element	0.0	0.0	0.0	0.0	0.0	1.0	
"LIGHT KNITS

Snug favourites perfect for all occasions.

SHOP NOW"	0	Not Dark Pattern	indian	TheLabelLife	landing	0.8136107720205648	json_element	0.0	0.0	0.0	0.0	0.0	1.0	
Electricals & Accessories	0	Not Dark Pattern	indian	Zepto	cart	0.891539001623241	json_element	0.0	0.0	0.0	0.0	0.0	1.0	
Clothing and Accessories	0	Not Dark Pattern	indian	Shopsy	product	0.9141097954300256	txt_body				0.0			
Pipa Bella by Nykaa Fashion	0	Not Dark Pattern	indian	nykaa	landing	0.8501464657404169	json_element	1.0	1.0	0.0	0.0	0.0	1.0	
By: Salawas Arts	0	Not Dark Pattern	indian	Moglix	product	0.829879306540604	txt_body				0.0			
"Men's Trackpants & Tracksuits
78"	0	Not Dark Pattern	indian	snapdeal	product	0.8202505511122231	json_element	0.0	0.0	0.0	0.0	0.0	1.0	
Straightening Brushes	0	Not Dark Pattern	indian	nykaa	landing	0.8236361867543094	json_element	1.0	1.0	0.0	0.0	0.0	1.0	
Bath Toys	0	Not Dark Pattern	indian	FirstCry	product	0.8470707687556771	json_element	1.0	1.0	0.0	0.0	0.0	1.0	
Crocin Baby Paracetamol Paediatric Drops | Flavour Peppermint	0	Not Dark Pattern	indian	Tata 1mg	product	0.8683306295557556	txt_body				0.0			
The differences between men's and women's T-shirts lies in the physical facets of the design.	0	Not Dark Pattern	indian	myntra	product	0.8242064824130312	txt_body				0.0			
Skincare Tips	0	Not Dark Pattern	indian	Purplle	landing	0.8078665325631945	json_element	1.0	1.0	0.0	0.0	0.0	1.0	
All Body Care Products	0	Not Dark Pattern	indian	PharmEasy	landing	0.8993644817588466	json_element	1.0	1.0	0.0	0.0	0.0	1.0	
IYKYK By Nykaa Fashion	0	Not Dark Pattern	indian	nykaa	landing	0.8501464657404169	json_element	1.0	1.0	0.0	0.0	0.0	1.0	
ethnic bottom wear	0	Not Dark Pattern	indian	LimeRoad	landing	0.8094637733108317	json_element	1.0	1.0	0.0	0.0	0.0	1.0	
Privacy Info	0	Not Dark Pattern	indian	Purplle	landing	0.8558464797098977	txt_body				0.0			
By HomeTown	0	Not Dark Pattern	indian	pepperfry	product	0.829879306540604	txt_body				0.0			
The Evolution of Shopsy	0	Not Dark Pattern	indian	Shopsy	landing	0.8801813282600962	txt_body				0.0			
Green Tea	0	Not Dark Pattern	indian	HealthKart	landing	0.809143265951316	json_element	1.0	1.0	0.0	0.0	0.0	1.0	
Collagen Face Cleanser	0	Not Dark Pattern	indian	HealthKart	landing	0.8125236098643798	json_element	0.0	0.0	1.0	0.0	0.0	1.0	
Face Bleach	0	Not Dark Pattern	indian	nykaa	landing	0.8125236098643798	json_element	1.0	1.0	0.0	0.0	0.0	1.0	
Body Washes and Shower Gels	0	Not Dark Pattern	indian	shoppers_stop	landing	0.8558482788955443	json_element	0.0	0.0	1.0	0.0	0.0	1.0	
Color Block (335)	0	Not Dark Pattern	indian	FirstCry	product	0.8150553951645012	json_element	0.0	0.0	0.0	0.0	0.0	1.0	
All Unani & Siddha Medicine	0	Not Dark Pattern	indian	PharmEasy	landing	0.9226349302968742	json_element	1.0	1.0	0.0	0.0	0.0	1.0	
office chairs	0	Not Dark Pattern	indian	Moglix	landing	0.8179500406099902	json_element	0.0	0.0	1.0	0.0	0.0	1.0	
Mobiles & Accessories	0	Not Dark Pattern	indian	flipkart	product	0.891539001623241	json_element	0.0	0.0	0.0	0.0	0.0	1.0	
A 3 digit number on the back of the card	0	Not Dark Pattern	indian	FirstCry	cart	0.8429374776253294	txt_body				0.0			
My Address	0	Not Dark Pattern	indian	DMart Ready	settings	0.8505620962766788	txt_body				1.0			
Popular Search In Makeup:-Makeup |Face |Face Primers |Color Correctors |Concealers |BB and CC Creams |Tinted Moisturizers |Foundations |Compacts |Blushes |Bronzers |Highlighters and Illuminators |Setting Sprays |Face Palettes and Sets |Makeup Removers |Loose Powders |Eyes |Under Eye Concealers |Kajals |Eye Pencils |Eyeliners |Mascaras |Eye Shadows |Eye Brow Enhancers |False Eyelashes |Eye Palettes And Sets |Eye Makeup Removers |Lips |Lip Liners |Lipsticks |Lip Glosses |Lips Stains and Tints |Lip Balms |Lip Palettes and Sets |Liquid Lipsticks |Lip Primers |Nails |Nail Polishes |Nail Art Kits |Base and Top Coats |Nail Polish Removers |Makeup Tools and Brushes |Makeup Kits	0	Not Dark Pattern	indian	shoppers_stop	landing	0.8916291876946618	txt_body				0.0			
BRYAN & CANDY	0	Not Dark Pattern	indian	nykaa	landing	0.8072851935147578	json_element	1.0	1.0	0.0	0.0	0.0	1.0	
White Printed All - Over Casual Half Sleeves Shirt Collar Boys Regular Fit Shirt	0	Not Dark Pattern	indian	pantaloons	product	0.8673391459962386	txt_body				0.0			
Brushes	0	Not Dark Pattern	indian	shoppers_stop	landing	0.8236361867543094	json_element	0.0	0.0	1.0	0.0	0.0	1.0	
Sort by:Featured	0	Not Dark Pattern	indian	amazon_in	product	0.829879306540604	txt_body				0.0			
Diabetic Care	0	Not Dark Pattern	indian	HealthKart	landing	0.8264863837642831	json_element	1.0	1.0	0.0	0.0	0.0	1.0	
ENITOR Men Cotton Blend Oversized Fit Printed T-Shirt ( Dark Green )	0	Not Dark Pattern	indian	snapdeal	product	0.8445322542738365	txt_body				0.0			
My Points	0	Not Dark Pattern	indian	pantaloons	settings	0.8691592454720433	txt_body				1.0			
Pierre Cardin Accessories	0	Not Dark Pattern	indian	nykaa	landing	0.891539001623241	json_element	1.0	1.0	0.0	0.0	0.0	1.0	
Typography: Men's T-shirts have seen a new trend with culture-defining quotes printed on them. The minimalist look of the T-shirt makes them a perfect option for all sorts of events. They come in a variety of colours and can be paired with a jacket for parties.	0	Not Dark Pattern	indian	myntra	product	0.8524235222220773	txt_body				0.0			
Shorts 3 4Ths	0	Not Dark Pattern	indian	ajio	landing	0.8173899283939563	json_element	0.0	0.0	0.0	0.0	0.0	1.0	
School, Office & Stationery	0	Not Dark Pattern	indian	JioMart	landing	0.8338807175855028	json_element	0.0	0.0	0.0	0.0	0.0	1.0	
"Body
                Scrubs"	0	Not Dark Pattern	indian	nykaa	landing	0.8082859214350229	json_element	1.0	1.0	0.0	0.0	0.0	1.0	
Scrubs and Exfoliators	0	Not Dark Pattern	indian	shoppers_stop	landing	0.9020954775174482	json_element	0.0	0.0	1.0	0.0	0.0	1.0	
Our Story	0	Not Dark Pattern	indian	Bewakoof	settings	0.8415444002700974	txt_body				1.0			
Shop By Sizes	0	Not Dark Pattern	indian	Clovia	landing	0.8924850709942213	json_element	0.0	0.0	0.0	0.0	0.0	1.0	
Watches	0	Not Dark Pattern	indian	ajio	landing	0.8158948667163735	json_element	0.0	0.0	0.0	0.0	0.0	1.0	
"4.65
1
2
3
Bausch & Lomb Soflens Toric Monthly Disposable
6 lens/box

Delivery b"	0	Not Dark Pattern	indian	Lenskart	product	0.8052669596776264	json_element	0.0	0.0	0.0	0.0	0.0	1.0	
HAND TOOLS:	0	Not Dark Pattern	indian	Moglix	landing	0.8381891404426686	txt_body				0.0			
Face Tan	0	Not Dark Pattern	indian	nykaa	landing	0.8125236098643798	json_element	1.0	1.0	0.0	0.0	0.0	1.0	
Vinspire 3HP 2 Stroke Heavy Duty Petrol Power Tiller	0	Not Dark Pattern	indian	Moglix	landing	0.8031960084213855	json_element	0.0	0.0	1.0	0.0	0.0	1.0	
PANTALOONS BABY	0	Not Dark Pattern	indian	pantaloons	product	0.8683306295557556	txt_body				0.0			
Space of Joy	0	Not Dark Pattern	indian	nykaa	landing	0.8554867238711126	json_element	1.0	1.0	0.0	0.0	0.0	1.0	
Elderly Health	0	Not Dark Pattern	indian	HealthKart	landing	0.8015473788878191	json_element	1.0	1.0	0.0	0.0	0.0	1.0	
More T&C	0	Not Dark Pattern	indian	FirstCry	cart	0.8073250998351251	txt_body				0.0			
Bags And Backpacks	0	Not Dark Pattern	indian	pantaloons	product	0.8734685704162466	json_element	1.0	1.0	0.0	0.0	0.0	1.0	
Casual Trousers | Chinos	0	Not Dark Pattern	indian	westside	landing	0.8441317006646334	json_element	1.0	1.0	0.0	0.0	0.0	1.0	
Men's T-shirts	0	Not Dark Pattern	indian	flipkart	landing	0.8559096724823143	json_element	1.0	1.0	0.0	0.0	0.0	1.0	
The Baby Atelier	0	Not Dark Pattern	indian	nykaa	landing	0.8622652705033738	json_element	1.0	1.0	0.0	0.0	0.0	1.0	
Our Brands	0	Not Dark Pattern	indian	Lenskart	landing	0.8312308976688532	txt_body				0.0			
All Liver Care Products	0	Not Dark Pattern	indian	PharmEasy	landing	0.9073041694672539	json_element	1.0	1.0	0.0	0.0	0.0	1.0	
Delivery Policy	0	Not Dark Pattern	indian	shoppers_stop	landing	0.8595407197156298	json_element	0.0	0.0	1.0	0.0	0.0	1.0	
Tea Coffee Serveware	0	Not Dark Pattern	indian	ajio	landing	0.8133061058946975	json_element	0.0	0.0	0.0	0.0	0.0	1.0	
MORE INFO	0	Not Dark Pattern	indian	The Souled Store	landing	0.8473821671670236	txt_body				0.0			
Fastgear 3 Pcs Stainless Steel Chrome Finish Angle Wall, Connection Pipe & Swan	0	Not Dark Pattern	indian	Moglix	landing	0.8045300906460091	json_element	0.0	0.0	1.0	0.0	0.0	1.0	
100w pass through...5 GBPS data trans...	0	Not Dark Pattern	indian	noise	landing	0.805274915977267	txt_body				0.0			
Face Wash & Cleansers	0	Not Dark Pattern	indian	nykaa	landing	0.8125236098643798	json_element	1.0	1.0	0.0	0.0	0.0	1.0	
Baby Walkers	0	Not Dark Pattern	indian	FirstCry	product	0.8683306295557556	json_element	1.0	1.0	0.0	0.0	0.0	1.0	
Country*	0	Not Dark Pattern	indian	FabIndia	checkout	0.8251770347479868	txt_body				1.0			
Fashion Accessories	0	Not Dark Pattern	indian	snapdeal	product	0.8897943202518774	json_element	1.0	1.0	0.0	0.0	0.0	1.0	
Cancellation & Return Policy	0	Not Dark Pattern	indian	JioMart	landing	0.8165706500687024	json_element	0.0	0.0	0.0	0.0	0.0	1.0	
Shop Beetel	0	Not Dark Pattern	indian	amazon_in	product	0.8921112937052793	json_element	0.0	0.0	0.0	0.0	0.0	1.0	
GenZ Store	0	Not Dark Pattern	indian	max_fashion	landing	0.8461189717680832	json_element	0.0	0.0	0.0	0.0	0.0	1.0	
FITTED-ROUND-CIRCLES-PREMIUM	0	Not Dark Pattern	indian	flipkart	product	0.8162114495804399	txt_body				0.0			
Acuvue Moist Daily Disposable with BC 8.5 10Hrs	0	Not Dark Pattern	indian	Lenskart	product	0.809955326018501	txt_body				0.0			
Face Masks & Protective Masks	0	Not Dark Pattern	indian	PharmEasy	landing	0.8363330296239094	json_element	1.0	1.0	0.0	0.0	0.0	1.0	
Inaya Accessories	0	Not Dark Pattern	indian	nykaa	landing	0.891539001623241	json_element	1.0	1.0	0.0	0.0	0.0	1.0	
India Circus by Krsnaa Mehta	0	Not Dark Pattern	indian	nykaa	landing	0.8086360430355718	json_element	1.0	1.0	0.0	0.0	0.0	1.0	
Men's Arrow Pave Lab Diamond Stud Earrings	0	Not Dark Pattern	indian	westside	landing	0.8456062302929553	json_element	1.0	1.0	0.0	0.0	0.0	1.0	
Health records	0	Not Dark Pattern	indian	Netmeds	settings	0.8015473788878191	json_element	0.0	0.0	0.0	1.0	0.0	1.0	
Coconut Hookah Coal Cubes by Stash Pro	0	Not Dark Pattern	indian	Blinkit	landing	0.8123273042498906	txt_body				0.0			
Mobiles Accessories:Mobile Covers/Leather Mobile Covers/Printed Back Covers/Tempered Glass	0	Not Dark Pattern	indian	snapdeal	landing	0.8531957404949488	txt_body				0.0			
One account to rule them all	0	Not Dark Pattern	indian	lifestyle	settings	0.8191378445557668	txt_body				1.0			
My RFQ's	0	Not Dark Pattern	indian	Moglix	settings	0.869635263945345	json_element	0.0	0.0	0.0	1.0	0.0	1.0	
SCHOOL SUPPLIES	0	Not Dark Pattern	indian	FirstCry	product	0.8299273801334336	json_element	1.0	1.0	0.0	0.0	0.0	1.0	
Men Body Sprays	0	Not Dark Pattern	indian	shoppers_stop	landing	0.8298878283839454	json_element	0.0	0.0	1.0	0.0	0.0	1.0	
Download Purplle App	0	Not Dark Pattern	indian	Purplle	landing	0.8260978517331912	json_element	1.0	1.0	0.0	0.0	0.0	1.0	
SHOP ON THE GO	0	Not Dark Pattern	indian	snapdeal	product	0.8197614564207133	txt_body				0.0			
2023 Hyundai New i20 Asta (O) 1.2 IVT	0	Not Dark Pattern	indian	spinny	product	0.8979326447184729	txt_body				0.0			
Diesel Accessories	0	Not Dark Pattern	indian	nykaa	landing	0.891539001623241	json_element	1.0	1.0	0.0	0.0	0.0	1.0	
Home Temples	0	Not Dark Pattern	indian	flipkart	landing	0.828516327986744	json_element	1.0	1.0	0.0	0.0	0.0	1.0	
Livon Hair Gain /	0	Not Dark Pattern	indian	Purplle	landing	0.8537299390655018	json_element	0.0	0.0	1.0	0.0	0.0	1.0	
TOPS	0	Not Dark Pattern	indian	LimeRoad	landing	0.8590710659811271	txt_body				0.0			
Men Accessories	0	Not Dark Pattern	indian	shoppers_stop	landing	0.8853409155569383	json_element	0.0	0.0	1.0	0.0	0.0	1.0	
"Masks
                    & Peels"	0	Not Dark Pattern	indian	nykaa	landing	0.8125236098643798	json_element	1.0	1.0	0.0	0.0	0.0	1.0	
Write a review	0	Not Dark Pattern	indian	boult	cart	0.8439669220904108	json_element	1.0	1.0	0.0	0.0	0.0	1.0	
clothing	0	Not Dark Pattern	indian	myntra	landing	0.8704178059575318	json_element	0.0	0.0	0.0	0.0	0.0	1.0	
OPERATING SYSTEM VERSION NAME	0	Not Dark Pattern	indian	flipkart	product	0.8047032723599463	txt_body				0.0			
Coffee Makers	0	Not Dark Pattern	indian	ajio	landing	0.8133061058946975	json_element	0.0	0.0	0.0	0.0	0.0	1.0	
WHITE DOOR	0	Not Dark Pattern	indian	westside	landing	0.8052378370454709	json_element	0.0	0.0	0.0	0.0	1.0	0.0	
Cisco Webex Meeting Center with VOIP and PSTN is a web-based remote collaboration software. Cisco Meetings allows users... read more	0	Not Dark Pattern	indian	Techjockey	product	0.8423185617564094	txt_body				0.0			
Parachute Baby	0	Not Dark Pattern	indian	Purplle	landing	0.8683306295557556	json_element	1.0	1.0	0.0	0.0	0.0	1.0	
Masks and Treatments	0	Not Dark Pattern	indian	shoppers_stop	landing	0.8771048015531117	json_element	0.0	0.0	1.0	0.0	0.0	1.0	
CUTE TREND Pack of 4 Girls Cotton T-shirt & Capris ( Multicolor 4 )	0	Not Dark Pattern	indian	snapdeal	landing	0.8449844907536318	txt_body				0.0			
March By FableStreet	0	Not Dark Pattern	indian	nykaa	landing	0.829879306540604	json_element	1.0	1.0	0.0	0.0	0.0	1.0	
Black (310)	0	Not Dark Pattern	indian	FirstCry	product	0.806514921322065	txt_body				0.0			
Brown Eggs - Pack Of 6 | Classic Eggs - Pack Of 6	0	Not Dark Pattern	indian	licious	landing	0.8503773774028837	txt_body				0.0			
LIGHT KNITSSnug favourites perfect for all occasions.SHOP NOW	0	Not Dark Pattern	indian	TheLabelLife	landing	0.8136107720205648	json_element	1.0	1.0	0.0	0.0	0.0	1.0	
Body Moisturizers	0	Not Dark Pattern	indian	shoppers_stop	landing	0.8082859214350229	json_element	0.0	0.0	1.0	0.0	0.0	1.0	
USED CARS	0	Not Dark Pattern	indian	spinny	product	0.8043928502050808	json_element	0.0	0.0	0.0	0.0	0.0	1.0	
Men shirts	0	Not Dark Pattern	indian	LimeRoad	product	0.8559096724823143	json_element	1.0	1.0	0.0	0.0	0.0	1.0	
WOMEN'S ACCESSORIES	0	Not Dark Pattern	indian	ajio	landing	0.8969499863924085	txt_body				0.0			
casual shirts	0	Not Dark Pattern	indian	LimeRoad	landing	0.8678169974813664	json_element	1.0	1.0	0.0	0.0	0.0	1.0	
(Incl. of GST)	0	Not Dark Pattern	indian	The Souled Store	cart	0.89821305945525	txt_body				0.0			
Show all data	0	Not Dark Pattern	indian	snapdeal	product	0.8933968385561284	json_element	1.0	1.0	0.0	0.0	0.0	1.0	
Saturn by GHC	0	Not Dark Pattern	indian	nykaa	landing	0.829879306540604	json_element	1.0	1.0	0.0	0.0	0.0	1.0	
Return Replacement	0	Not Dark Pattern	indian	LimeRoad	landing	0.810455011079582	json_element	1.0	1.0	0.0	0.0	0.0	1.0	
POSTERS AND TRUSS	0	Not Dark Pattern	indian	nykaa	landing	0.9020954775174482	json_element	1.0	1.0	0.0	0.0	0.0	1.0	
6 more	0	Not Dark Pattern	indian	Techjockey	product	0.8073250998351251	json_element	0.0	0.0	0.0	0.0	0.0	1.0	
New Caledonia(+687)	0	Not Dark Pattern	indian	westside	checkout	0.8979326447184729	txt_body				1.0			
MY ORDERS	0	Not Dark Pattern	indian	freshtohome	settings	0.8227679554534397	txt_body				1.0			
Cushion Covers & Fillers	0	Not Dark Pattern	indian	pantaloons	landing	0.8072308699738946	json_element	1.0	1.0	0.0	0.0	0.0	1.0	
View all coupons	0	Not Dark Pattern	indian	JioMart	checkout	0.9091798408563554	txt_body				1.0			
Social Media Analytics Tools	0	Not Dark Pattern	indian	Techjockey	settings	0.8487583062338955	json_element	1.0	1.0	0.0	1.0	0.0	1.0	
Dimensity 6300 5G Processor	0	Not Dark Pattern	indian	flipkart	product	0.8072820378170742	txt_body				0.0			
View More Wallets	0	Not Dark Pattern	indian	Zepto	checkout	0.8821073492455791	txt_body				1.0			
"Tools
                    & Brushes"	0	Not Dark Pattern	indian	nykaa	landing	0.86568206169831	json_element	1.0	1.0	0.0	0.0	0.0	1.0	
Payment Amount :65912	0	Not Dark Pattern	indian	FirstCry	cart	0.8221785757612646	txt_body				0.0			
Nike Shoes	0	Not Dark Pattern	indian	flipkart	landing	0.8339212378437332	json_element	1.0	1.0	0.0	0.0	0.0	1.0	
V Neck	0	Not Dark Pattern	indian	snapdeal	product	0.8336614730486098	json_element	0.0	0.0	0.0	0.0	0.0	1.0	
Body Wash/Shower Gel	0	Not Dark Pattern	indian	FirstCry	product	0.8082859214350229	json_element	1.0	1.0	0.0	0.0	0.0	1.0	
Eye Palettes And Sets	0	Not Dark Pattern	indian	shoppers_stop	landing	0.9020954775174482	json_element	0.0	0.0	1.0	0.0	0.0	1.0	
Snacks & Farsans	0	Not Dark Pattern	indian	DMart Ready	product	0.8367904056956615	json_element	0.0	0.0	1.0	0.0	0.0	1.0	
western wear	0	Not Dark Pattern	indian	LimeRoad	landing	0.8159412897970688	json_element	1.0	1.0	0.0	0.0	0.0	1.0	
Face Cleansers	0	Not Dark Pattern	indian	PharmEasy	landing	0.8125236098643798	json_element	1.0	1.0	0.0	0.0	0.0	1.0	
Men's T-Shirts	0	Not Dark Pattern	indian	Bewakoof	product	0.8559096724823143	json_element	0.0	0.0	0.0	0.0	0.0	1.0	
COOKIE POLICY	0	Not Dark Pattern	indian	westside	landing	0.8415793070045001	json_element	0.0	0.0	0.0	0.0	0.0	1.0	
"YtwoDesigns_1 Men Cotton Blend Oversized Fit Self Design T-Shirt ( Black )

Rs."	0	Not Dark Pattern	indian	snapdeal	product	0.8193882821658993	json_element	0.0	0.0	0.0	0.0	0.0	1.0	
Clothing & Accessories|	0	Not Dark Pattern	indian	DMart Ready	product	0.9109837975235695	json_element	0.0	0.0	1.0	0.0	0.0	1.0	
"The Gift
                    Store"	0	Not Dark Pattern	indian	nykaa	landing	0.8349672490200355	json_element	1.0	1.0	0.0	0.0	0.0	1.0	
Sales CRM Software	0	Not Dark Pattern	indian	Techjockey	settings	0.805221167035964	json_element	1.0	1.0	0.0	1.0	0.0	1.0	
Product Name	0	Not Dark Pattern	indian	boult	cart	0.8012489494098802	txt_body				0.0			
Bath Soaps|	0	Not Dark Pattern	indian	DMart Ready	product	0.8254199075808023	json_element	0.0	0.0	1.0	0.0	0.0	1.0	
Women's Health	0	Not Dark Pattern	indian	HealthKart	landing	0.838667445443074	json_element	1.0	1.0	0.0	0.0	0.0	1.0	
Sling Bags	0	Not Dark Pattern	indian	LimeRoad	landing	0.8171913423787497	json_element	1.0	1.0	0.0	0.0	0.0	1.0	
All Under 199	0	Not Dark Pattern	indian	FirstCry	product	0.9226349302968742	json_element	1.0	1.0	0.0	0.0	0.0	1.0	
Baby Scissors	0	Not Dark Pattern	indian	FirstCry	product	0.8683306295557556	json_element	1.0	1.0	0.0	0.0	0.0	1.0	
Related searches	0	Not Dark Pattern	indian	amazon_in	product	0.803713798612186	txt_body				0.0			
Crafts, Hobbies & Activity books	0	Not Dark Pattern	indian	FirstCry	product	0.8260323259021548	json_element	1.0	1.0	0.0	0.0	0.0	1.0	
BY FLICK BY VMART	0	Not Dark Pattern	indian	LimeRoad	cart	0.829879306540604	txt_body				0.0			
RETURN GIFTS	0	Not Dark Pattern	indian	FirstCry	product	0.8423609577673595	json_element	1.0	1.0	0.0	0.0	0.0	1.0	
Campus Shoes	0	Not Dark Pattern	indian	flipkart	landing	0.8339212378437332	json_element	1.0	1.0	0.0	0.0	0.0	1.0	
Pick Pocket	0	Not Dark Pattern	indian	nykaa	landing	0.8183754660434304	json_element	1.0	1.0	0.0	0.0	0.0	1.0	
New Launches	0	Not Dark Pattern	indian	noise	landing	0.8979326447184729	json_element	0.0	0.0	0.0	0.0	0.0	1.0	
Men T-shirt	0	Not Dark Pattern	indian	myntra	product	0.8313606064618004	txt_body				0.0			
Womens Trousers	0	Not Dark Pattern	indian	Shopsy	landing	0.8485454330579658	json_element	0.0	0.0	0.0	0.0	0.0	1.0	
Good Vibes Berry Smooth Bright Foaming Cleanser | Infused With Strawberry Extract, Pro -Vitamin B5 & Allantoin | Gives Soft, Smooth & Glowing Skin | Cleanses without drying skin | Revives Dull Skin & Improves Hydration | 100 ml	0	Not Dark Pattern	indian	Purplle	cart	0.820117409407439	txt_body				0.0			
Maroon Cotton Ajrakh Printed Churidar & Kurta	0	Not Dark Pattern	indian	FabIndia	landing	0.8144019711300102	json_element	0.0	0.0	0.0	0.0	0.0	1.0	
Masks	0	Not Dark Pattern	indian	ajio	landing	0.8125236098643798	json_element	0.0	0.0	0.0	0.0	0.0	1.0	
Dark Grey	0	Not Dark Pattern	indian	snapdeal	product	0.8031669800491422	json_element	0.0	0.0	0.0	0.0	0.0	1.0	
"New Launch

4.8"	0	Not Dark Pattern	indian	boult	product	0.8979326447184729	json_element	0.0	0.0	0.0	0.0	0.0	1.0	
"Little's Soft Cleansing Baby Wipes
Packet of 30 wipes
4.4
(892)
Get by Tomorrow"	0	Not Dark Pattern	indian	Tata 1mg	cart	0.8306180964782547	json_element	0.0	0.0	0.0	0.0	0.0	1.0	
/myaccount/addresses?address-id=new&src=%2Fcart	0	Not Dark Pattern	indian	Bewakoof	checkout	0.8545725906787819	txt_body				1.0			
Office Supplies: Your office should be as ideal as your home, get all the perfect office supplies and equipment at Moglix to have a flawless experience. The top-quality office tools are printers, office chairs, currency-counting machines, barcode scanners, office stationery, etc.	0	Not Dark Pattern	indian	Moglix	landing	0.8148204607398823	txt_body				0.0			
Home Decor,	0	Not Dark Pattern	indian	urbanladder	landing	0.8344583179754759	json_element	0.0	0.0	0.0	0.0	0.0	1.0	
Login with Password	0	Not Dark Pattern	indian	urbanladder	landing	0.8336071840746878	json_element	0.0	0.0	0.0	0.0	1.0	0.0	
Men's Grooming	0	Not Dark Pattern	indian	Netmeds	landing	0.8202505511122231	json_element	1.0	1.0	0.0	0.0	0.0	1.0	
"Men's Co-Ords Set
2789"	0	Not Dark Pattern	indian	snapdeal	product	0.8084248595766772	json_element	0.0	0.0	0.0	0.0	0.0	1.0	
Liveasy Healthy Roasted Seed Mix - Blend Of 6 Fibre Rich Healthy Roasted Seeds -	0	Not Dark Pattern	indian	PharmEasy	landing	0.82773159879463	json_element	0.0	0.0	0.0	0.0	0.0	1.0	
4.288 Ratings & 8 Reviews	0	Not Dark Pattern	indian	flipkart	product	0.8157400372517509	txt_body				0.0			
8. Personalized Shopping at Store and Home	0	Not Dark Pattern	indian	shoppers_stop	landing	0.8061369210219201	txt_body				0.0			
Samsung Galaxy M06 5G Mobile (Sage Green, 4GB RAM, 128GB Storage) | MediaTek Dim	0	Not Dark Pattern	indian	amazon_in	product	0.8066356748653329	json_element	0.0	0.0	0.0	0.0	0.0	1.0	
Anniversary	0	Not Dark Pattern	indian	bluestone	product	0.8097191983152136	json_element	1.0	1.0	0.0	0.0	0.0	1.0	
TSS Points	0	Not Dark Pattern	indian	The Souled Store	product	0.8254158898424967	json_element	1.0	1.0	0.0	0.0	0.0	1.0	
Office	0	Not Dark Pattern	indian	Bewakoof	checkout	0.8152741288915003	txt_body				1.0			
Air Purifiers (House & Car)	0	Not Dark Pattern	indian	FirstCry	product	0.8283108546630171	json_element	1.0	1.0	0.0	0.0	0.0	1.0	
Shorts	0	Not Dark Pattern	indian	ajio	landing	0.8173899283939563	json_element	0.0	0.0	0.0	0.0	0.0	1.0	
Bath Laundry	0	Not Dark Pattern	indian	ajio	landing	0.8387205039082564	json_element	0.0	0.0	0.0	0.0	0.0	1.0	
All Creatine	0	Not Dark Pattern	indian	PharmEasy	landing	0.9226349302968742	json_element	1.0	1.0	0.0	0.0	0.0	1.0	
Hodaqe Magnetic Quick Release Adapter Compatible with DJI Action Cameras | Magne	0	Not Dark Pattern	indian	amazon_in	cart	0.8118783885927172	json_element	0.0	0.0	0.0	0.0	0.0	1.0	
Delete My Account	0	Not Dark Pattern	indian	DMart Ready	cancel_step	0.8606992591016269	txt_body				1.0			
View all 3065 Earring Designs	0	Not Dark Pattern	indian	bluestone	cart	0.9412076797625144	json_element	1.0	1.0	0.0	0.0	0.0	1.0	
Lunch Box Set With Bags	0	Not Dark Pattern	indian	FirstCry	product	0.8082273251939986	json_element	1.0	1.0	0.0	0.0	0.0	1.0	
Download Manager	0	Not Dark Pattern	indian	Techjockey	product	0.8124965876899868	txt_body				0.0			
HOME LIFESTYLEZ	0	Not Dark Pattern	indian	urbanladder	landing	0.828516327986744	json_element	0.0	0.0	0.0	0.0	0.0	1.0	
What's the difference between deactivating and deleting my account?	0	Not Dark Pattern	indian	JioMart	cancel_step	0.9060234996877118	txt_body				1.0			
New Moms Must Haves	0	Not Dark Pattern	indian	FirstCry	product	0.8410643639819669	json_element	1.0	1.0	0.0	0.0	0.0	1.0	
Maternity Nightwear:	0	Not Dark Pattern	indian	Clovia	landing	0.8025520730074565	json_element	1.0	1.0	0.0	0.0	0.0	1.0	
Skechers Shoes	0	Not Dark Pattern	indian	flipkart	landing	0.8339212378437332	json_element	1.0	1.0	0.0	0.0	0.0	1.0	
By Nature	0	Not Dark Pattern	indian	nykaa	landing	0.829879306540604	json_element	1.0	1.0	0.0	0.0	0.0	1.0	
Nursing Wear	0	Not Dark Pattern	indian	FirstCry	product	0.8270470173545779	json_element	1.0	1.0	0.0	0.0	0.0	1.0	
Light/Sky Blue (115)	0	Not Dark Pattern	indian	FirstCry	product	0.8202449916674527	txt_body				0.0			
Denim Store	0	Not Dark Pattern	indian	pantaloons	landing	0.8461189717680832	txt_body				0.0			
Text me with news and offers	0	Not Dark Pattern	indian	TheLabelLife	checkout	0.8308463756864095	txt_body				1.0			
Vitamin And Supplements	0	Not Dark Pattern	indian	Netmeds	landing	0.9020954775174482	json_element	1.0	1.0	0.0	0.0	0.0	1.0	
Sexual Health	0	Not Dark Pattern	indian	HealthKart	landing	0.8015473788878191	json_element	1.0	1.0	0.0	0.0	0.0	1.0	
REMOVE	0	Not Dark Pattern	indian	bluestone	checkout	0.8222583739396387	json_element	0.0	0.0	0.0	1.0	0.0	1.0	
Mobile Covers	0	Not Dark Pattern	indian	Bewakoof	product	0.8127175653759566	txt_body				0.0			
Crystal Bohemia	0	Not Dark Pattern	indian	nykaa	landing	0.8243336984009925	json_element	1.0	1.0	0.0	0.0	0.0	1.0	
IP Policy	0	Not Dark Pattern	indian	Tata 1mg	product	0.8111252164710124	json_element	0.0	0.0	0.0	0.0	0.0	1.0	
View payment offers	0	Not Dark Pattern	indian	Zepto	cart	0.8274556971387599	txt_body				0.0			
GIRLS FOOTWEAR	0	Not Dark Pattern	indian	pantaloons	landing	0.818093473123026	json_element	1.0	1.0	0.0	0.0	0.0	1.0	
change profile picture	0	Not Dark Pattern	indian	LimeRoad	settings	0.8019670721878139	txt_body				1.0			
The Health Factory	0	Not Dark Pattern	indian	Zepto	cart	0.8036855189373306	json_element	0.0	0.0	0.0	0.0	0.0	1.0	
Edit/Change (1) Add new address	0	Not Dark Pattern	indian	Purplle	checkout	0.8037313320503782	txt_body				1.0			
Nykaa Skin	0	Not Dark Pattern	indian	nykaa	landing	0.8026917869344168	json_element	1.0	1.0	0.0	0.0	0.0	1.0	
Drools All Life Stages Dog Treat Biscuits 800g Jar | Real Chicken Flavour | All Breed Formula | Promotes Lustrous Skin & Coat | Vitamins & Minerals | Reduces Tartar Build Up	0	Not Dark Pattern	indian	amazon_in	cart	0.8501399655160415	txt_body				0.0			
Hair Accessories	0	Not Dark Pattern	indian	ajio	landing	0.9031875416294645	json_element	0.0	0.0	0.0	0.0	0.0	1.0	
1. Simple Shopping Experience	0	Not Dark Pattern	indian	shoppers_stop	landing	0.8081473765681959	txt_body				0.0			
wall stickers	0	Not Dark Pattern	indian	snapdeal	product	0.8133110611883945	json_element	1.0	1.0	0.0	0.0	0.0	1.0	
Vikodhaya Men Cotton Oversized Fit Printed T-Shirt ( Black )	0	Not Dark Pattern	indian	snapdeal	product	0.845092286523596	txt_body				0.0			
My Shortlist	0	Not Dark Pattern	indian	FirstCry	product	0.869635263945345	json_element	1.0	1.0	0.0	0.0	0.0	1.0	
Polo Collar Slim Fit T-shirt	0	Not Dark Pattern	indian	myntra	product	0.8048012874593923	txt_body				0.0			
Men Solid Regular Shirt	0	Not Dark Pattern	indian	max_fashion	product	0.8310053562190081	json_element	0.0	0.0	0.0	0.0	0.0	1.0	
Men's Fashion	0	Not Dark Pattern	indian	snapdeal	product	0.8452318844160244	json_element	1.0	1.0	0.0	0.0	0.0	1.0	
Lamps & Lights	0	Not Dark Pattern	indian	FirstCry	product	0.8071913945338969	json_element	1.0	1.0	0.0	0.0	0.0	1.0	
Men EDTs	0	Not Dark Pattern	indian	shoppers_stop	landing	0.8202505511122231	json_element	0.0	0.0	1.0	0.0	0.0	1.0	
Kids Pool & Accessories	0	Not Dark Pattern	indian	FirstCry	product	0.891539001623241	json_element	1.0	1.0	0.0	0.0	0.0	1.0	
"Mustang® Official Collab Stallion Nitro Ice | Prebook Pass

₹1,499"	0	Not Dark Pattern	indian	boult	landing	0.8018860190094714	json_element	0.0	0.0	0.0	0.0	0.0	1.0	
Stone Shape	0	Not Dark Pattern	indian	bluestone	product	0.8102278470921179	txt_body				0.0			
BABY BEDDING SETS & PILLOWS	0	Not Dark Pattern	indian	FirstCry	product	0.8078702548558335	json_element	1.0	1.0	0.0	0.0	0.0	1.0	
"Cotton Linen: Russet Brown
Cotton Linen Shirts
₹ 1599"	0	Not Dark Pattern	indian	The Souled Store	product	0.8144439720545124	json_element	0.0	0.0	0.0	0.0	0.0	1.0	
All Pet Grooming Products	0	Not Dark Pattern	indian	PharmEasy	landing	0.9099538291600271	json_element	1.0	1.0	0.0	0.0	0.0	1.0	
Digital content and devices	0	Not Dark Pattern	indian	amazon_in	settings	0.8569435289501237	txt_body				1.0			
eddicted Men Cotton Relaxed Fit Printed T-Shirt ( Black )	0	Not Dark Pattern	indian	snapdeal	product	0.845092286523596	txt_body				0.0			
Boys Footwear	0	Not Dark Pattern	indian	pantaloons	product	0.832541955712963	json_element	1.0	1.0	0.0	0.0	0.0	1.0	
Delivery Instructions	0	Not Dark Pattern	indian	Zepto	cart	0.8214531045166057	json_element	0.0	0.0	0.0	0.0	1.0	0.0	
Tracky White Smart Location Tracker for Locate Bags, Pets, Wallets, Keys & Alzheimer Patients with Apple Find My Feature Compatibility, TR-1047 ...	0	Not Dark Pattern	indian	Moglix	landing	0.8395477439777919	txt_body				0.0			
Remote control cars	0	Not Dark Pattern	indian	FirstCry	product	0.8009949810315815	json_element	1.0	1.0	0.0	0.0	0.0	1.0	
Cute Walk by Babyhug Velcro Closure Sandal With Glitter & Butterfly...	0	Not Dark Pattern	indian	FirstCry	product	0.853232349658312	json_element	0.0	0.0	0.0	0.0	0.0	1.0	
Home - 21, 21, 42, Pocket 2, Dwarka Sector 9, Dwarka, New Delhi, Delhi, 110077,	0	Not Dark Pattern	indian	Zepto	checkout	0.8585303939069422	json_element	0.0	0.0	0.0	1.0	1.0	0.0	
CREATE ACCOUNT	0	Not Dark Pattern	indian	bluestone	landing	0.8377152805325518	json_element	0.0	0.0	0.0	0.0	0.0	1.0	
Remove Account	0	Not Dark Pattern	indian	LimeRoad	cancel_step	0.8480853852619981	json_element	0.0	0.0	0.0	1.0	1.0	0.0	
Snacks	0	Not Dark Pattern	indian	Zepto	cart	0.8367904056956615	json_element	0.0	0.0	0.0	0.0	0.0	1.0	
Protein powder	0	Not Dark Pattern	indian	HealthKart	landing	0.8153768438095506	json_element	0.0	0.0	1.0	0.0	0.0	1.0	
Wall Arts	0	Not Dark Pattern	indian	urbanladder	landing	0.8133110611883945	json_element	0.0	0.0	0.0	0.0	0.0	1.0	
"TSS Originals: Tennis Green
Men Checks And Stripes Shirts
₹ 1599"	0	Not Dark Pattern	indian	The Souled Store	product	0.8895401001055677	json_element	0.0	0.0	0.0	0.0	0.0	1.0	
Gut Health	0	Not Dark Pattern	indian	nykaa	landing	0.8015473788878191	json_element	1.0	1.0	0.0	0.0	0.0	1.0	
Videksha Home & Lifestyle	0	Not Dark Pattern	indian	nykaa	landing	0.827987519619356	json_element	1.0	1.0	0.0	0.0	0.0	1.0	
My Details	0	Not Dark Pattern	indian	pepperfry	cancel_step	0.8366355216341171	txt_body				1.0			
Remote Control Car	0	Not Dark Pattern	indian	Shopsy	landing	0.8086184993600682	json_element	0.0	0.0	0.0	0.0	0.0	1.0	
Home Cleaning & Bathroom Accessories	0	Not Dark Pattern	indian	flipkart	landing	0.8775917640967814	json_element	1.0	1.0	0.0	0.0	0.0	1.0	
Gift Cards Balance and Ledger page	0	Not Dark Pattern	indian	amazon_in	cancel_step	0.8660256406690858	json_element	0.0	0.0	0.0	1.0	0.0	1.0	
Beauty Tools	0	Not Dark Pattern	indian	ajio	landing	0.8253120699218666	json_element	0.0	0.0	0.0	0.0	0.0	1.0	
Hello abc xtaMy Account	0	Not Dark Pattern	indian	DMart Ready	product	0.833421891047106	json_element	1.0	1.0	0.0	0.0	1.0	0.0	
"Cotton Linen Checks: Blue Sails
Cotton Linen Shirts
₹ 1899"	0	Not Dark Pattern	indian	The Souled Store	product	0.8062602902337527	json_element	0.0	0.0	0.0	0.0	0.0	1.0	
Breast Care Oil & Serums	0	Not Dark Pattern	indian	FirstCry	product	0.8210485398518498	json_element	1.0	1.0	0.0	0.0	0.0	1.0	
Beauty of Joseon	0	Not Dark Pattern	indian	nykaa	landing	0.8373914236489114	json_element	1.0	1.0	0.0	0.0	0.0	1.0	
Indian wedding dresses	0	Not Dark Pattern	indian	LimeRoad	landing	0.8067268336048176	json_element	1.0	1.0	0.0	0.0	0.0	1.0	
How can I redeem the Gift Card balance?	0	Not Dark Pattern	indian	JioMart	cancel_step	0.8102413219471825	txt_body				1.0			
Good delivery experience with mozzam and vinod sir.	0	Not Dark Pattern	indian	spinny	product	0.8874167115463362	txt_body				0.0			
Boys Clothing	0	Not Dark Pattern	indian	lifestyle	landing	0.8573008502884707	json_element	0.0	0.0	1.0	0.0	0.0	1.0	
Hair Straightener Brush	0	Not Dark Pattern	indian	nykaa	landing	0.8185685423616608	json_element	1.0	1.0	0.0	0.0	0.0	1.0	
CATEGORIES	0	Not Dark Pattern	indian	FirstCry	product	0.8088896140475681	txt_body				0.0			
Men Brand Logo Henley Neck Applique Slim Fit T-shirt	0	Not Dark Pattern	indian	myntra	product	0.8422552180594025	txt_body				0.0			
The House of Tara	0	Not Dark Pattern	indian	nykaa	landing	0.8563627026000458	json_element	1.0	1.0	0.0	0.0	0.0	1.0	
Partner With Us	0	Not Dark Pattern	indian	Lenskart	landing	0.8037390504970987	json_element	0.0	0.0	0.0	0.0	0.0	1.0	
Wood – A timeless foundation of strength and charm.	0	Not Dark Pattern	indian	myntra	product	0.9312030332000508	json_element	0.0	0.0	0.0	0.0	0.0	1.0	
Page 1 of 372	0	Not Dark Pattern	indian	flipkart	product	0.8724682780770419	txt_body				0.0			
My Cards and Wallet	0	Not Dark Pattern	indian	Shopsy	settings	0.900269923914132	txt_body				1.0			
Engineered wood, fabric	0	Not Dark Pattern	indian	myntra	product	0.8044047609881437	txt_body				0.0			
V-Neck	0	Not Dark Pattern	indian	snapdeal	product	0.8336614730486098	json_element	0.0	0.0	0.0	0.0	0.0	1.0	
SHOP BY BRAND:	0	Not Dark Pattern	indian	myntra	product	0.871830204013968	txt_body				0.0			
Women's 3/4 Sleeve T-Shirts	0	Not Dark Pattern	indian	Bewakoof	product	0.881701198238754	json_element	0.0	0.0	0.0	0.0	0.0	1.0	
Bosch Power Tools	0	Not Dark Pattern	indian	Moglix	landing	0.8524020757706471	json_element	0.0	0.0	1.0	0.0	0.0	1.0	
Office Décor	0	Not Dark Pattern	indian	Moglix	landing	0.8152741288915003	json_element	0.0	0.0	1.0	0.0	0.0	1.0	
Green Tea|	0	Not Dark Pattern	indian	DMart Ready	product	0.809143265951316	json_element	0.0	0.0	1.0	0.0	0.0	1.0	
Respiratory & Heart Care	0	Not Dark Pattern	indian	snapdeal	product	0.8242073510063523	json_element	1.0	1.0	0.0	0.0	0.0	1.0	
Manufacturing Execution System (MES) Software	0	Not Dark Pattern	indian	Techjockey	settings	0.8079960189388127	json_element	1.0	1.0	0.0	1.0	0.0	1.0	
MEDICAL SUPPLIES:	0	Not Dark Pattern	indian	Moglix	landing	0.8230167976038133	txt_body				0.0			
Best TV Brands	0	Not Dark Pattern	indian	flipkart	landing	0.8186532265895674	json_element	1.0	1.0	0.0	0.0	0.0	1.0	
back covers	0	Not Dark Pattern	indian	flipkart	landing	0.8512923092062065	json_element	1.0	1.0	0.0	0.0	0.0	1.0	
First Name	0	Not Dark Pattern	indian	lifestyle	cancel_step	0.8063504526913331	txt_body				1.0			
Men's Blue & Orange Checked Shirt	0	Not Dark Pattern	indian	Bewakoof	product	0.8091671773411586	txt_body				0.0			
Engineered wood, polyester fabric	0	Not Dark Pattern	indian	myntra	product	0.8044047609881437	txt_body				0.0			
The Wellness Shop	0	Not Dark Pattern	indian	nykaa	landing	0.8788572458358108	json_element	1.0	1.0	0.0	0.0	0.0	1.0	
After being loved by 10+ Million women, Clovia expanded into men’s innerwear and kid’s nightwear categories, leading to the genesis of John Player and Clovia Cubs.	0	Not Dark Pattern	indian	Clovia	landing	0.8404453697428773	txt_body				0.0			
Our Payment Partners	0	Not Dark Pattern	indian	PharmEasy	landing	0.8358713491949554	txt_body				0.0			
Gifts @ Nykaa	0	Not Dark Pattern	indian	nykaa	landing	0.8373280554547529	json_element	1.0	1.0	0.0	0.0	0.0	1.0	
Explore By	0	Not Dark Pattern	indian	spinny	landing	0.8095786314739303	txt_body				0.0			
NEW STEPS  (8)	0	Not Dark Pattern	indian	FirstCry	product	0.8979326447184729	json_element	1.0	1.0	0.0	0.0	0.0	1.0	
Footwear|	0	Not Dark Pattern	indian	DMart Ready	product	0.810178350661709	json_element	0.0	0.0	1.0	0.0	0.0	1.0	
One8 by Virat Kohli	0	Not Dark Pattern	indian	nykaa	landing	0.829879306540604	json_element	1.0	1.0	0.0	0.0	0.0	1.0	
Oral Care	0	Not Dark Pattern	indian	FirstCry	product	0.8264863837642831	json_element	1.0	1.0	0.0	0.0	0.0	1.0	
Kids Room and Study Furniture	0	Not Dark Pattern	indian	FirstCry	product	0.9020954775174482	json_element	1.0	1.0	0.0	0.0	0.0	1.0	
Delivery Partner Safety	0	Not Dark Pattern	indian	Zepto	cart	0.8343535988862938	json_element	0.0	0.0	0.0	0.0	1.0	0.0	
Audio Books	0	Not Dark Pattern	indian	amazon_in	product	0.8260323259021548	txt_body				0.0			
Color Fx	0	Not Dark Pattern	indian	nykaa	landing	0.8158244845639846	json_element	1.0	1.0	0.0	0.0	0.0	1.0	
Delivery	0	Not Dark Pattern	indian	bluestone	checkout	0.8428064550001023	json_element	0.0	0.0	0.0	1.0	0.0	1.0	
Women's Loose T-shirts	0	Not Dark Pattern	indian	Bewakoof	product	0.8660031719135712	json_element	0.0	0.0	0.0	0.0	0.0	1.0	
Doodle Collection	0	Not Dark Pattern	indian	nykaa	landing	0.859410422023783	json_element	1.0	1.0	0.0	0.0	0.0	1.0	
Innerwear & Nightwear	0	Not Dark Pattern	indian	LimeRoad	landing	0.8025520730074565	json_element	1.0	1.0	0.0	0.0	0.0	1.0	
"Crocin 240 DS Suspension Mixed Fruit
bottle of 60 ml suspension
4.6
(570)
Discou"	0	Not Dark Pattern	indian	Tata 1mg	product	0.8133680506585932	json_element	0.0	0.0	0.0	0.0	0.0	1.0	
Babyhug Premium Musical Activity Yellow School...	0	Not Dark Pattern	indian	FirstCry	cart	0.8181748494276723	txt_body				0.0			
E-Gift Cards	0	Not Dark Pattern	indian	Blinkit	landing	0.8233851380039976	json_element	0.0	0.0	0.0	0.0	0.0	1.0	
Sports & Active Wear	0	Not Dark Pattern	indian	myntra	landing	0.816672405591322	json_element	0.0	0.0	0.0	0.0	0.0	1.0	
bottle of 75 gm Dusting Powder	0	Not Dark Pattern	indian	Tata 1mg	landing	0.810717066171103	txt_body				0.0			
Wall Table Decor	0	Not Dark Pattern	indian	ajio	landing	0.8017397302582095	json_element	0.0	0.0	0.0	0.0	0.0	1.0	
How can we change the Watch faces?	0	Not Dark Pattern	indian	boult	cart	0.805339072872812	txt_body				0.0			
House of Pehr	0	Not Dark Pattern	indian	nykaa	landing	0.8587836492041244	json_element	1.0	1.0	0.0	0.0	0.0	1.0	
Home & Health	0	Not Dark Pattern	indian	Netmeds	landing	0.8310238143693964	json_element	1.0	1.0	0.0	0.0	0.0	1.0	
NEW ARRIVAL	0	Not Dark Pattern	indian	TheLabelLife	product	0.8979326447184729	txt_body				0.0			
Sports Shoes	0	Not Dark Pattern	indian	ajio	landing	0.8621133278458523	json_element	0.0	0.0	0.0	0.0	0.0	1.0	
By HIMALAYA	0	Not Dark Pattern	indian	PharmEasy	product	0.829879306540604	txt_body				0.0			
Diamond Pendants	0	Not Dark Pattern	indian	bluestone	landing	0.8149733379361532	json_element	0.0	0.0	1.0	0.0	0.0	1.0	
By Wishtrend	0	Not Dark Pattern	indian	nykaa	landing	0.829879306540604	json_element	1.0	1.0	0.0	0.0	0.0	1.0	
+ 2249 more	0	Not Dark Pattern	indian	myntra	product	0.8073250998351251	txt_body				0.0			
Share	0	Not Dark Pattern	indian	amazon_in	cart	0.8602867672673472	json_element	0.0	0.0	0.0	0.0	0.0	1.0	
AG Jeans	0	Not Dark Pattern	indian	nykaa	landing	0.804582952952454	json_element	1.0	1.0	0.0	0.0	0.0	1.0	
MAXOSHINE Microfiber Towels for Bath Large Size-Super Soft Coral Fleece Bathing Towel with Hook Quick Dry Super Absorbent-Bath Towel for Men and Women-70x140 cm, 350 GSM, Pack of 1	0	Not Dark Pattern	indian	amazon_in	cart	0.8335540847494133	txt_body				0.0			
Digestive Care Products	0	Not Dark Pattern	indian	PharmEasy	landing	0.8496404339746757	json_element	1.0	1.0	0.0	0.0	0.0	1.0	
HOME DELIVERY	0	Not Dark Pattern	indian	lifestyle	payment	0.8578902345155376	txt_body				1.0			
Cutewalk by Babyhug Marvel	0	Not Dark Pattern	indian	FirstCry	product	0.829879306540604	json_element	1.0	1.0	0.0	0.0	0.0	1.0	
Women Flats	0	Not Dark Pattern	indian	Shopsy	landing	0.8420474916744316	json_element	0.0	0.0	0.0	0.0	0.0	1.0	
"Skin, Body & Hair
                    Care"	0	Not Dark Pattern	indian	nykaa	landing	0.8580090531061288	json_element	1.0	1.0	0.0	0.0	0.0	1.0	
Maternity Ethnic Wear	0	Not Dark Pattern	indian	FirstCry	product	0.8159412897970688	json_element	1.0	1.0	0.0	0.0	0.0	1.0	
Salm Skin	0	Not Dark Pattern	indian	Purplle	landing	0.8026917869344168	json_element	1.0	1.0	0.0	0.0	0.0	1.0	
Genuine Products | Easy Returns	0	Not Dark Pattern	indian	Purplle	payment	0.8429423468174853	txt_body				1.0			
BODY CARE	0	Not Dark Pattern	indian	FirstCry	product	0.8333714650917182	json_element	1.0	1.0	0.0	0.0	0.0	1.0	
Featured brands	0	Not Dark Pattern	indian	Tata 1mg	landing	0.8159176299925301	txt_body				0.0			
Round Dial Smart Watches	0	Not Dark Pattern	indian	noise	landing	0.8244198181240365	json_element	0.0	0.0	0.0	0.0	0.0	1.0	
Men Cotton Blend Oversized Fit Printed T-Shirt ( Black )	0	Not Dark Pattern	indian	snapdeal	product	0.845092286523596	txt_body				0.0			
Papua New Guinea(+675)	0	Not Dark Pattern	indian	westside	checkout	0.8979326447184729	txt_body				1.0			
Cute Walk by Babyhug Velcro Closure Musical Sandal With Star Print &...	0	Not Dark Pattern	indian	FirstCry	product	0.8576360228435576	json_element	0.0	0.0	0.0	0.0	0.0	1.0	
Trousers | Joggers	0	Not Dark Pattern	indian	westside	landing	0.8284285096276921	json_element	1.0	1.0	0.0	0.0	0.0	1.0	
U.S. Polo Assn. Cenik PU Lace Up Men's Casual Shoes	0	Not Dark Pattern	indian	shoppers_stop	product	0.8031807317036079	txt_body				0.0			
Safe and secure payments. Easy returns. 100% Authentic products.	0	Not Dark Pattern	indian	Shopsy	cart	0.8492301521900256	txt_body				0.0			
Take control of your finances with billing and invoicing software that automates processes and minimizes mistakes.	0	Not Dark Pattern	indian	Techjockey	landing	0.8609535511685318	txt_body				0.0			
COUNTRY OF ORIGIN	0	Not Dark Pattern	indian	Shopsy	product	0.8581989007297685	txt_body				0.0			
Home Improvement Tools	0	Not Dark Pattern	indian	flipkart	landing	0.8690605847389562	json_element	1.0	1.0	0.0	0.0	0.0	1.0	
Black Button Detail Knit Top	0	Not Dark Pattern	indian	TheLabelLife	product	0.8019770385274106	json_element	0.0	0.0	1.0	0.0	0.0	1.0	
10001 And Above41	0	Not Dark Pattern	indian	HealthKart	product	0.9020954775174482	json_element	0.0	0.0	0.0	0.0	0.0	1.0	
Sleep and Anxiety	0	Not Dark Pattern	indian	HealthKart	landing	0.9020954775174482	json_element	1.0	1.0	0.0	0.0	0.0	1.0	
OPERATING SYSTEM	0	Not Dark Pattern	indian	flipkart	product	0.8079960189388127	txt_body				0.0			
By Naked Fact	0	Not Dark Pattern	indian	Purplle	landing	0.829879306540604	json_element	1.0	1.0	0.0	0.0	0.0	1.0	
Accessories	0	Not Dark Pattern	indian	ajio	landing	0.891539001623241	json_element	0.0	0.0	0.0	0.0	0.0	1.0	
All Under 499	0	Not Dark Pattern	indian	FirstCry	product	0.9226349302968742	json_element	1.0	1.0	0.0	0.0	0.0	1.0	
Air Blowers	0	Not Dark Pattern	indian	Moglix	landing	0.8308420137299519	txt_body				0.0			
Diamond Bangles|	0	Not Dark Pattern	indian	bluestone	landing	0.8149733379361532	txt_body				0.0			
Mens Trousers	0	Not Dark Pattern	indian	Shopsy	landing	0.8184646637655739	json_element	0.0	0.0	0.0	0.0	0.0	1.0	
Men's Chevron Lab Diamond Rectangle Necklace	0	Not Dark Pattern	indian	westside	landing	0.809052585163475	json_element	1.0	1.0	0.0	0.0	0.0	1.0	
Bone/Joint Care	0	Not Dark Pattern	indian	HealthKart	landing	0.8264863837642831	json_element	1.0	1.0	0.0	0.0	0.0	1.0	
Fun and frolic - Online shopping for kids at Myntra is a complete joy. Your little princess is going to love the wide variety of pretty dresses, ballerina shoes, headbands and clips. Delight your son by picking up sports shoes, superhero T-shirts, football jerseys and much more from our online store. Check out our lineup of toys with which you can create memories to cherish.	0	Not Dark Pattern	indian	myntra	landing	0.8114856495735959	txt_body				0.0			
Leave packaging feedback	0	Not Dark Pattern	indian	amazon_in	settings	0.8197842574828571	json_element	0.0	0.0	0.0	1.0	0.0	1.0	
Go Back	0	Not Dark Pattern	indian	DMart Ready	cancel_step	0.8289079137070986	json_element	0.0	0.0	0.0	1.0	1.0	0.0	
Men's Sweatshirts	0	Not Dark Pattern	indian	flipkart	landing	0.8202505511122231	json_element	1.0	1.0	0.0	0.0	0.0	1.0	
Marvel T-Shirts	0	Not Dark Pattern	indian	Bewakoof	product	0.8466190226752458	json_element	0.0	0.0	1.0	0.0	0.0	1.0	
Shop By Brand	0	Not Dark Pattern	indian	pantaloons	product	0.871830204013968	json_element	1.0	1.0	0.0	0.0	0.0	1.0	
Jacquard Shirt: Heritage	0	Not Dark Pattern	indian	The Souled Store	product	0.808834491027449	txt_body				0.0			
"Shower
                      Gels & Body Wash"	0	Not Dark Pattern	indian	nykaa	landing	0.8082859214350229	json_element	1.0	1.0	0.0	0.0	0.0	1.0	
Crax Truffle Fries (Black Truffle & Parmesan Cheese)	0	Not Dark Pattern	indian	Blinkit	landing	0.806514921322065	txt_body				0.0			
Women	0	Not Dark Pattern	indian	Bewakoof	product	0.8420474916744316	txt_body				0.0			
Chicken Drumstick - Pack Of 6	0	Not Dark Pattern	indian	licious	product	0.8481937893009843	txt_body				0.0			
KedarKanth Men Self Design Casual Light Blue, White Shirt	0	Not Dark Pattern	indian	Shopsy	product	0.8541287015383345	txt_body				0.0			
Download the	0	Not Dark Pattern	indian	HealthKart	landing	0.8134782238769045	txt_body				0.0			
"Search ""metal eyeglasses"""	0	Not Dark Pattern	indian	Lenskart	settings	0.8276376253500974	txt_body				1.0			
Privacy Center	0	Not Dark Pattern	indian	myntra	settings	0.8250811091123786	json_element	0.0	0.0	0.0	1.0	0.0	1.0	
Threptin Products	0	Not Dark Pattern	indian	PharmEasy	landing	0.8315948966771027	json_element	1.0	1.0	0.0	0.0	0.0	1.0	
Wall Hanging	0	Not Dark Pattern	indian	snapdeal	landing	0.8133110611883945	json_element	0.0	0.0	1.0	0.0	0.0	1.0	
Festive Lights,	0	Not Dark Pattern	indian	urbanladder	landing	0.8073604398196195	json_element	0.0	0.0	0.0	0.0	0.0	1.0	
Baby Monitors	0	Not Dark Pattern	indian	FirstCry	product	0.8683306295557556	json_element	1.0	1.0	0.0	0.0	0.0	1.0	
The Gift Store	0	Not Dark Pattern	indian	nykaa	landing	0.8349672490200355	json_element	1.0	1.0	0.0	0.0	0.0	1.0	
House Of Ekam	0	Not Dark Pattern	indian	nykaa	landing	0.8587836492041244	json_element	1.0	1.0	0.0	0.0	0.0	1.0	
Taparia Hand Tools	0	Not Dark Pattern	indian	Moglix	landing	0.8381891404426686	json_element	0.0	0.0	1.0	0.0	0.0	1.0	
Casual Shirts for Men	0	Not Dark Pattern	indian	snapdeal	landing	0.8167872982909539	json_element	0.0	0.0	1.0	0.0	0.0	1.0	
Vaseline International	0	Not Dark Pattern	indian	Purplle	landing	0.8181591606803024	json_element	1.0	1.0	0.0	0.0	0.0	1.0	
"New
                Launches"	0	Not Dark Pattern	indian	nykaa	landing	0.8979326447184729	json_element	1.0	1.0	0.0	0.0	0.0	1.0	
Luggage & Bags	0	Not Dark Pattern	indian	amazon_in	product	0.8171913423787497	txt_body				0.0			
"The Souled Store
Men Printed Cotton T-shirt
Rs. 799"	0	Not Dark Pattern	indian	myntra	product	0.8494649438180931	json_element	0.0	0.0	0.0	0.0	0.0	1.0	
Diamond Bracelets|	0	Not Dark Pattern	indian	bluestone	landing	0.8110270426305443	txt_body				0.0			
8 more	0	Not Dark Pattern	indian	Techjockey	product	0.8073250998351251	json_element	0.0	0.0	0.0	0.0	0.0	1.0	
BABY CLOTHING GIFT SETS	0	Not Dark Pattern	indian	FirstCry	product	0.8868426449674965	json_element	1.0	1.0	0.0	0.0	0.0	1.0	
Action Figures & Collectibles	0	Not Dark Pattern	indian	FirstCry	product	0.81295451163284	json_element	1.0	1.0	0.0	0.0	0.0	1.0	
Crown and paddle shifter feel very premium and smooth.	0	Not Dark Pattern	indian	boult	cart	0.8413712543052283	txt_body				0.0			
Utility Bags	0	Not Dark Pattern	indian	ajio	landing	0.8171913423787497	json_element	0.0	0.0	0.0	0.0	0.0	1.0	
AKLINA Gold Religious Pendant With Chain ( Pack of 1 )	0	Not Dark Pattern	indian	snapdeal	landing	0.8327672253652147	txt_body				0.0			
SHOP TOYS BY PRICE	0	Not Dark Pattern	indian	FirstCry	product	0.8082007149254433	json_element	1.0	1.0	0.0	0.0	0.0	1.0	
"3 And Below
349"	0	Not Dark Pattern	indian	HealthKart	product	0.8641151735561265	json_element	0.0	0.0	0.0	0.0	0.0	1.0	
LSA INTERNATIONAL	0	Not Dark Pattern	indian	nykaa	landing	0.8181591606803024	json_element	1.0	1.0	0.0	0.0	0.0	1.0	
David Beckham Accessories	0	Not Dark Pattern	indian	nykaa	landing	0.891539001623241	json_element	1.0	1.0	0.0	0.0	0.0	1.0	
Indian & Fusion Wear	0	Not Dark Pattern	indian	myntra	landing	0.8129084358313985	json_element	0.0	0.0	0.0	0.0	0.0	1.0	
Payment Information	0	Not Dark Pattern	indian	FirstCry	cart	0.8324200914927719	txt_body				0.0			
gifts	0	Not Dark Pattern	indian	myntra	landing	0.8373280554547529	json_element	0.0	0.0	1.0	0.0	0.0	1.0	
Good Health Gold Package	0	Not Dark Pattern	indian	Tata 1mg	landing	0.8175575726815074	txt_body				0.0			
"Shopbop
Designer
Fashion Brands"	0	Not Dark Pattern	indian	amazon_in	product	0.8307679526977728	json_element	0.0	0.0	1.0	0.0	0.0	1.0	
1274 Products	0	Not Dark Pattern	indian	shoppers_stop	product	0.8315948966771027	txt_body				0.0			
By: Wipro	0	Not Dark Pattern	indian	Moglix	product	0.829879306540604	txt_body				0.0			
Dimensity 6400 Processor	0	Not Dark Pattern	indian	flipkart	product	0.8072820378170742	txt_body				0.0			
Novelty Toys	0	Not Dark Pattern	indian	FirstCry	product	0.8283184996373271	json_element	1.0	1.0	0.0	0.0	0.0	1.0	
Skirts | Shorts	0	Not Dark Pattern	indian	westside	landing	0.8173899283939563	json_element	1.0	1.0	0.0	0.0	0.0	1.0	
"Cotton Linen: Ocean Blue
Cotton Linen Shirts
₹ 1599"	0	Not Dark Pattern	indian	The Souled Store	product	0.8062602902337527	json_element	0.0	0.0	0.0	0.0	0.0	1.0	
wall clocks	0	Not Dark Pattern	indian	LimeRoad	landing	0.8222176614387834	json_element	1.0	1.0	0.0	0.0	0.0	1.0	
Tan and Loom	0	Not Dark Pattern	indian	nykaa	landing	0.9020954775174482	json_element	1.0	1.0	0.0	0.0	0.0	1.0	
Mind Care	0	Not Dark Pattern	indian	Tata 1mg	product	0.8264863837642831	txt_body				0.0			
Mustang® Official Collab Stallion Ignite Gold | Prebook Pass	0	Not Dark Pattern	indian	boult	landing	0.8096207039781758	json_element	0.0	0.0	0.0	0.0	0.0	1.0	
Women (2246)	0	Not Dark Pattern	indian	bluestone	product	0.8420474916744316	json_element	0.0	0.0	0.0	0.0	1.0	0.0	
Bloom by Boldcare	0	Not Dark Pattern	indian	nykaa	landing	0.829879306540604	json_element	1.0	1.0	0.0	0.0	0.0	1.0	
All products are sourced from the brand and carry brand warranty and certificate of authenticity.	0	Not Dark Pattern	indian	shoppers_stop	landing	0.8441242401102226	txt_body				0.0			
All Pet Care Essentials	0	Not Dark Pattern	indian	PharmEasy	landing	0.8598335019978056	json_element	1.0	1.0	0.0	0.0	0.0	1.0	
All Filters	0	Not Dark Pattern	indian	JioMart	product	0.8967217415485929	json_element	0.0	0.0	0.0	0.0	1.0	0.0	
Tata 1mg is a technology platform to facilitate transaction of business. The products and services are offered for sale by the sellers. The user authorizes the delivery personnel to be his agent for delivery of the goods. For details read terms and conditions	0	Not Dark Pattern	indian	Tata 1mg	cart	0.8137900991916481	txt_body				0.0			
Footwear Accessories (26)	0	Not Dark Pattern	indian	FirstCry	product	0.8327090292064715	json_element	0.0	0.0	0.0	0.0	0.0	1.0	
Hair Kits	0	Not Dark Pattern	indian	HealthKart	landing	0.8289776494026353	json_element	1.0	1.0	0.0	0.0	0.0	1.0	
4.230,758 Ratings & 2,031 Reviews	0	Not Dark Pattern	indian	flipkart	product	0.8157400372517509	txt_body				0.0			
I'm worried about my privacy	0	Not Dark Pattern	indian	Blinkit	cancel_step	0.801000240718291	txt_body				1.0			
Thyroid Care	0	Not Dark Pattern	indian	PharmEasy	landing	0.8264863837642831	json_element	1.0	1.0	0.0	0.0	0.0	1.0	
Roadster Men White Pure Cotton T-shirt	0	Not Dark Pattern	indian	myntra	product	0.8316343809425678	json_element	0.0	0.0	1.0	0.0	0.0	1.0	
Dry Skin	0	Not Dark Pattern	indian	nykaa	landing	0.8022656893286747	json_element	1.0	1.0	0.0	0.0	0.0	1.0	
skin	0	Not Dark Pattern	indian	LimeRoad	landing	0.8026917869344168	json_element	1.0	1.0	0.0	0.0	0.0	1.0	
Men's Jewellery Collection	0	Not Dark Pattern	indian	bluestone	landing	0.8647845671500008	txt_body				0.0			
Get a free subscription to our health and fitness tip and stay tuned to our latest offers	0	Not Dark Pattern	indian	Netmeds	landing	0.8063310511824179	txt_body				0.0			
Found a Security Vulnerability?	0	Not Dark Pattern	indian	licious	landing	0.8055608986605325	txt_body				0.0			
'Fashion'	0	Not Dark Pattern	indian	JioMart	cart	0.830383209074695	txt_body				0.0			
Hair Spray	0	Not Dark Pattern	indian	nykaa	landing	0.8537299390655018	json_element	1.0	1.0	0.0	0.0	0.0	1.0	
"Plaid Shirt: Skyfall
Men Utility Shirts
₹ 1699"	0	Not Dark Pattern	indian	The Souled Store	product	0.8601508005644491	json_element	0.0	0.0	0.0	0.0	0.0	1.0	
Cute Walk by Babyhug Velcro Closure Sandals With Dino Print - Navy Blue	0	Not Dark Pattern	indian	FirstCry	product	0.8404131621589279	json_element	0.0	0.0	0.0	0.0	0.0	1.0	
Classic Story Collections	0	Not Dark Pattern	indian	FirstCry	product	0.8216229340403697	json_element	1.0	1.0	0.0	0.0	0.0	1.0	
Absolutely loving the black edition. Looks super premium and classy on wrist. Perfect for office and parties.	0	Not Dark Pattern	indian	boult	cart	0.8353952879188484	txt_body				0.0			
Car Mobile Chargers	0	Not Dark Pattern	indian	snapdeal	product	0.8159605814944229	json_element	1.0	1.0	0.0	0.0	0.0	1.0	
New Born (0-3 M)	0	Not Dark Pattern	indian	FirstCry	product	0.8632469529545261	json_element	1.0	1.0	0.0	0.0	0.0	1.0	
Trousers & Capris	0	Not Dark Pattern	indian	myntra	landing	0.8284285096276921	json_element	0.0	0.0	0.0	0.0	0.0	1.0	
BLISS BOYS	0	Not Dark Pattern	indian	LimeRoad	landing	0.8214098038615054	json_element	1.0	1.0	0.0	0.0	0.0	1.0	
Manage your refunds and gift cards	0	Not Dark Pattern	indian	Purplle	settings	0.8275679685735651	txt_body				1.0			
Green (21784)	0	Not Dark Pattern	indian	myntra	product	0.8047109896005211	txt_body				0.0			
Health & Personal Care	0	Not Dark Pattern	indian	amazon_in	product	0.8323454458519952	txt_body				0.0			
4.2165 Ratings & 36 Reviews	0	Not Dark Pattern	indian	flipkart	product	0.8157400372517509	txt_body				0.0			
ALL MEN JEWELLERY (By Popularity)	0	Not Dark Pattern	indian	bluestone	product	0.8923917668649357	json_element	1.0	1.0	0.0	0.0	0.0	1.0	
Trousers & Joggers	0	Not Dark Pattern	indian	westside	landing	0.8284285096276921	json_element	1.0	1.0	0.0	0.0	0.0	1.0	
Tops	0	Not Dark Pattern	indian	ajio	landing	0.8590710659811271	json_element	0.0	0.0	0.0	0.0	0.0	1.0	
"Men
717"	0	Not Dark Pattern	indian	HealthKart	product	0.8202505511122231	json_element	0.0	0.0	0.0	0.0	0.0	1.0	
AUSHA 90dB ABS Smart Smoke Detector with Wi-Fi & Bluetooth Connectivity, Mobile	0	Not Dark Pattern	indian	Moglix	landing	0.8172219607543956	json_element	0.0	0.0	1.0	0.0	0.0	1.0	
Search Icon	0	Not Dark Pattern	indian	flipkart	landing	0.8427972142752418	json_element	1.0	1.0	0.0	0.0	0.0	1.0	
Hetsa Women Rayon Printed A-line Kurti ( Yellow )	0	Not Dark Pattern	indian	snapdeal	landing	0.8428406621966559	txt_body				0.0			
"Shop by Lifestyle
              
                
      
    

  svg.logo-goboul"	0	Not Dark Pattern	indian	boult	landing	0.8717246925612456	json_element	1.0	1.0	0.0	0.0	0.0	1.0	
All Thermometer	0	Not Dark Pattern	indian	PharmEasy	landing	0.9226349302968742	json_element	1.0	1.0	0.0	0.0	0.0	1.0	
Diamond Jewellery|	0	Not Dark Pattern	indian	bluestone	landing	0.8149733379361532	txt_body				0.0			
MyMy Footwear	0	Not Dark Pattern	indian	nykaa	landing	0.810178350661709	json_element	1.0	1.0	0.0	0.0	0.0	1.0	
Fastgear 3 Pcs Stainless Steel Chrome Finish Angle Wall, Connection Pipe & Swan Neck Basin Tap Set ...	0	Not Dark Pattern	indian	Moglix	landing	0.8305402613449057	txt_body				0.0			
Dental & Oral Care	0	Not Dark Pattern	indian	Tata 1mg	product	0.8264863837642831	txt_body				0.0			
Explore Supreme Quality Fitness Products	0	Not Dark Pattern	indian	HealthKart	landing	0.8278076274795801	txt_body				0.0			
Towels Bath Robes	0	Not Dark Pattern	indian	ajio	landing	0.8254199075808023	json_element	0.0	0.0	0.0	0.0	0.0	1.0	
adidas shoes	0	Not Dark Pattern	indian	myntra	settings	0.8339212378437332	json_element	0.0	0.0	0.0	1.0	0.0	1.0	
Night Dress	0	Not Dark Pattern	indian	Clovia	landing	0.815097994295729	json_element	0.0	0.0	0.0	0.0	0.0	1.0	
Online Payment. Doorstep Delivery.	0	Not Dark Pattern	indian	spinny	landing	0.8379837496168993	txt_body				0.0			
Site Map	0	Not Dark Pattern	indian	myntra	landing	0.8021205902188799	json_element	0.0	0.0	0.0	0.0	0.0	1.0	
TIGERSNAKE Men Striped Casual Brown, Light Blue Shirt	0	Not Dark Pattern	indian	Shopsy	product	0.8643022054402233	txt_body				0.0			
Digital Marketing Tools	0	Not Dark Pattern	indian	Techjockey	settings	0.8432873901582575	json_element	1.0	1.0	0.0	1.0	0.0	1.0	
"Body
                    Care"	0	Not Dark Pattern	indian	nykaa	landing	0.8333714650917182	json_element	1.0	1.0	0.0	0.0	0.0	1.0	
designer tops	0	Not Dark Pattern	indian	LimeRoad	landing	0.8356641580486861	json_element	1.0	1.0	0.0	0.0	0.0	1.0	
Van Heusen Woman Lingerie and Athleisure	0	Not Dark Pattern	indian	nykaa	landing	0.9020954775174482	json_element	1.0	1.0	0.0	0.0	0.0	1.0	
Men's Combo T-Shirts	0	Not Dark Pattern	indian	Bewakoof	product	0.847118328518484	json_element	0.0	0.0	0.0	0.0	0.0	1.0	
All BP Monitors	0	Not Dark Pattern	indian	PharmEasy	landing	0.9226349302968742	json_element	1.0	1.0	0.0	0.0	0.0	1.0	
Nurturing Green	0	Not Dark Pattern	indian	nykaa	landing	0.8047109896005211	json_element	1.0	1.0	0.0	0.0	0.0	1.0	
By: CELLBELL	0	Not Dark Pattern	indian	Moglix	product	0.829879306540604	txt_body				0.0			
Men's Jeans	0	Not Dark Pattern	indian	Bewakoof	product	0.8273058286442719	json_element	0.0	0.0	1.0	0.0	0.0	1.0	
Cotton Linen: Light Green	0	Not Dark Pattern	indian	The Souled Store	product	0.8281038146165962	txt_body				0.0			
Hair Multi Stylers	0	Not Dark Pattern	indian	shoppers_stop	landing	0.8537299390655018	json_element	0.0	0.0	1.0	0.0	0.0	1.0	
MEN'S	0	Not Dark Pattern	indian	Clovia	landing	0.8202505511122231	json_element	0.0	0.0	0.0	0.0	0.0	1.0	
Kids and Teens	0	Not Dark Pattern	indian	myntra	landing	0.9020954775174482	json_element	1.0	1.0	0.0	0.0	0.0	1.0	
FILTER AND SORT	0	Not Dark Pattern	indian	TheLabelLife	product	0.8775902944065609	json_element	0.0	0.0	0.0	0.0	1.0	0.0	
Wall Cabinets	0	Not Dark Pattern	indian	myntra	landing	0.8133110611883945	json_element	1.0	1.0	0.0	0.0	0.0	1.0	
Women's Sarees	0	Not Dark Pattern	indian	flipkart	landing	0.8420474916744316	txt_body				0.0			
"Top Deals
4.7
Mustang® Official Collab Stallion Nitro Ice | Prebook Pass
AMOLED"	0	Not Dark Pattern	indian	boult	landing	0.8032482457551507	json_element	0.0	0.0	0.0	0.0	0.0	1.0	
Your comiXology account, content, subscriptions, gift cards and wish lists.	0	Not Dark Pattern	indian	amazon_in	cancel_step	0.8253179187621874	txt_body				1.0			
Drools All Life Stages Dog Treat Biscuits 800g Jar | Real Chicken Flavour | All	0	Not Dark Pattern	indian	amazon_in	cart	0.8768696373183449	json_element	0.0	0.0	0.0	0.0	0.0	1.0	
Torch Light	0	Not Dark Pattern	indian	snapdeal	landing	0.8337418591659395	json_element	0.0	0.0	1.0	0.0	0.0	1.0	
Share & Earn Rewards	0	Not Dark Pattern	indian	FirstCry	settings	0.8167522578435683	json_element	0.0	0.0	0.0	1.0	0.0	1.0	
Women's Jackets	0	Not Dark Pattern	indian	flipkart	landing	0.8209040875071769	json_element	1.0	1.0	0.0	0.0	0.0	1.0	
All Jewellery	0	Not Dark Pattern	indian	bluestone	landing	0.9226349302968742	json_element	0.0	0.0	0.0	0.0	0.0	1.0	
Kid's Clothing	0	Not Dark Pattern	indian	snapdeal	landing	0.8704178059575318	json_element	0.0	0.0	1.0	0.0	0.0	1.0	
Men's Kurtas	0	Not Dark Pattern	indian	flipkart	landing	0.8202505511122231	json_element	1.0	1.0	0.0	0.0	0.0	1.0	
bags online	0	Not Dark Pattern	indian	LimeRoad	landing	0.8028866646935432	json_element	1.0	1.0	0.0	0.0	0.0	1.0	
I DEW CARE	0	Not Dark Pattern	indian	Purplle	landing	0.8264863837642831	json_element	1.0	1.0	0.0	0.0	0.0	1.0	
Gifts	0	Not Dark Pattern	indian	bluestone	landing	0.8373280554547529	txt_body				0.0			
MEDICAL RECORDS	0	Not Dark Pattern	indian	PharmEasy	settings	0.8077057104221577	txt_body				1.0			
LIGHT KNITS	0	Not Dark Pattern	indian	TheLabelLife	landing	0.8337418591659395	txt_body				0.0			
Track, returns and buy again	0	Not Dark Pattern	indian	JioMart	settings	0.8493565105298798	txt_body				1.0			
All Featured Brands	0	Not Dark Pattern	indian	PharmEasy	landing	0.8969348308505536	json_element	1.0	1.0	0.0	0.0	0.0	1.0	
Registered office Address:	0	Not Dark Pattern	indian	Clovia	checkout	0.8193288892062924	txt_body				1.0			
Women's Clothing	0	Not Dark Pattern	indian	Bewakoof	product	0.8844602304716109	txt_body				0.0			
Face Sunscreen	0	Not Dark Pattern	indian	nykaa	landing	0.8125236098643798	json_element	1.0	1.0	0.0	0.0	0.0	1.0	
"Orders

View and track your orders."	0	Not Dark Pattern	indian	lifestyle	settings	0.8252345879548288	json_element	0.0	0.0	0.0	1.0	0.0	1.0	
Toni & Guy International	0	Not Dark Pattern	indian	Purplle	landing	0.8181591606803024	json_element	1.0	1.0	0.0	0.0	0.0	1.0	
Delivery Fee (Scheduled)	0	Not Dark Pattern	indian	JioMart	checkout	0.8194790511964544	txt_body				1.0			
BOYS TOPWEAR	0	Not Dark Pattern	indian	pantaloons	landing	0.8214098038615054	json_element	1.0	1.0	0.0	0.0	0.0	1.0	
"Body
                Wash"	0	Not Dark Pattern	indian	nykaa	landing	0.8082859214350229	json_element	1.0	1.0	0.0	0.0	0.0	1.0	
Kids Jeans	0	Not Dark Pattern	indian	Shopsy	landing	0.804582952952454	json_element	0.0	0.0	0.0	0.0	0.0	1.0	
8 GB and Above	0	Not Dark Pattern	indian	flipkart	product	0.9020954775174482	txt_body				0.0			
Need Help?	0	Not Dark Pattern	indian	myntra	landing	0.8185235892913951	txt_body				0.0			
How do I leave a review and upload images?	0	Not Dark Pattern	indian	JioMart	cancel_step	0.8403685107866781	txt_body				1.0			
Return	0	Not Dark Pattern	indian	JioMart	cart	0.810455011079582	txt_body				0.0			
Ayurveda Products	0	Not Dark Pattern	indian	Tata 1mg	landing	0.8315948966771027	json_element	0.0	0.0	0.0	0.0	0.0	1.0	
Men's Co-Ords Set	0	Not Dark Pattern	indian	snapdeal	product	0.8084248595766772	txt_body				0.0			
SCHOOL BAGS & BACK PACKS	0	Not Dark Pattern	indian	FirstCry	product	0.864496182577163	json_element	1.0	1.0	0.0	0.0	0.0	1.0	
Men Printed Cotton T-shirt	0	Not Dark Pattern	indian	myntra	product	0.8408699127854051	txt_body				0.0			
Lemon/Light Yellow (6)	0	Not Dark Pattern	indian	FirstCry	product	0.8337418591659395	txt_body				0.0			
NuJi Men Solid Casual Orange Shirt	0	Not Dark Pattern	indian	Shopsy	product	0.8536224605646798	txt_body				0.0			
Similac Products	0	Not Dark Pattern	indian	PharmEasy	landing	0.8315948966771027	json_element	1.0	1.0	0.0	0.0	0.0	1.0	
Immunity & Well Being	0	Not Dark Pattern	indian	HealthKart	landing	0.8146839743852403	json_element	1.0	1.0	0.0	0.0	0.0	1.0	
Kurtis, Tunics & Tops	0	Not Dark Pattern	indian	myntra	landing	0.8590710659811271	json_element	0.0	0.0	0.0	0.0	0.0	1.0	
Health Food and Drinks	0	Not Dark Pattern	indian	HealthKart	landing	0.8577495038205828	json_element	1.0	1.0	0.0	0.0	0.0	1.0	
Office Bags	0	Not Dark Pattern	indian	snapdeal	product	0.8332707511794692	json_element	1.0	1.0	0.0	0.0	0.0	1.0	
Sign out of all devices	0	Not Dark Pattern	indian	TheLabelLife	settings	0.8835362634488145	json_element	0.0	0.0	0.0	1.0	1.0	0.0	
Casual Jackets	0	Not Dark Pattern	indian	LimeRoad	landing	0.8195448500992627	json_element	1.0	1.0	0.0	0.0	0.0	1.0	
"Tools
                    & Accessories"	0	Not Dark Pattern	indian	nykaa	landing	0.905098912427702	json_element	1.0	1.0	0.0	0.0	0.0	1.0	
Batteries Chargers	0	Not Dark Pattern	indian	ajio	landing	0.8028738753513953	json_element	0.0	0.0	0.0	0.0	0.0	1.0	
FEETWELL SHOES (6)	0	Not Dark Pattern	indian	FirstCry	product	0.8339212378437332	json_element	0.0	0.0	0.0	0.0	0.0	1.0	
(105 Reviews)	0	Not Dark Pattern	indian	Moglix	landing	0.8157400372517509	txt_body				0.0			
LED Batten Lights	0	Not Dark Pattern	indian	Moglix	landing	0.8071913945338969	json_element	0.0	0.0	1.0	0.0	0.0	1.0	
TOP MOMPRENEURS BRANDS	0	Not Dark Pattern	indian	FirstCry	product	0.8286023021298972	json_element	1.0	1.0	0.0	0.0	0.0	1.0	
Face Moisturizer and Day Cream	0	Not Dark Pattern	indian	Purplle	landing	0.8274292164749317	json_element	1.0	1.0	0.0	0.0	0.0	1.0	
Cycling Shorts	0	Not Dark Pattern	indian	Clovia	landing	0.8173899283939563	json_element	1.0	1.0	0.0	0.0	0.0	1.0	
Product showcase	0	Not Dark Pattern	indian	JioMart	cart	0.8091618835864216	txt_body				0.0			
Signature Scents: Fragrances for Men and Women	0	Not Dark Pattern	indian	shoppers_stop	landing	0.8318115571149731	txt_body				0.0			
Date of Birth (optional)	0	Not Dark Pattern	indian	shoppers_stop	settings	0.8303545021025536	txt_body				1.0			
Processor Speed	0	Not Dark Pattern	indian	amazon_in	product	0.823269538939189	txt_body				0.0			
Send all details and updates on WhatsApp	0	Not Dark Pattern	indian	Techjockey	settings	0.8381094305339046	txt_body				1.0			
4156 Ratings & 8 Reviews	0	Not Dark Pattern	indian	flipkart	product	0.8157400372517509	txt_body				0.0			
"Textured Shirt: Mulberry
Men Textured Shirts
₹ 1599"	0	Not Dark Pattern	indian	The Souled Store	product	0.8601508005644491	json_element	0.0	0.0	0.0	0.0	0.0	1.0	
PREEO Men Cotton Blend Oversized Fit Printed T-Shirt ( Black )	0	Not Dark Pattern	indian	snapdeal	product	0.845092286523596	txt_body				0.0			
1GB and Below	0	Not Dark Pattern	indian	flipkart	product	0.8641151735561265	txt_body				0.0			
VISIT OUR STORE	0	Not Dark Pattern	indian	TheLabelLife	landing	0.8449562685046695	json_element	1.0	1.0	0.0	0.0	0.0	1.0	
The Fabindia School	0	Not Dark Pattern	indian	FabIndia	product	0.8182890507829801	json_element	0.0	0.0	0.0	0.0	0.0	1.0	
Protect your devices and data with advanced antivirus software that detects and blocks.	0	Not Dark Pattern	indian	Techjockey	landing	0.826874310614095	txt_body				0.0			
Face Primers	0	Not Dark Pattern	indian	shoppers_stop	landing	0.8125236098643798	json_element	0.0	0.0	1.0	0.0	0.0	1.0	
Hair Supplements	0	Not Dark Pattern	indian	HealthKart	landing	0.8537299390655018	json_element	1.0	1.0	0.0	0.0	0.0	1.0	
plant-based protein	0	Not Dark Pattern	indian	HealthKart	landing	0.8182453136243892	json_element	0.0	0.0	1.0	0.0	0.0	1.0	
Search results	0	Not Dark Pattern	indian	DMart Ready	product	0.8099536447364994	txt_body				0.0			
Baby Sleeping Bags	0	Not Dark Pattern	indian	FirstCry	product	0.8670655397664839	json_element	1.0	1.0	0.0	0.0	0.0	1.0	
"Shaving
                  Tools"	0	Not Dark Pattern	indian	nykaa	landing	0.8594336369111578	json_element	1.0	1.0	0.0	0.0	0.0	1.0	
Protein Foods	0	Not Dark Pattern	indian	HealthKart	landing	0.8153768438095506	json_element	1.0	1.0	0.0	0.0	0.0	1.0	
FEETWELL SHOES  (6)	0	Not Dark Pattern	indian	FirstCry	product	0.8339212378437332	json_element	1.0	1.0	0.0	0.0	0.0	1.0	
Terms and Policies	0	Not Dark Pattern	indian	TheLabelLife	landing	0.8751707469421217	json_element	1.0	1.0	0.0	0.0	1.0	0.0	
"The Gift
                      Store"	0	Not Dark Pattern	indian	nykaa	landing	0.8349672490200355	json_element	1.0	1.0	0.0	0.0	0.0	1.0	
Hair Dryers	0	Not Dark Pattern	indian	nykaa	landing	0.8537299390655018	json_element	1.0	1.0	0.0	0.0	0.0	1.0	
Mixed Seeds	0	Not Dark Pattern	indian	PharmEasy	landing	0.820839971417956	json_element	1.0	1.0	0.0	0.0	0.0	1.0	
Chat with our Wiz	0	Not Dark Pattern	indian	FirstCry	product	0.8325251293071945	json_element	1.0	1.0	0.0	0.0	0.0	1.0	
Shirts | Tops	0	Not Dark Pattern	indian	westside	landing	0.8795436849418803	json_element	1.0	1.0	0.0	0.0	0.0	1.0	
Shop By Room	0	Not Dark Pattern	indian	DMart Ready	product	0.8924850709942213	json_element	0.0	0.0	1.0	0.0	0.0	1.0	
Packet of 1 bar	0	Not Dark Pattern	indian	Tata 1mg	cart	0.89821305945525	txt_body				0.0			
Myntra is one such online shopping website that joins the list of platforms that help curate a personalised fashion feed. Named theMyntra Studio, this personalised search feed brings you the latest men and women’s fashion trends, celebrity styles, branded content and daily updates from your favourite fashion labels.	0	Not Dark Pattern	indian	myntra	landing	0.8393338926885743	txt_body				0.0			
Download Android App	0	Not Dark Pattern	indian	bluestone	cart	0.8260978517331912	json_element	0.0	0.0	0.0	0.0	0.0	1.0	
Skin & Facial Care	0	Not Dark Pattern	indian	FirstCry	product	0.8301929946138185	json_element	1.0	1.0	0.0	0.0	0.0	1.0	
Alpenliebe Juzt Jelly - Strawberry Flavour Jelly Candy	0	Not Dark Pattern	indian	Blinkit	landing	0.8053234868176615	txt_body				0.0			
OFFICE FURNITURE & DECOR:	0	Not Dark Pattern	indian	Moglix	landing	0.8263119888580378	txt_body				0.0			
Men's Green Textured Oversized Shirt	0	Not Dark Pattern	indian	Bewakoof	product	0.837855443953742	txt_body				0.0			
The Whole Truth Whey Protein, 2.2 lb Light Cocoa	0	Not Dark Pattern	indian	HealthKart	landing	0.8434983573497679	txt_body				0.0			
The Souled Store	0	Not Dark Pattern	indian	myntra	product	0.8425873048764606	json_element	0.0	0.0	1.0	0.0	0.0	1.0	
"Baby
                      Toys"	0	Not Dark Pattern	indian	nykaa	landing	0.8735110838497777	json_element	1.0	1.0	0.0	0.0	0.0	1.0	
Thread Work	0	Not Dark Pattern	indian	snapdeal	product	0.8159159560052061	json_element	0.0	0.0	0.0	0.0	0.0	1.0	
Coup Raven Black | Prebook Pass.	0	Not Dark Pattern	indian	boult	landing	0.806514921322065	txt_body				0.0			
Morning: Morning whey shakes can reduce muscle breakdown (catabolic state) after fasting all night.	0	Not Dark Pattern	indian	HealthKart	product	0.8590767002275805	txt_body				0.0			
BATH	0	Not Dark Pattern	indian	FirstCry	product	0.8254199075808023	json_element	0.0	0.0	0.0	0.0	0.0	1.0	
The camera is awesome and provides great photos and videos.	0	Not Dark Pattern	indian	flipkart	product	0.8709336581765412	txt_body				0.0			
Skin Secrets	0	Not Dark Pattern	indian	Purplle	landing	0.8026917869344168	json_element	1.0	1.0	0.0	0.0	0.0	1.0	
Kamal Agrotech 3 inch PVC Black Non Return Valve with Flange for Agriculture & Industrial Use ...	0	Not Dark Pattern	indian	Moglix	landing	0.8028301453737778	txt_body				0.0			
Date night will always be fun with flirty and feminine dresses and jumpsuits. Find tops and tees in all your favourite styles like peplum tops, shirt style, kaftans, off shoulder tops, camisoles and more to pair with skirts, palazzos, jeans and jeggings.	0	Not Dark Pattern	indian	shoppers_stop	landing	0.8519873804116743	txt_body				0.0			
LATEST PLATINUM JEWELLERY	0	Not Dark Pattern	indian	bluestone	product	0.8016875606713378	json_element	1.0	1.0	0.0	0.0	0.0	1.0	
Foam and cushions: 1 year	0	Not Dark Pattern	indian	myntra	product	0.8417126527589812	txt_body				0.0			
Eye Masks & Patches	0	Not Dark Pattern	indian	Purplle	landing	0.8125236098643798	json_element	1.0	1.0	0.0	0.0	0.0	1.0	
Furniture Care	0	Not Dark Pattern	indian	myntra	landing	0.8264863837642831	json_element	1.0	1.0	0.0	0.0	0.0	1.0	
Back	0	Not Dark Pattern	indian	bluestone	cart	0.8532502212085079	json_element	1.0	1.0	0.0	0.0	1.0	0.0	
Yoga Mats	0	Not Dark Pattern	indian	HealthKart	landing	0.8086395712343091	json_element	1.0	1.0	0.0	0.0	0.0	1.0	
APPLIANCES AND UTILITIES	0	Not Dark Pattern	indian	Moglix	landing	0.8470866442119663	txt_body				0.0			
Sexual Wellness Devices	0	Not Dark Pattern	indian	Tata 1mg	product	0.8261448658062739	json_element	1.0	1.0	0.0	0.0	0.0	1.0	
TAPOM Minimalist Analog Watch for Men & Boys, Stylish Classic Wrist Watch, Simple Dial Design, Lightweight Comfortable Strap, Casual & Formal Wear Fashion Watch for Everyday Use | Teal	0	Not Dark Pattern	indian	JioMart	product	0.8022263292532702	txt_body				0.0			
Cute Walk by Babyhug Velcro Closure Musical Sandal With Floral Applique - Pink	0	Not Dark Pattern	indian	FirstCry	cart	0.8318180368746306	txt_body				0.0			
Sports Action Cameras	0	Not Dark Pattern	indian	flipkart	landing	0.8536955745310164	json_element	1.0	1.0	0.0	0.0	0.0	1.0	
Dolls Doll Houses Accessories	0	Not Dark Pattern	indian	ajio	landing	0.8023672587994374	json_element	0.0	0.0	0.0	0.0	0.0	1.0	
Delivery Policies	0	Not Dark Pattern	indian	HealthKart	landing	0.8428064550001023	json_element	0.0	0.0	1.0	0.0	0.0	1.0	
air buds pro 6	0	Not Dark Pattern	indian	noise	product	0.820630391159515	json_element	1.0	1.0	0.0	0.0	0.0	1.0	
Asymmetrical Neck	0	Not Dark Pattern	indian	snapdeal	product	0.8336614730486098	json_element	0.0	0.0	0.0	0.0	0.0	1.0	
Muun Home	0	Not Dark Pattern	indian	nykaa	landing	0.828516327986744	json_element	1.0	1.0	0.0	0.0	0.0	1.0	
Package with Electrolytes, Iron profile, Cardiac markers & more	0	Not Dark Pattern	indian	PharmEasy	landing	0.8343397120013184	txt_body				0.0			
Nail Art	0	Not Dark Pattern	indian	Purplle	landing	0.8106463749759749	json_element	1.0	1.0	0.0	0.0	0.0	1.0	
Kids' Footwear	0	Not Dark Pattern	indian	snapdeal	product	0.810178350661709	json_element	1.0	1.0	0.0	0.0	0.0	1.0	
Latest	0	Not Dark Pattern	indian	pantaloons	product	0.8016875606713378	txt_body				0.0			
Men Washed Denim Shirt	0	Not Dark Pattern	indian	max_fashion	product	0.8313606064618004	json_element	0.0	0.0	0.0	0.0	0.0	1.0	
Need Help? Contact Us	0	Not Dark Pattern	indian	FabIndia	cart	0.8022321429198153	json_element	0.0	0.0	0.0	0.0	0.0	1.0	
Terms of Use	0	Not Dark Pattern	indian	FirstCry	landing	0.8809737507760942	json_element	0.0	0.0	0.0	0.0	0.0	1.0	
Wingreens Farms Chipotle Mayo Sauce And Spread	0	Not Dark Pattern	indian	Zepto	cart	0.8425459331250068	txt_body				0.0			
Short Sleeves	0	Not Dark Pattern	indian	Clovia	landing	0.8426201538397659	json_element	1.0	1.0	0.0	0.0	0.0	1.0	
All Weighing Scale	0	Not Dark Pattern	indian	PharmEasy	landing	0.9226349302968742	json_element	1.0	1.0	0.0	0.0	0.0	1.0	
Bathroom Accessories	0	Not Dark Pattern	indian	ajio	landing	0.8731014409332493	json_element	0.0	0.0	0.0	0.0	0.0	1.0	
POCO C85x (Emerald Green, 128 GB)	0	Not Dark Pattern	indian	flipkart	product	0.8047109896005211	txt_body				0.0			
"Little's Poly Feeding Bottle Maxi
Box of 240 ml feeding bottle
4.2
(161)
Get by"	0	Not Dark Pattern	indian	Tata 1mg	cart	0.8016617115383359	json_element	0.0	0.0	0.0	0.0	0.0	1.0	
Men Striped Polo Collar T-shirt	0	Not Dark Pattern	indian	myntra	product	0.8313606064618004	txt_body				0.0			
Antra Collection (8)	0	Not Dark Pattern	indian	bluestone	product	0.859410422023783	json_element	0.0	0.0	0.0	0.0	1.0	0.0	
ALL EARRINGS (By Popularity)	0	Not Dark Pattern	indian	bluestone	product	0.8914063283203172	json_element	1.0	1.0	0.0	0.0	0.0	1.0	
Women Gold Rings	0	Not Dark Pattern	indian	bluestone	landing	0.83511541729383	json_element	0.0	0.0	1.0	0.0	0.0	1.0	
Herbal Juices and Liquids	0	Not Dark Pattern	indian	PharmEasy	landing	0.9020954775174482	json_element	1.0	1.0	0.0	0.0	0.0	1.0	
Bath & Body	0	Not Dark Pattern	indian	ajio	landing	0.8338494843725253	json_element	0.0	0.0	0.0	0.0	0.0	1.0	
NCERT Books	0	Not Dark Pattern	indian	flipkart	landing	0.8260323259021548	json_element	1.0	1.0	0.0	0.0	0.0	1.0	
sandals	0	Not Dark Pattern	indian	LimeRoad	landing	0.8005312503086353	json_element	1.0	1.0	0.0	0.0	0.0	1.0	
"New Launch

4.7"	0	Not Dark Pattern	indian	boult	product	0.8979326447184729	json_element	0.0	0.0	0.0	0.0	0.0	1.0	
All Diabetic Care Products	0	Not Dark Pattern	indian	PharmEasy	landing	0.9073041694672539	json_element	1.0	1.0	0.0	0.0	0.0	1.0	
Download our apps	0	Not Dark Pattern	indian	lifestyle	landing	0.8280718949945017	txt_body				0.0			
Manicure And Pedicure	0	Not Dark Pattern	indian	shoppers_stop	landing	0.9020954775174482	json_element	0.0	0.0	1.0	0.0	0.0	1.0	
Return Policy	0	Not Dark Pattern	indian	amazon_in	checkout	0.8370993040260577	json_element	0.0	0.0	0.0	1.0	0.0	1.0	
Nimbus Grey	0	Not Dark Pattern	indian	noise	cart	0.8031669800491422	txt_body				0.0			
5% PharmEasy Credits on all medicine and healthcare orders	0	Not Dark Pattern	indian	PharmEasy	cart	0.8304115964466604	txt_body				0.0			
Work Wear	0	Not Dark Pattern	indian	pantaloons	landing	0.8327696270512106	json_element	1.0	1.0	0.0	0.0	0.0	1.0	
The black dial with red accents gives proper sports car vibes. Feels powerful and bold.	0	Not Dark Pattern	indian	boult	cart	0.8721358555796468	txt_body				0.0			
"Hands
                      & Feet Care"	0	Not Dark Pattern	indian	nykaa	landing	0.8264863837642831	json_element	1.0	1.0	0.0	0.0	0.0	1.0	
Men's Sports Tights	0	Not Dark Pattern	indian	snapdeal	product	0.854306773927492	txt_body				0.0			
Font-related features	0	Not Dark Pattern	indian	Techjockey	product	0.803111097051707	txt_body				0.0			
Wall Clock	0	Not Dark Pattern	indian	snapdeal	landing	0.8133110611883945	json_element	0.0	0.0	1.0	0.0	0.0	1.0	
Wall Clocks,	0	Not Dark Pattern	indian	urbanladder	landing	0.8222176614387834	json_element	0.0	0.0	0.0	0.0	0.0	1.0	
Nykd By Nykaa	0	Not Dark Pattern	indian	nykaa	landing	0.829879306540604	json_element	1.0	1.0	0.0	0.0	0.0	1.0	
Home & Kitchen:Wall Painting/Wall Stickers/Dream Catcher/Rangoli Designs/Clock/Wall Clock/Alarm Clock/Diya/Wall Hanging/Hanging & Ceiling Light/Table Lamp/Hanging Lights/LED Bulbs/Torch Light/Flower Vase/Keychain/Rudraksha/Screwdriver	0	Not Dark Pattern	indian	snapdeal	landing	0.8455026396474958	txt_body				0.0			
Casual Shoes (865)	0	Not Dark Pattern	indian	FirstCry	product	0.8599195977665046	json_element	0.0	0.0	0.0	0.0	0.0	1.0	
Heart Shaped	0	Not Dark Pattern	indian	bluestone	cart	0.8009937531231478	json_element	1.0	1.0	0.0	0.0	0.0	1.0	
App Store Optimization Tools	0	Not Dark Pattern	indian	Techjockey	settings	0.8772257240330404	json_element	1.0	1.0	0.0	1.0	0.0	1.0	
Car Mobile Holders	0	Not Dark Pattern	indian	snapdeal	product	0.8040069620006454	json_element	1.0	1.0	0.0	0.0	0.0	1.0	
Payment Mode	0	Not Dark Pattern	indian	LimeRoad	checkout	0.8221785757612646	txt_body				1.0			
Filters	0	Not Dark Pattern	indian	amazon_in	product	0.8229229076976428	json_element	1.0	1.0	0.0	0.0	0.0	1.0	
Hillgrove 1200W Demolition Hammer Concrete Breaker with 2 Bits, HGCM934 ...	0	Not Dark Pattern	indian	Moglix	landing	0.8163517229724223	json_element	0.0	0.0	0.0	0.0	0.0	1.0	
"Favourites

View your most wanted products."	0	Not Dark Pattern	indian	lifestyle	settings	0.8195893541423275	json_element	0.0	0.0	0.0	1.0	0.0	1.0	
Solid Wood Care Kits	0	Not Dark Pattern	indian	myntra	landing	0.8155813283901545	json_element	1.0	1.0	0.0	0.0	0.0	1.0	
2 Points = ₹1	0	Not Dark Pattern	indian	shoppers_stop	cart	0.8254158898424967	txt_body				0.0			
Ceiling Lights,	0	Not Dark Pattern	indian	urbanladder	landing	0.8071913945338969	json_element	0.0	0.0	0.0	0.0	0.0	1.0	
A detailed address will help our Delivery Partner reach your doorstep easily	0	Not Dark Pattern	indian	pantaloons	cart	0.8221648137847207	txt_body				0.0			
Platform FeeKnow More	0	Not Dark Pattern	indian	myntra	cart	0.8093507221834787	txt_body				0.0			
Men Sweatshirts & Hoodies	0	Not Dark Pattern	indian	The Souled Store	product	0.8202505511122231	txt_body				0.0			
Skinn By Titan	0	Not Dark Pattern	indian	nykaa	landing	0.829879306540604	json_element	1.0	1.0	0.0	0.0	0.0	1.0	
Home Improvement	0	Not Dark Pattern	indian	amazon_in	product	0.828516327986744	json_element	0.0	0.0	0.0	0.0	0.0	1.0	
Nestle Products	0	Not Dark Pattern	indian	PharmEasy	landing	0.8315948966771027	json_element	1.0	1.0	0.0	0.0	0.0	1.0	
Fujiyama Tejas 5500 5000VA 48V Pure Sine Wave Solar PCU for Home, Office & Shop with 3 Years Warranty ...	0	Not Dark Pattern	indian	Moglix	landing	0.8110542273484064	txt_body				0.0			
Body Lotions and Body Oils	0	Not Dark Pattern	indian	shoppers_stop	landing	0.8425760950803032	json_element	0.0	0.0	1.0	0.0	0.0	1.0	
kitchen product	0	Not Dark Pattern	indian	snapdeal	product	0.8016625534197581	json_element	1.0	1.0	0.0	0.0	0.0	1.0	
Beard Care	0	Not Dark Pattern	indian	Netmeds	landing	0.8264863837642831	json_element	1.0	1.0	0.0	0.0	0.0	1.0	
"Search ""bread"""	0	Not Dark Pattern	indian	Blinkit	settings	0.8472070359123456	txt_body				1.0			
Gloves Masks	0	Not Dark Pattern	indian	ajio	landing	0.814866797907605	json_element	0.0	0.0	0.0	0.0	0.0	1.0	
Kicky and Perky	0	Not Dark Pattern	indian	nykaa	landing	0.9020954775174482	json_element	1.0	1.0	0.0	0.0	0.0	1.0	
PROCESSOR BRAND	0	Not Dark Pattern	indian	flipkart	product	0.814444968097797	txt_body				0.0			
House Of Beauty	0	Not Dark Pattern	indian	nykaa	landing	0.8332719388351781	json_element	1.0	1.0	0.0	0.0	0.0	1.0	
Smartbuy Policy	0	Not Dark Pattern	indian	PharmEasy	landing	0.8303471754032551	json_element	0.0	0.0	1.0	0.0	0.0	1.0	
Rajasthan Decor	0	Not Dark Pattern	indian	nykaa	landing	0.8067363916947177	json_element	1.0	1.0	0.0	0.0	0.0	1.0	
"Home
shift
+
alt
+
H"	0	Not Dark Pattern	indian	amazon_in	product	0.828516327986744	json_element	0.0	0.0	0.0	0.0	0.0	1.0	
suits and blazers	0	Not Dark Pattern	indian	LimeRoad	landing	0.9020954775174482	json_element	1.0	1.0	0.0	0.0	0.0	1.0	
Victoria's Secret Accessories	0	Not Dark Pattern	indian	nykaa	landing	0.8657959718221798	json_element	1.0	1.0	0.0	0.0	0.0	1.0	
OUR POLICIES	0	Not Dark Pattern	indian	Netmeds	landing	0.813857409139088	json_element	0.0	0.0	0.0	0.0	0.0	1.0	
Hair Colours	0	Not Dark Pattern	indian	Shopsy	landing	0.8284133605283485	json_element	0.0	0.0	0.0	0.0	0.0	1.0	
Nursing/Sleep Wear	0	Not Dark Pattern	indian	FirstCry	product	0.8270470173545779	json_element	1.0	1.0	0.0	0.0	0.0	1.0	
LATEST EARRINGS	0	Not Dark Pattern	indian	bluestone	product	0.8134937625759476	json_element	1.0	1.0	0.0	0.0	0.0	1.0	
SF Jeans	0	Not Dark Pattern	indian	pantaloons	landing	0.804582952952454	json_element	1.0	1.0	0.0	0.0	0.0	1.0	
All Feet Problem Products	0	Not Dark Pattern	indian	PharmEasy	landing	0.9099538291600271	json_element	1.0	1.0	0.0	0.0	0.0	1.0	
Socks New	0	Not Dark Pattern	indian	Clovia	cart	0.8631832298572361	json_element	1.0	1.0	0.0	0.0	0.0	1.0	
My Reviews	0	Not Dark Pattern	indian	Purplle	landing	0.8638541348706156	json_element	1.0	1.0	0.0	0.0	0.0	1.0	
Multi-coloured Printed Casual Half Sleeves Shirt Collar Boys Regular Fit Shirts	0	Not Dark Pattern	indian	pantaloons	product	0.8731169416390897	txt_body				0.0			
Men Henley Neck T-shirt	0	Not Dark Pattern	indian	myntra	product	0.8527368247890375	txt_body				0.0			
Babyhug Pretend Play Doctor Set With LED...	0	Not Dark Pattern	indian	FirstCry	cart	0.8210273170923762	txt_body				0.0			
Complete Sun Care Collection	0	Not Dark Pattern	indian	Purplle	landing	0.8426645339082115	json_element	1.0	1.0	0.0	0.0	0.0	1.0	
"Mustang® Official Collab Stallion Ignite Gold | Prebook Pass

₹1,499"	0	Not Dark Pattern	indian	boult	landing	0.8096207039781758	json_element	0.0	0.0	0.0	0.0	0.0	1.0	
"Relaxed Shirt: Edge
Men Checks And Stripes Shirts
₹ 1699"	0	Not Dark Pattern	indian	The Souled Store	product	0.8926514224153912	json_element	0.0	0.0	0.0	0.0	0.0	1.0	
Need assistance? We're happy to help	0	Not Dark Pattern	indian	shoppers_stop	settings	0.81636116167665	txt_body				1.0			
Type	0	Not Dark Pattern	indian	bluestone	product	0.832027194774079	txt_body				0.0			
Rs 50000 And Above (2172)	0	Not Dark Pattern	indian	bluestone	product	0.8283758152841454	json_element	0.0	0.0	0.0	0.0	1.0	0.0	
By: Green Soul	0	Not Dark Pattern	indian	Moglix	product	0.8309116864848363	txt_body				0.0			
Art & Craft Supplies	0	Not Dark Pattern	indian	snapdeal	product	0.8223920645528416	json_element	1.0	1.0	0.0	0.0	0.0	1.0	
Combo:(450g of Butter Chicken + 450g of Tandoori Chicken Legs)	0	Not Dark Pattern	indian	freshtohome	landing	0.8817156289535414	txt_body				0.0			
Terms & Conditions and Privacy Policy	0	Not Dark Pattern	indian	shoppers_stop	landing	0.8651944250614928	txt_body				0.0			
Kindly provide your precise delivery location to ensure a smoother and quicker delivery process. Sharing your location will help minimizing delays and enhancing the overall delivery experience.	0	Not Dark Pattern	indian	FirstCry	cart	0.8448020442109307	txt_body				0.0			
Our Services	0	Not Dark Pattern	indian	PharmEasy	landing	0.8059513693421835	txt_body				0.0			
Men's Polo T-Shirts	0	Not Dark Pattern	indian	Bewakoof	product	0.8559096724823143	json_element	0.0	0.0	0.0	0.0	0.0	1.0	
Baby Names	0	Not Dark Pattern	indian	FirstCry	product	0.8683306295557556	json_element	1.0	1.0	0.0	0.0	0.0	1.0	
Oriental Bank of Commerce	0	Not Dark Pattern	indian	amazon_in	checkout	0.89821305945525	txt_body				1.0			
School Learning Online	0	Not Dark Pattern	indian	snapdeal	product	0.8031094589176913	json_element	1.0	1.0	0.0	0.0	0.0	1.0	
Ladwa 750mm Red & Black PVC Traffic Safety Cone with 6m Chain & 6 Hooks (Pack of	0	Not Dark Pattern	indian	Moglix	landing	0.8379938335873531	json_element	0.0	0.0	1.0	0.0	0.0	1.0	
By placing the order, you agree to Myntra's Terms of Use and Privacy Policy	0	Not Dark Pattern	indian	myntra	cart	0.8443484882162932	txt_body				0.0			
Dairy Products	0	Not Dark Pattern	indian	freshtohome	landing	0.8315948966771027	json_element	0.0	0.0	0.0	0.0	0.0	1.0	
COMPANY INFO	0	Not Dark Pattern	indian	FirstCry	product	0.8442288312775105	txt_body				0.0			
Wall Stickers	0	Not Dark Pattern	indian	LimeRoad	landing	0.8133110611883945	json_element	1.0	1.0	0.0	0.0	0.0	1.0	
Face Moisturizers and Day Creams	0	Not Dark Pattern	indian	shoppers_stop	landing	0.8274292164749317	json_element	0.0	0.0	1.0	0.0	0.0	1.0	
OLIVE STRIPED OVERSIZED SHIRT	0	Not Dark Pattern	indian	TheLabelLife	product	0.808834491027449	json_element	1.0	1.0	0.0	0.0	0.0	1.0	
Account Closure Is A Permanent Action	0	Not Dark Pattern	indian	amazon_in	cancel_step	0.8123501584878206	txt_body				1.0			
Top Collections	0	Not Dark Pattern	indian	pepperfry	product	0.8096774761692234	json_element	1.0	1.0	0.0	0.0	0.0	1.0	
Whey Protein	0	Not Dark Pattern	indian	HealthKart	landing	0.8153768438095506	json_element	1.0	1.0	0.0	0.0	0.0	1.0	
Yes, I want to permanently close my Amazon Account and delete my data.	0	Not Dark Pattern	indian	amazon_in	cancel_step	0.8019669229000068	txt_body				1.0			
Covers Sleeves	0	Not Dark Pattern	indian	ajio	landing	0.8124899422122344	json_element	0.0	0.0	0.0	0.0	0.0	1.0	
Products	0	Not Dark Pattern	indian	boult	landing	0.8315948966771027	json_element	1.0	1.0	0.0	0.0	0.0	1.0	
2099 And Below	0	Not Dark Pattern	indian	HealthKart	product	0.8641151735561265	txt_body				0.0			
Popular Search In Mens Grooming:-Mens Grooming |Shaving Creams |Shaving Foams For Men |Shaving Gels |Pre and Post Shaves |Shaving Brushes |Beard Care |Skin Care For Men |Men Hair Care |Men Body Care |Men Fragrance	0	Not Dark Pattern	indian	shoppers_stop	landing	0.8147485038061277	txt_body				0.0			
Spox 100mA X-Ray Hand Switch with 5.5 m PU Cable	0	Not Dark Pattern	indian	Moglix	landing	0.8176444359479819	json_element	0.0	0.0	0.0	0.0	0.0	1.0	
Apple iPhone Air 1 TB: Thinnest iPhone Ever, 16.63 cm (6.5″) Display with Promot	0	Not Dark Pattern	indian	amazon_in	product	0.8090210706686387	json_element	0.0	0.0	0.0	0.0	0.0	1.0	
Mustang® Official Collab Turbo Black GT | Prebook Pass	0	Not Dark Pattern	indian	boult	landing	0.817546553815577	txt_body				0.0			
Dark Green (9)	0	Not Dark Pattern	indian	FirstCry	product	0.8047109896005211	txt_body				0.0			
Keyhole Neck	0	Not Dark Pattern	indian	snapdeal	product	0.8336614730486098	json_element	0.0	0.0	0.0	0.0	0.0	1.0	
Men's Shoes	0	Not Dark Pattern	indian	flipkart	landing	0.8472545291291105	json_element	1.0	1.0	0.0	0.0	0.0	1.0	
Supreme Cherry Parrot Green Foldable Round Table	0	Not Dark Pattern	indian	Moglix	product	0.8001929942895251	json_element	0.0	0.0	1.0	0.0	0.0	1.0	
Sports Equipment	0	Not Dark Pattern	indian	flipkart	landing	0.8432322810150148	json_element	1.0	1.0	0.0	0.0	0.0	1.0	
My Payments	0	Not Dark Pattern	indian	Bewakoof	checkout	0.8302296476693696	json_element	0.0	0.0	0.0	1.0	0.0	1.0	
Couple T-Shirts	0	Not Dark Pattern	indian	Shopsy	landing	0.8134517126286038	json_element	0.0	0.0	0.0	0.0	0.0	1.0	
Submit Feedback	0	Not Dark Pattern	indian	Clovia	landing	0.8197842574828571	json_element	0.0	0.0	0.0	0.0	0.0	1.0	
LUNCH  BOXES	0	Not Dark Pattern	indian	FirstCry	product	0.8021197285114554	json_element	1.0	1.0	0.0	0.0	0.0	1.0	
The Home Co	0	Not Dark Pattern	indian	nykaa	landing	0.8133541159216306	json_element	1.0	1.0	0.0	0.0	0.0	1.0	
Digital Dress Room	0	Not Dark Pattern	indian	nykaa	landing	0.8113145842892922	json_element	1.0	1.0	0.0	0.0	0.0	1.0	
My Addresses	0	Not Dark Pattern	indian	Bewakoof	checkout	0.869635263945345	json_element	0.0	0.0	0.0	1.0	0.0	1.0	
Hair Conditioner	0	Not Dark Pattern	indian	HealthKart	landing	0.8537299390655018	json_element	1.0	1.0	0.0	0.0	0.0	1.0	
Soft toys	0	Not Dark Pattern	indian	FirstCry	product	0.8442389263589498	json_element	1.0	1.0	0.0	0.0	0.0	1.0	
Novamax Rambo-150 150 Litre 8550CMH ABS Grey Honeycomb Copper Motor Tower Air Co	0	Not Dark Pattern	indian	Moglix	landing	0.8207877373339353	json_element	0.0	0.0	0.0	0.0	0.0	1.0	
Payment Gateway	0	Not Dark Pattern	indian	Techjockey	product	0.8221785757612646	json_element	0.0	0.0	1.0	0.0	0.0	1.0	
VRLOOKS Men Self Design Casual White, Black Shirt	0	Not Dark Pattern	indian	Shopsy	product	0.8614826809282305	txt_body				0.0			
Chicken Wings with Skin	0	Not Dark Pattern	indian	licious	product	0.8305060836652317	txt_body				0.0			
SOLVYN Men Checkered Casual Multicolor Shirt	0	Not Dark Pattern	indian	Shopsy	product	0.8563674225872177	txt_body				0.0			
Shorts:	0	Not Dark Pattern	indian	Clovia	landing	0.8173899283939563	json_element	1.0	1.0	0.0	0.0	0.0	1.0	
Classic Eggs - Pack Of 6	0	Not Dark Pattern	indian	licious	landing	0.8378274625593046	json_element	0.0	0.0	0.0	0.0	0.0	1.0	
Protein Shakes: Protein shakes are convenient and popular health drinks that provide a quick and easy way to supplement protein intake. They are commonly consumed by athletes, fitness enthusiasts, and individuals looking to support muscle growth, recovery, and overall protein needs.	0	Not Dark Pattern	indian	HealthKart	landing	0.8086774971901165	txt_body				0.0			
"AbeBooks
Books, art
& collectibles"	0	Not Dark Pattern	indian	amazon_in	product	0.8361869770936687	json_element	0.0	0.0	1.0	0.0	0.0	1.0	
Good Vibes Beetroot Plumping Lip Balm |New & Improved| SPF | Reduces Pigmentation, Perfectly Tinted Lips | Hydrating & Nourishing Care | With Sweet Almond & Olive Oils (5.5 gm)	0	Not Dark Pattern	indian	Purplle	cart	0.8795504635958614	txt_body				0.0			
Bags & More|	0	Not Dark Pattern	indian	DMart Ready	product	0.8284472504817294	json_element	0.0	0.0	1.0	0.0	0.0	1.0	
"NAUGHTYMEN
Men Brand Logo Henley Neck Applique Slim Fit T-shirt
Rs. 434Rs. 1499("	0	Not Dark Pattern	indian	myntra	product	0.8313372063460941	json_element	0.0	0.0	0.0	0.0	0.0	1.0	
Face Wash	0	Not Dark Pattern	indian	ajio	landing	0.8125236098643798	json_element	0.0	0.0	0.0	0.0	0.0	1.0	
Baby Store	0	Not Dark Pattern	indian	FirstCry	product	0.8847465367548433	json_element	1.0	1.0	0.0	0.0	0.0	1.0	
Radio & Remote Control Toys	0	Not Dark Pattern	indian	FirstCry	product	0.8273396671235885	json_element	1.0	1.0	0.0	0.0	0.0	1.0	
"Maternity
                    Wear"	0	Not Dark Pattern	indian	nykaa	landing	0.8159412897970688	json_element	1.0	1.0	0.0	0.0	0.0	1.0	
Women's Shirts	0	Not Dark Pattern	indian	flipkart	landing	0.8689795467638904	json_element	1.0	1.0	0.0	0.0	0.0	1.0	
Party Supplies	0	Not Dark Pattern	indian	snapdeal	product	0.8154699746258663	json_element	1.0	1.0	0.0	0.0	0.0	1.0	
Archery and Shooting	0	Not Dark Pattern	indian	snapdeal	product	0.9020954775174482	json_element	1.0	1.0	0.0	0.0	0.0	1.0	
Open a Store	0	Not Dark Pattern	indian	FirstCry	product	0.808574685309436	json_element	1.0	1.0	0.0	0.0	0.0	1.0	
Shop ₹2000 & get ₹1500 store coupons + ₹500 LRC	0	Not Dark Pattern	indian	LimeRoad	cart	0.8285702726541733	txt_body				0.0			
Health Monitoring Devices	0	Not Dark Pattern	indian	snapdeal	product	0.8305473434923919	json_element	1.0	1.0	0.0	0.0	0.0	1.0	
Men Slim Fit T-shirt	0	Not Dark Pattern	indian	myntra	product	0.8250938024252603	txt_body				0.0			
Edit login, name, and mobile number	0	Not Dark Pattern	indian	amazon_in	settings	0.8239651034280048	txt_body				1.0			
"Active Ingredients 
All"	0	Not Dark Pattern	indian	Purplle	product	0.8263152315777262	json_element	0.0	0.0	0.0	0.0	0.0	1.0	
PAN Card Information	0	Not Dark Pattern	indian	JioMart	settings	0.8060220967168297	txt_body				1.0			
Multivitamins - Women	0	Not Dark Pattern	indian	HealthKart	landing	0.8420474916744316	json_element	1.0	1.0	0.0	0.0	0.0	1.0	
laptop bags	0	Not Dark Pattern	indian	LimeRoad	landing	0.8171913423787497	json_element	1.0	1.0	0.0	0.0	0.0	1.0	
My PurpleCash	0	Not Dark Pattern	indian	freshtohome	settings	0.869635263945345	json_element	0.0	0.0	0.0	1.0	0.0	1.0	
View all categories	0	Not Dark Pattern	indian	Techjockey	landing	0.9289897502269888	json_element	0.0	0.0	0.0	0.0	0.0	1.0	
BABY BOTTOMWEAR	0	Not Dark Pattern	indian	pantaloons	landing	0.8683306295557556	json_element	1.0	1.0	0.0	0.0	0.0	1.0	
Well Being	0	Not Dark Pattern	indian	HealthKart	landing	0.8178626306450492	json_element	1.0	1.0	0.0	0.0	0.0	1.0	
Nykaa Tools & Accessories	0	Not Dark Pattern	indian	nykaa	landing	0.905098912427702	json_element	1.0	1.0	0.0	0.0	0.0	1.0	
India Loto ILP071 Multicolour Long Shackle Jacket Padlock with 3 Keys (Pack of 4	0	Not Dark Pattern	indian	Moglix	landing	0.8522477425753419	json_element	0.0	0.0	1.0	0.0	0.0	1.0	
TYPE	0	Not Dark Pattern	indian	FirstCry	product	0.832027194774079	txt_body				0.0			
Shorts & Three Fourth	0	Not Dark Pattern	indian	LimeRoad	landing	0.8065862645938279	json_element	1.0	1.0	0.0	0.0	0.0	1.0	
Prohance Products	0	Not Dark Pattern	indian	PharmEasy	landing	0.8315948966771027	json_element	1.0	1.0	0.0	0.0	0.0	1.0	
Ask a Question	0	Not Dark Pattern	indian	Techjockey	landing	0.8190672244623407	json_element	0.0	0.0	1.0	0.0	0.0	1.0	
Home Audio Systems	0	Not Dark Pattern	indian	snapdeal	product	0.828516327986744	json_element	1.0	1.0	0.0	0.0	0.0	1.0	
Shoes & Bags	0	Not Dark Pattern	indian	lifestyle	product	0.8443420444036323	json_element	0.0	0.0	0.0	0.0	0.0	1.0	
Skin & Hair Care Stack	0	Not Dark Pattern	indian	HealthKart	landing	0.8525652358496337	txt_body				0.0			
Tata 1mg uses Secure Sockets Layer (SSL) 128-bit encryption and is Payment Card Industry Data Security Standard (PCI DSS) compliant	0	Not Dark Pattern	indian	Tata 1mg	product	0.8500953963186275	txt_body				0.0			
The Stationery Shop Of Tehran	0	Not Dark Pattern	indian	amazon_in	cart	0.9165935728096666	txt_body				0.0			
Working towards a malnutrition free India. Feeding India...read more	0	Not Dark Pattern	indian	Blinkit	cart	0.809033716674018	txt_body				0.0			
(47 Reviews)	0	Not Dark Pattern	indian	Moglix	landing	0.8157400372517509	txt_body				0.0			
Air Fryers	0	Not Dark Pattern	indian	ajio	landing	0.8308420137299519	json_element	0.0	0.0	0.0	0.0	0.0	1.0	
White Self Design Regular Fit Shirt	0	Not Dark Pattern	indian	pantaloons	product	0.8195186880002715	txt_body				0.0			
Our average review rating on Google and on Social platforms	0	Not Dark Pattern	indian	spinny	landing	0.8136228463868612	txt_body				0.0			
formal shoes	0	Not Dark Pattern	indian	LimeRoad	landing	0.8042056700449919	json_element	1.0	1.0	0.0	0.0	0.0	1.0	
STORE NEAR ME	0	Not Dark Pattern	indian	The Souled Store	landing	0.8461189717680832	txt_body				0.0			
Select Payment Option	0	Not Dark Pattern	indian	Moglix	checkout	0.8233294923834529	txt_body				1.0			
MINI Cooper	0	Not Dark Pattern	indian	nykaa	landing	0.8009270933736166	json_element	1.0	1.0	0.0	0.0	0.0	1.0	
Billfold Men Wallet Bristel	0	Not Dark Pattern	indian	myntra	cart	0.8202505511122231	txt_body				0.0			
All Care for Specific Conditions	0	Not Dark Pattern	indian	PharmEasy	landing	0.8203614645340336	json_element	1.0	1.0	0.0	0.0	0.0	1.0	
Personal Info	0	Not Dark Pattern	indian	JioMart	settings	0.8389072557473061	txt_body				1.0			
Stunning Beauty and Wellness	0	Not Dark Pattern	indian	Shopsy	landing	0.8332187305279907	txt_body				0.0			
Women's Joggers	0	Not Dark Pattern	indian	Bewakoof	product	0.8420474916744316	json_element	0.0	0.0	0.0	0.0	0.0	1.0	
Wrinkles and Fine Lines	0	Not Dark Pattern	indian	nykaa	landing	0.9020954775174482	json_element	1.0	1.0	0.0	0.0	0.0	1.0	
By Varuna Gautam	0	Not Dark Pattern	indian	LimeRoad	landing	0.829879306540604	json_element	0.0	0.0	0.0	0.0	0.0	1.0	
"Delete Account
Delete your purplle account"	0	Not Dark Pattern	indian	Purplle	settings	0.8047505470510653	json_element	0.0	0.0	0.0	1.0	0.0	1.0	
"Shaving
                      Brushes"	0	Not Dark Pattern	indian	nykaa	landing	0.8236361867543094	json_element	1.0	1.0	0.0	0.0	0.0	1.0	
Baby Gear & Furniture	0	Not Dark Pattern	indian	DMart Ready	product	0.8329594242161935	json_element	0.0	0.0	1.0	0.0	0.0	1.0	
Hair & Skin Care	0	Not Dark Pattern	indian	HealthKart	landing	0.8588058069068448	json_element	1.0	1.0	0.0	0.0	0.0	1.0	
Shirts	0	Not Dark Pattern	indian	ajio	landing	0.8466190226752458	json_element	0.0	0.0	0.0	0.0	0.0	1.0	
Visit Our Store	0	Not Dark Pattern	indian	myntra	landing	0.8449562685046695	txt_body				0.0			
Men's Gold Earrings|	0	Not Dark Pattern	indian	bluestone	landing	0.8274816469941666	txt_body				0.0			
Computers & Accessories	0	Not Dark Pattern	indian	amazon_in	product	0.891539001623241	txt_body				0.0			
Oil and Gas	0	Not Dark Pattern	indian	Techjockey	settings	0.8563048712732366	json_element	1.0	1.0	0.0	1.0	0.0	1.0	
NY Bae Glow Face Powder with Rose & Honey | Soft Matte Finish | Controls Oil & Shine | Instant Fresh Glow | Lightweight, Feather-Light Texture | Brightens Dull Skin | Daily Setting Powder for All Skin Types – 30 gm	0	Not Dark Pattern	indian	Purplle	cart	0.8246656228373546	txt_body				0.0			
PUMA SoftRide Training Sports Shoes	0	Not Dark Pattern	indian	lifestyle	product	0.852471768135928	json_element	0.0	0.0	0.0	0.0	0.0	1.0	
Skin Care Products	0	Not Dark Pattern	indian	PharmEasy	landing	0.8488400518490355	json_element	1.0	1.0	0.0	0.0	0.0	1.0	
LATEST KIDS JEWELLERY	0	Not Dark Pattern	indian	bluestone	product	0.8016875606713378	json_element	1.0	1.0	0.0	0.0	0.0	1.0	
"Spider-Man: Crimson Fade
Oversized Shirts
₹ 1499"	0	Not Dark Pattern	indian	The Souled Store	product	0.8466190226752458	json_element	0.0	0.0	0.0	0.0	0.0	1.0	
Men Thread Rakhi	0	Not Dark Pattern	indian	myntra	cart	0.8202505511122231	txt_body				0.0			
Bluetooth Devices	0	Not Dark Pattern	indian	snapdeal	product	0.8261448658062739	json_element	1.0	1.0	0.0	0.0	0.0	1.0	
Health Monitoring	0	Not Dark Pattern	indian	boult	product	0.8015473788878191	txt_body				0.0			
Cross Polo	0	Not Dark Pattern	indian	spinny	product	0.8131659209691487	txt_body				0.0			
What’s New	0	Not Dark Pattern	indian	FabIndia	product	0.8712144161129101	txt_body				0.0			
SNDArt Engineered Wood Multicolor Piggy Bank ( Pack of 1 )	0	Not Dark Pattern	indian	snapdeal	landing	0.8481937893009843	txt_body				0.0			
Cricket Shoes	0	Not Dark Pattern	indian	myntra	landing	0.8339212378437332	json_element	0.0	0.0	0.0	0.0	0.0	1.0	
coffee makers	0	Not Dark Pattern	indian	flipkart	landing	0.8133061058946975	json_element	1.0	1.0	0.0	0.0	0.0	1.0	
Colgate Baby Toothpaste Tube Natural Fruit...	0	Not Dark Pattern	indian	FirstCry	cart	0.8535386297735844	txt_body				0.0			
"BDSQUARE Men Drop-Shoulder Sleeves T-shirt	Rs. 677"	0	Not Dark Pattern	indian	myntra	product	0.8150039658063196	txt_body				0.0			
EXPERIENCE THE SOULED STORE APP	0	Not Dark Pattern	indian	The Souled Store	landing	0.8484000918030957	txt_body				0.0			
Cigarette Smoking Filter - Nicofree	0	Not Dark Pattern	indian	Blinkit	settings	0.8108148648654903	txt_body				1.0			
Food and Beverages	0	Not Dark Pattern	indian	PharmEasy	landing	0.8629130269867243	json_element	1.0	1.0	0.0	0.0	0.0	1.0	
Choose products that mention lab testing and quality certifications.	0	Not Dark Pattern	indian	HealthKart	product	0.8721913512968038	txt_body				0.0			
Nightwear Sets	0	Not Dark Pattern	indian	pantaloons	landing	0.8025520730074565	json_element	1.0	1.0	0.0	0.0	0.0	1.0	
Clothing & Accessories	0	Not Dark Pattern	indian	amazon_in	product	0.9109837975235695	txt_body				0.0			
Hair Styling Products	0	Not Dark Pattern	indian	PharmEasy	landing	0.8677022419504472	json_element	1.0	1.0	0.0	0.0	0.0	1.0	
KIND Men Cotton Oversized Fit Printed T-Shirt ( White )	0	Not Dark Pattern	indian	snapdeal	product	0.845937658023055	txt_body				0.0			
TSS ACCOUNT	0	Not Dark Pattern	indian	The Souled Store	cancel_step	0.833421891047106	txt_body				1.0			
Deals Of The Day	0	Not Dark Pattern	indian	myntra	landing	0.8125897466304504	txt_body				0.0			
Angel Furniture Solid Sheesham Wood Semi Glossy Finish Brown Round Tripod End Ta	0	Not Dark Pattern	indian	Moglix	product	0.8105783153547778	json_element	0.0	0.0	0.0	0.0	0.0	1.0	
Caps & More	0	Not Dark Pattern	indian	FirstCry	product	0.8073250998351251	json_element	1.0	1.0	0.0	0.0	0.0	1.0	
TREND SKY Pack of 2 Polyester Regular Fit Men's T-Shirt ( Multicolor )	0	Not Dark Pattern	indian	snapdeal	product	0.8561695753264102	txt_body				0.0			
Mustang® Official Collab - Muscle Black Fury	0	Not Dark Pattern	indian	boult	landing	0.817546553815577	txt_body				0.0			
FCUK Fashion	0	Not Dark Pattern	indian	nykaa	landing	0.830383209074695	json_element	1.0	1.0	0.0	0.0	0.0	1.0	
Intelliskills Write And Wipe Book Alphabet -...	0	Not Dark Pattern	indian	FirstCry	checkout	0.8588534652850379	txt_body				1.0			
All Categories	0	Not Dark Pattern	indian	amazon_in	product	0.8874768286564929	txt_body				0.0			
Baby Clothing	0	Not Dark Pattern	indian	flipkart	landing	0.8985312184274976	json_element	1.0	1.0	0.0	0.0	0.0	1.0	
Kemajuan 2200W Glass Black & Silver Infrared Cooktop with Touch Control Panel, F	0	Not Dark Pattern	indian	Moglix	landing	0.8039647966278138	json_element	0.0	0.0	0.0	0.0	0.0	1.0	
Landmark Reward points	0	Not Dark Pattern	indian	lifestyle	cart	0.8254158898424967	txt_body				0.0			
Cancellation and Return	0	Not Dark Pattern	indian	Moglix	landing	0.8396053602140232	json_element	0.0	0.0	1.0	0.0	0.0	1.0	
Indivara by Muthoot	0	Not Dark Pattern	indian	nykaa	landing	0.829879306540604	json_element	1.0	1.0	0.0	0.0	0.0	1.0	
Baksons Brand Store	0	Not Dark Pattern	indian	PharmEasy	landing	0.8402729721601796	json_element	1.0	1.0	0.0	0.0	0.0	1.0	
Manage Profiles	0	Not Dark Pattern	indian	amazon_in	settings	0.8022107524462082	json_element	1.0	1.0	0.0	1.0	1.0	0.0	
SKINN by Titan	0	Not Dark Pattern	indian	Purplle	landing	0.829879306540604	json_element	1.0	1.0	0.0	0.0	0.0	1.0	
MAKEUP BY SITI	0	Not Dark Pattern	indian	nykaa	landing	0.829879306540604	json_element	1.0	1.0	0.0	0.0	0.0	1.0	
CLEAR	0	Not Dark Pattern	indian	licious	product	0.8072160138291746	txt_body				0.0			
All Sleep Support Supplements	0	Not Dark Pattern	indian	PharmEasy	landing	0.8471371542969041	json_element	1.0	1.0	0.0	0.0	0.0	1.0	
Sibling Collection	0	Not Dark Pattern	indian	FirstCry	product	0.859410422023783	json_element	1.0	1.0	0.0	0.0	0.0	1.0	
Performance	0	Not Dark Pattern	indian	HealthKart	landing	0.8009094356710181	json_element	1.0	1.0	0.0	0.0	0.0	1.0	
+Add New Address	0	Not Dark Pattern	indian	Clovia	payment	0.8035373794123056	json_element	1.0	1.0	0.0	1.0	1.0	0.0	
My Wishlist	0	Not Dark Pattern	indian	HealthKart	settings	0.869635263945345	json_element	0.0	0.0	0.0	1.0	0.0	1.0	
sport shoe men	0	Not Dark Pattern	indian	snapdeal	product	0.8202505511122231	json_element	1.0	1.0	0.0	0.0	0.0	1.0	
Womens Fragrances	0	Not Dark Pattern	indian	Netmeds	landing	0.8276593871700701	json_element	1.0	1.0	0.0	0.0	0.0	1.0	
Hoops and Huggies	0	Not Dark Pattern	indian	bluestone	product	0.9020954775174482	json_element	1.0	1.0	0.0	0.0	0.0	1.0	
Baby Powder	0	Not Dark Pattern	indian	nykaa	landing	0.8683306295557556	json_element	1.0	1.0	0.0	0.0	0.0	1.0	
"RiteBite Choco Delite Protein Bar
Packet of 1 bar
4.2
(174)
Get by Tomorrow
Orig"	0	Not Dark Pattern	indian	Tata 1mg	cart	0.8510628015446815	json_element	0.0	0.0	0.0	0.0	0.0	1.0	
Guide	0	Not Dark Pattern	indian	JioMart	settings	0.8146953272497949	json_element	0.0	0.0	0.0	1.0	0.0	1.0	
JK Steel JKPI001BN Steel Toe Work Safety Shoes, Size: 9	0	Not Dark Pattern	indian	Moglix	landing	0.83893937276628	json_element	0.0	0.0	1.0	0.0	0.0	1.0	
Baby	0	Not Dark Pattern	indian	amazon_in	product	0.8683306295557556	json_element	0.0	0.0	0.0	0.0	0.0	1.0	
All Large Appliances	0	Not Dark Pattern	indian	snapdeal	product	0.8417904999355683	json_element	1.0	1.0	0.0	0.0	0.0	1.0	
Flat (L x W): 229 cm x 275 cm	0	Not Dark Pattern	indian	flipkart	product	0.8176396670134762	txt_body				0.0			
Soaps & Body Wash	0	Not Dark Pattern	indian	FirstCry	product	0.8082859214350229	json_element	1.0	1.0	0.0	0.0	0.0	1.0	
Leather – A statement of sophistication and durability.	0	Not Dark Pattern	indian	myntra	product	0.8789255489957224	json_element	0.0	0.0	0.0	0.0	0.0	1.0	
Big screen, booming speakers and marathon-ready battery life	0	Not Dark Pattern	indian	myntra	landing	0.8329476418110717	txt_body				0.0			
All Immunity & Fever Care	0	Not Dark Pattern	indian	PharmEasy	landing	0.8786431127548298	json_element	1.0	1.0	0.0	0.0	0.0	1.0	
My Prescriptions	0	Not Dark Pattern	indian	Blinkit	cancel_step	0.869635263945345	json_element	0.0	0.0	0.0	1.0	0.0	1.0	
Mens Formal Shoes | Mens Slippers | Sneakers For Men | Men Sandals | Sports Shoes For Men | Womens Heels | Womens Slippers | Flip Flops For Men | Slides For Men | Boots For Men | Safety Shoes | Womens Sport Shoes | Women Footwear | Women Flats	0	Not Dark Pattern	indian	Shopsy	landing	0.8306449204877884	txt_body				0.0			
AUSHA 90dB ABS Smart Smoke Detector with Wi-Fi & Bluetooth Connectivity, Mobile App Notifications ...	0	Not Dark Pattern	indian	Moglix	landing	0.8290231610644677	txt_body				0.0			
Kid's Fashion	0	Not Dark Pattern	indian	snapdeal	product	0.830383209074695	json_element	1.0	1.0	0.0	0.0	0.0	1.0	
Bangles and Bracelets	0	Not Dark Pattern	indian	bluestone	product	0.8483211385842255	json_element	1.0	1.0	0.0	0.0	0.0	1.0	
4 new tyres	0	Not Dark Pattern	indian	spinny	product	0.8979326447184729	txt_body				0.0			
Hair	0	Not Dark Pattern	indian	Blinkit	landing	0.8537299390655018	json_element	0.0	0.0	0.0	0.0	0.0	1.0	
Vacuum weekly. Blot spills immediately with a damp cloth. Use mild soap for stubborn stains and let it air dry.	0	Not Dark Pattern	indian	myntra	product	0.8098966858717941	txt_body				0.0			
"School Management
Software"	0	Not Dark Pattern	indian	Techjockey	landing	0.8101108177389276	json_element	0.0	0.0	0.0	0.0	0.0	1.0	
Advanced Filters	0	Not Dark Pattern	indian	shoppers_stop	product	0.8229229076976428	txt_body				0.0			
HRX by Hrithik Roshan	0	Not Dark Pattern	indian	myntra	product	0.829879306540604	txt_body				0.0			
Caim by Arelang	0	Not Dark Pattern	indian	nykaa	landing	0.829879306540604	json_element	1.0	1.0	0.0	0.0	0.0	1.0	
Recent Review	0	Not Dark Pattern	indian	flipkart	product	0.8390279638367624	txt_body				0.0			
Healthy Living	0	Not Dark Pattern	indian	HealthKart	landing	0.8033132184618123	json_element	1.0	1.0	0.0	0.0	0.0	1.0	
Grey Melange	0	Not Dark Pattern	indian	snapdeal	product	0.8031669800491422	json_element	0.0	0.0	0.0	0.0	0.0	1.0	
Baby Perfumes & Cologne	0	Not Dark Pattern	indian	FirstCry	product	0.8683306295557556	json_element	1.0	1.0	0.0	0.0	0.0	1.0	
TBC - The Bath and Care	0	Not Dark Pattern	indian	nykaa	landing	0.8829355313148233	json_element	1.0	1.0	0.0	0.0	0.0	1.0	
Skin & Face	0	Not Dark Pattern	indian	Blinkit	landing	0.8220333317686305	json_element	0.0	0.0	0.0	0.0	0.0	1.0	
sandal men	0	Not Dark Pattern	indian	snapdeal	product	0.8202505511122231	json_element	1.0	1.0	0.0	0.0	0.0	1.0	
Body Scrubs & Exfoliants	0	Not Dark Pattern	indian	nykaa	landing	0.8082859214350229	json_element	1.0	1.0	0.0	0.0	0.0	1.0	
Likha by Nykaa Fashion	0	Not Dark Pattern	indian	nykaa	landing	0.8501464657404169	json_element	1.0	1.0	0.0	0.0	0.0	1.0	
Tube of 100 ml face wash	0	Not Dark Pattern	indian	Tata 1mg	cart	0.8271416591337883	txt_body				0.0			
Welcome, abc!	0	Not Dark Pattern	indian	pantaloons	settings	0.817207952053331	txt_body				1.0			
Face Serums	0	Not Dark Pattern	indian	FirstCry	product	0.8125236098643798	json_element	1.0	1.0	0.0	0.0	0.0	1.0	
My Account My Profile	0	Not Dark Pattern	indian	Techjockey	settings	0.880511533904285	txt_body				1.0			
Terms Of Use	0	Not Dark Pattern	indian	FabIndia	product	0.8809737507760942	json_element	0.0	0.0	0.0	0.0	0.0	1.0	
Escada Accessories	0	Not Dark Pattern	indian	nykaa	landing	0.891539001623241	json_element	1.0	1.0	0.0	0.0	0.0	1.0	
"Mom & Baby
                  Combos"	0	Not Dark Pattern	indian	nykaa	landing	0.8250422078143133	json_element	1.0	1.0	0.0	0.0	0.0	1.0	
#shirts	0	Not Dark Pattern	indian	LimeRoad	product	0.8466190226752458	json_element	0.0	0.0	0.0	0.0	0.0	1.0	
"Delivering to Rohin Hegde

E-401, Kanakia Paris Sales Office, F Block, Bkc, Band"	0	Not Dark Pattern	indian	amazon_in	checkout	0.8007079079128867	json_element	0.0	0.0	0.0	1.0	0.0	1.0	
Women Sunglasses	0	Not Dark Pattern	indian	shoppers_stop	landing	0.8420474916744316	json_element	0.0	0.0	1.0	0.0	0.0	1.0	
All Diseases	0	Not Dark Pattern	indian	Tata 1mg	product	0.9226349302968742	json_element	1.0	1.0	0.0	0.0	0.0	1.0	
"Venom: Pure Destruction
Holiday Shirts
₹ 1699"	0	Not Dark Pattern	indian	The Souled Store	product	0.8118092683771555	json_element	0.0	0.0	0.0	0.0	0.0	1.0	
Vitamin C Face Serum	0	Not Dark Pattern	indian	HealthKart	landing	0.8125236098643798	json_element	0.0	0.0	1.0	0.0	0.0	1.0	
Lifestyle Decor	0	Not Dark Pattern	indian	snapdeal	product	0.813865533710501	json_element	1.0	1.0	0.0	0.0	0.0	1.0	
Visit help center	0	Not Dark Pattern	indian	spinny	landing	0.8289106542221554	json_element	0.0	0.0	1.0	0.0	0.0	1.0	
SHOP BY CHARACTER	0	Not Dark Pattern	indian	FirstCry	product	0.8924850709942213	json_element	1.0	1.0	0.0	0.0	0.0	1.0	
Round Lab	0	Not Dark Pattern	indian	nykaa	landing	0.8162114495804399	json_element	1.0	1.0	0.0	0.0	0.0	1.0	
Good Vibes Berry Smooth Bright Foaming Cleanser | Infused With Strawberry Extrac	0	Not Dark Pattern	indian	Purplle	cart	0.8154491324142817	json_element	0.0	0.0	0.0	0.0	0.0	1.0	
"Men Cotton Blend Oversized Fit Printed T-Shirt ( Black )

Rs. 999
Rs. 234
77% Of"	0	Not Dark Pattern	indian	snapdeal	product	0.8435688008048541	json_element	0.0	0.0	0.0	0.0	0.0	1.0	
Loopa - Black Leather Men's Formal Belt ( Pack of 1 )	0	Not Dark Pattern	indian	snapdeal	landing	0.8314479401302121	txt_body				0.0			
NOVELTY GIFTS	0	Not Dark Pattern	indian	FirstCry	product	0.8373280554547529	json_element	1.0	1.0	0.0	0.0	0.0	1.0	
Love Earth Vitamin C And Glutathione Glow Sleeping Mask With Pure Vitamin C & Aloe Vera 50Gm	0	Not Dark Pattern	indian	PharmEasy	product	0.8496014660753725	txt_body				0.0			
Women:	0	Not Dark Pattern	indian	snapdeal	landing	0.8420474916744316	json_element	0.0	0.0	1.0	0.0	0.0	1.0	
Coffee Tables	0	Not Dark Pattern	indian	myntra	landing	0.8133061058946975	json_element	1.0	1.0	0.0	0.0	0.0	1.0	
Marmic Fab Men Self Design Formal White Shirt	0	Not Dark Pattern	indian	Shopsy	product	0.8239767241274398	txt_body				0.0			
EFG Store	0	Not Dark Pattern	indian	nykaa	landing	0.8461189717680832	json_element	1.0	1.0	0.0	0.0	0.0	1.0	
"New
                    Launches"	0	Not Dark Pattern	indian	nykaa	landing	0.8979326447184729	json_element	1.0	1.0	0.0	0.0	0.0	1.0	
Women's Cargo Pants	0	Not Dark Pattern	indian	Bewakoof	product	0.8089279731420511	json_element	0.0	0.0	0.0	0.0	0.0	1.0	
What Are The Health Benefits of Whey Protein Concentrate?	0	Not Dark Pattern	indian	HealthKart	product	0.8026028186832967	txt_body				0.0			
Bath Tubs & Bathers	0	Not Dark Pattern	indian	FirstCry	product	0.8254199075808023	json_element	1.0	1.0	0.0	0.0	0.0	1.0	
"Search ""premium bestsellers"""	0	Not Dark Pattern	indian	Lenskart	product	0.8472070359123456	txt_body				0.0			
All Homeopathic Medicine	0	Not Dark Pattern	indian	PharmEasy	landing	0.9226349302968742	json_element	1.0	1.0	0.0	0.0	0.0	1.0	
Baby Hygiene	0	Not Dark Pattern	indian	nykaa	landing	0.8683306295557556	json_element	1.0	1.0	0.0	0.0	0.0	1.0	
THE GIFT SHOP	0	Not Dark Pattern	indian	westside	landing	0.8594936133514197	json_element	0.0	0.0	0.0	0.0	1.0	0.0	
Click here	0	Not Dark Pattern	indian	amazon_in	checkout	0.8128692592882615	json_element	1.0	1.0	0.0	1.0	0.0	1.0	
Safety One 4kg ABC Powder Type Fire Extinguisher with Wall Mount Hook ...	0	Not Dark Pattern	indian	Moglix	landing	0.8164050963255686	json_element	0.0	0.0	1.0	0.0	0.0	1.0	
WOMEN'S FOOTWEAR	0	Not Dark Pattern	indian	ajio	landing	0.8448908054303612	txt_body				0.0			
All Pet Supplements	0	Not Dark Pattern	indian	PharmEasy	landing	0.9226349302968742	json_element	1.0	1.0	0.0	0.0	0.0	1.0	
● Office Furniture	0	Not Dark Pattern	indian	myntra	landing	0.8152741288915003	txt_body				0.0			
Q. What’s the process for booking my car?	0	Not Dark Pattern	indian	spinny	landing	0.8058407706072697	json_element	0.0	0.0	1.0	0.0	1.0	0.0	
Travel Bags, Kits & Organisers	0	Not Dark Pattern	indian	FirstCry	product	0.8010308906461842	json_element	1.0	1.0	0.0	0.0	0.0	1.0	
I agree to all the terms and conditions*	0	Not Dark Pattern	indian	myntra	cancel_step	0.8590880051510961	txt_body				1.0			
"Eyebogler Grey Polyester Regular Fit Men's Sports T-Shirt ( Pack of 1 )

Rs. 1,2"	0	Not Dark Pattern	indian	snapdeal	product	0.8645714486213935	json_element	0.0	0.0	0.0	0.0	0.0	1.0	
Fees and Payments	0	Not Dark Pattern	indian	urbanladder	landing	0.8057357787716273	json_element	1.0	1.0	0.0	0.0	0.0	1.0	
Delete Account	0	Not Dark Pattern	indian	LimeRoad	settings	0.8227294913742297	json_element	0.0	0.0	0.0	1.0	0.0	1.0	
Satin Shirt: State Of Mind	0	Not Dark Pattern	indian	The Souled Store	product	0.8622155812467512	txt_body				0.0			
Sports T-Shirts	0	Not Dark Pattern	indian	pantaloons	landing	0.8694470583763575	json_element	1.0	1.0	0.0	0.0	0.0	1.0	
HOUSE OF WEBHIN	0	Not Dark Pattern	indian	nykaa	landing	0.8587836492041244	json_element	1.0	1.0	0.0	0.0	0.0	1.0	
Classic Filter Tips & Rolling Paper (King Size) - Raw	0	Not Dark Pattern	indian	Blinkit	landing	0.8032855867220745	txt_body				0.0			
Waddle and Roo	0	Not Dark Pattern	indian	nykaa	landing	0.9020954775174482	json_element	1.0	1.0	0.0	0.0	0.0	1.0	
Browse All Medicines	0	Not Dark Pattern	indian	PharmEasy	landing	0.8822825925303788	json_element	0.0	0.0	1.0	0.0	0.0	1.0	
LOAD MORE	0	Not Dark Pattern	indian	pantaloons	product	0.8073250998351251	txt_body				0.0			
Men's Crew Neck T-shirts	0	Not Dark Pattern	indian	Bewakoof	product	0.8630828653953921	json_element	0.0	0.0	0.0	0.0	0.0	1.0	
Select Payment Method	0	Not Dark Pattern	indian	Blinkit	checkout	0.8233294923834529	txt_body				1.0			
Clicktech Business	0	Not Dark Pattern	indian	amazon_in	product	0.8225178371966181	json_element	1.0	1.0	0.0	0.0	0.0	1.0	
Livon Hair Gain	0	Not Dark Pattern	indian	Purplle	landing	0.8537299390655018	json_element	1.0	1.0	0.0	0.0	0.0	1.0	
RSVP By Nykaa Fashion	0	Not Dark Pattern	indian	nykaa	landing	0.8501464657404169	json_element	1.0	1.0	0.0	0.0	0.0	1.0	
Ashwagandha: Reduce the levels of your stress with the help of ashwagandha capsule, which is known for its stress relieving properties.	0	Not Dark Pattern	indian	HealthKart	landing	0.8120355566201607	txt_body				0.0			
Modes of payment	0	Not Dark Pattern	indian	FabIndia	payment	0.8819015657667874	txt_body				1.0			
Baby Skincare	0	Not Dark Pattern	indian	FirstCry	product	0.8683306295557556	json_element	1.0	1.0	0.0	0.0	0.0	1.0	
Best of Makeup Kits & Combos	0	Not Dark Pattern	indian	nykaa	landing	0.8547212045246115	json_element	1.0	1.0	0.0	0.0	0.0	1.0	
Diaper Bins & Disposable Bags	0	Not Dark Pattern	indian	FirstCry	product	0.8184579232162287	json_element	1.0	1.0	0.0	0.0	0.0	1.0	
ARICK DECOR	0	Not Dark Pattern	indian	nykaa	landing	0.8067363916947177	json_element	1.0	1.0	0.0	0.0	0.0	1.0	
My Consultations	0	Not Dark Pattern	indian	Tata 1mg	product	0.869635263945345	json_element	1.0	1.0	0.0	0.0	0.0	1.0	
Q4. Can whey gym protein powder help with weight management?	0	Not Dark Pattern	indian	HealthKart	product	0.8505018260930657	txt_body				0.0			
Girls Jeans	0	Not Dark Pattern	indian	snapdeal	product	0.8143390462607162	json_element	1.0	1.0	0.0	0.0	0.0	1.0	
SELECT A PAYMENT METHOD:	0	Not Dark Pattern	indian	freshtohome	cart	0.8233294923834529	txt_body				0.0			
Viari Accessories	0	Not Dark Pattern	indian	nykaa	landing	0.891539001623241	json_element	1.0	1.0	0.0	0.0	0.0	1.0	
Vulnerability Disclosure Policy	0	Not Dark Pattern	indian	PharmEasy	landing	0.8303471754032551	json_element	0.0	0.0	1.0	0.0	0.0	1.0	
Cooper S	0	Not Dark Pattern	indian	spinny	product	0.8009270933736166	txt_body				0.0			
Green Soul,	0	Not Dark Pattern	indian	myntra	landing	0.8047109896005211	json_element	0.0	0.0	1.0	0.0	0.0	1.0	
MuscleBlaze Biozyme Performance Whey- 4.4 lb Kesar Thandai	0	Not Dark Pattern	indian	HealthKart	product	0.8009094356710181	json_element	0.0	0.0	0.0	0.0	0.0	1.0	
Home > My Account > My Profile	0	Not Dark Pattern	indian	FirstCry	cancel_step	0.8888492279678126	txt_body				1.0			
Utsa Blue Paisley Printed Cotton Tunic	0	Not Dark Pattern	indian	westside	product	0.8100485047889703	json_element	0.0	0.0	0.0	0.0	0.0	1.0	
REDMI Turbo 5 (8GB + 256GB) Turbo White | MediaTek Dimensity 8500 Ultra | Mega 7	0	Not Dark Pattern	indian	amazon_in	product	0.8095287327604117	json_element	0.0	0.0	0.0	0.0	0.0	1.0	
Chicken Leg With Thigh - Pack of 3	0	Not Dark Pattern	indian	licious	product	0.8642668152168571	txt_body				0.0			
Lead Product Manager	0	Not Dark Pattern	indian	Techjockey	landing	0.8091618835864216	txt_body				0.0			
"Cotton Linen: Soft Pink
Cotton Linen Shirts
₹ 1599"	0	Not Dark Pattern	indian	The Souled Store	product	0.8225981732469293	json_element	0.0	0.0	0.0	0.0	0.0	1.0	
Shop By Category - On Sale	0	Not Dark Pattern	indian	myntra	product	0.8025729739180952	txt_body				0.0			
"Bestsellers
4.7
Mustang® Official Collab Turbo Black GT | Prebook Pass
Prebook @"	0	Not Dark Pattern	indian	boult	landing	0.817546553815577	json_element	0.0	0.0	0.0	0.0	0.0	1.0	
"Weight Loss
2"	0	Not Dark Pattern	indian	HealthKart	product	0.8012598855124003	json_element	0.0	0.0	0.0	0.0	0.0	1.0	
Touch And Feel Farm Wild Animals Board Books...	0	Not Dark Pattern	indian	FirstCry	cart	0.8015056596597183	txt_body				0.0			
BOYS BAGS AND BACKPACKS	0	Not Dark Pattern	indian	pantaloons	landing	0.8773845503633209	json_element	1.0	1.0	0.0	0.0	0.0	1.0	
the White Moss	0	Not Dark Pattern	indian	nykaa	landing	0.8102354850607203	json_element	1.0	1.0	0.0	0.0	0.0	1.0	
View all your reviews.	0	Not Dark Pattern	indian	lifestyle	settings	0.9103723896125533	txt_body				1.0			
SLATE BLUE LINEN GOLD BUTTON TOP	0	Not Dark Pattern	indian	TheLabelLife	product	0.811674774405452	json_element	1.0	1.0	0.0	0.0	0.0	1.0	
Boys Topwear	0	Not Dark Pattern	indian	pantaloons	product	0.8214098038615054	json_element	1.0	1.0	0.0	0.0	0.0	1.0	
BUTTER YELLOW SIDE RUCHED TOP	0	Not Dark Pattern	indian	TheLabelLife	product	0.8096774761692234	json_element	1.0	1.0	0.0	0.0	0.0	1.0	
Wallets	0	Not Dark Pattern	indian	ajio	landing	0.8087665059368967	json_element	0.0	0.0	0.0	0.0	0.0	1.0	
Hair Care & Styling	0	Not Dark Pattern	indian	FirstCry	product	0.8491749594017031	json_element	1.0	1.0	0.0	0.0	0.0	1.0	
Personal Care Appliances	0	Not Dark Pattern	indian	DMart Ready	product	0.821771739275764	json_element	0.0	0.0	1.0	0.0	0.0	1.0	
Page 1 of 436	0	Not Dark Pattern	indian	flipkart	product	0.8724682780770419	txt_body				0.0			
Read more	0	Not Dark Pattern	indian	boult	cart	0.867782176994235	json_element	1.0	1.0	0.0	0.0	0.0	1.0	
By DCanape	0	Not Dark Pattern	indian	pepperfry	product	0.829879306540604	txt_body				0.0			
Men's Hoodies & Sweatshirts	0	Not Dark Pattern	indian	Bewakoof	product	0.8202505511122231	json_element	0.0	0.0	0.0	0.0	0.0	1.0	
Unisex Set of 2 Rakhis	0	Not Dark Pattern	indian	myntra	cart	0.8626018542437093	txt_body				0.0			
Jar of 250 gm paste	0	Not Dark Pattern	indian	Tata 1mg	cart	0.89821305945525	txt_body				0.0			
Boys Innerwear And Sleepwear	0	Not Dark Pattern	indian	pantaloons	product	0.8781805391778136	json_element	1.0	1.0	0.0	0.0	0.0	1.0	
Ladwa 750mm Red & Black PVC Traffic Safety Cone with 6m Chain & 6 Hooks (Pack of 6) ...	0	Not Dark Pattern	indian	Moglix	landing	0.8379938335873531	txt_body				0.0			
● Payment	0	Not Dark Pattern	indian	myntra	landing	0.8221785757612646	txt_body				0.0			
Women Accessories	0	Not Dark Pattern	indian	lifestyle	landing	0.8969499863924085	json_element	0.0	0.0	1.0	0.0	0.0	1.0	
Chupa Chups Sour Bites Mixed Fruit Sour Candy	0	Not Dark Pattern	indian	Blinkit	landing	0.8303584453539745	txt_body				0.0			
Party Wear (374)	0	Not Dark Pattern	indian	FirstCry	product	0.820335565569583	json_element	0.0	0.0	0.0	0.0	0.0	1.0	
Back & Abdomen Support	0	Not Dark Pattern	indian	Tata 1mg	product	0.8014983935958786	json_element	1.0	1.0	0.0	0.0	0.0	1.0	
Account Linking	0	Not Dark Pattern	indian	amazon_in	settings	0.833421891047106	json_element	0.0	0.0	0.0	1.0	0.0	1.0	
Cute Walk by Babyhug Velcro Closure Checked Musical Shoes With Animal...	0	Not Dark Pattern	indian	FirstCry	product	0.8362461623226978	json_element	0.0	0.0	0.0	0.0	0.0	1.0	
TOP BRANDS	0	Not Dark Pattern	indian	FirstCry	product	0.8286023021298972	json_element	1.0	1.0	0.0	0.0	0.0	1.0	
Footlocker Shoe Care	0	Not Dark Pattern	indian	nykaa	landing	0.8264863837642831	json_element	1.0	1.0	0.0	0.0	0.0	1.0	
Toggle navigation	0	Not Dark Pattern	indian	Clovia	checkout	0.8078611179836506	json_element	1.0	1.0	0.0	1.0	1.0	0.0	
GIFTS	0	Not Dark Pattern	indian	bluestone	cart	0.8373280554547529	txt_body				0.0			
Sarees | Women Dresses | Womens Top | Women Kurtas | Bra | T-Shirts For Women | Women Jeans | Jumpsuits For Women | Blouses | Jackets For Women | Lehenga Cholis | Shirts For Women | Nightdress For Womens | Women SweatShirts | Womens Trousers | Skirts | Shrugs For Women | Dupattas | Petticoats | Women Panties	0	Not Dark Pattern	indian	Shopsy	landing	0.825280163382716	txt_body				0.0			
Privacy Policy	0	Not Dark Pattern	indian	Bewakoof	product	0.8550736560195205	json_element	0.0	0.0	0.0	0.0	0.0	1.0	
UG Fashion	0	Not Dark Pattern	indian	LimeRoad	landing	0.830383209074695	json_element	1.0	1.0	0.0	0.0	0.0	1.0	
BABY FURNITURE	0	Not Dark Pattern	indian	FirstCry	product	0.8683306295557556	json_element	1.0	1.0	0.0	0.0	0.0	1.0	
Straighteners and Flat Irons	0	Not Dark Pattern	indian	shoppers_stop	landing	0.8588751485793388	json_element	0.0	0.0	1.0	0.0	0.0	1.0	
TIGERSNAKE Men Floral Print Casual Multicolor Shirt	0	Not Dark Pattern	indian	Shopsy	product	0.8556995487463699	txt_body				0.0			
Select Delivery Location	0	Not Dark Pattern	indian	FirstCry	cart	0.8372701466593468	txt_body				0.0			
Summer Caps & More	0	Not Dark Pattern	indian	FirstCry	product	0.8417075111700183	json_element	1.0	1.0	0.0	0.0	0.0	1.0	
Cotton Night Dress	0	Not Dark Pattern	indian	Clovia	landing	0.8094591471860929	json_element	0.0	0.0	0.0	0.0	0.0	1.0	
Juicy Couture Accessories	0	Not Dark Pattern	indian	nykaa	landing	0.8338748559124334	json_element	1.0	1.0	0.0	0.0	0.0	1.0	
All Diapers & Accessories	0	Not Dark Pattern	indian	PharmEasy	landing	0.937033352128582	json_element	1.0	1.0	0.0	0.0	0.0	1.0	
Home   Office   Other	0	Not Dark Pattern	indian	FirstCry	cart	0.8004107663712137	txt_body				0.0			
Search	0	Not Dark Pattern	indian	amazon_in	product	0.8472070359123456	txt_body				0.0			
Home Decor	0	Not Dark Pattern	indian	FirstCry	product	0.8344583179754759	json_element	1.0	1.0	0.0	0.0	0.0	1.0	
Diaper Pails & Disposable Bags	0	Not Dark Pattern	indian	FirstCry	product	0.8184579232162287	json_element	1.0	1.0	0.0	0.0	0.0	1.0	
More Banks	0	Not Dark Pattern	indian	Purplle	payment	0.8073250998351251	txt_body				1.0			
Men's Diamond Earrings|	0	Not Dark Pattern	indian	bluestone	landing	0.8365128151396009	txt_body				0.0			
Carmesi Women's Face Hair Removal Combo | Pack of 1 Face Razor & 1 Eyebrow Razor | Instant & Painless Hair Removal | Eyebrows, Upper Lip, Peach Fuzz, Sideburn, Forehead	0	Not Dark Pattern	indian	Purplle	cart	0.875345359558543	txt_body				0.0			
Mother Care Products	0	Not Dark Pattern	indian	PharmEasy	landing	0.8458354735464634	json_element	1.0	1.0	0.0	0.0	0.0	1.0	
Office Wear	0	Not Dark Pattern	indian	bluestone	product	0.8324471508834501	json_element	1.0	1.0	0.0	0.0	0.0	1.0	
5. Supports Overall Health and Immunity	0	Not Dark Pattern	indian	HealthKart	product	0.8465676104502285	txt_body				0.0			
Select Assembly Service	0	Not Dark Pattern	indian	FirstCry	cart	0.8023727694693793	txt_body				0.0			
The Woman's Company	0	Not Dark Pattern	indian	Purplle	landing	0.809308717420738	json_element	1.0	1.0	0.0	0.0	0.0	1.0	
Men's Diamond Rings|	0	Not Dark Pattern	indian	bluestone	landing	0.8348312033074192	txt_body				0.0			
See all buying options	0	Not Dark Pattern	indian	amazon_in	cart	0.8262409135504011	json_element	0.0	0.0	0.0	0.0	0.0	1.0	
ED Hardy Fashion	0	Not Dark Pattern	indian	nykaa	landing	0.830383209074695	json_element	1.0	1.0	0.0	0.0	0.0	1.0	
Includes: Number of Bedsheets: 1	0	Not Dark Pattern	indian	flipkart	product	0.8334188538334353	txt_body				0.0			
"Sports shoes &
                    Sneakers"	0	Not Dark Pattern	indian	nykaa	landing	0.8621133278458523	json_element	1.0	1.0	0.0	0.0	0.0	1.0	
Body Fat Analysers	0	Not Dark Pattern	indian	snapdeal	product	0.8082859214350229	json_element	1.0	1.0	0.0	0.0	0.0	1.0	
State Bank of Patiala	0	Not Dark Pattern	indian	amazon_in	checkout	0.8583504963111845	txt_body				1.0			
Nike Men Blue Polo Collar T-shirt	0	Not Dark Pattern	indian	myntra	product	0.8220004109403327	txt_body				0.0			
Mode By Red Tape	0	Not Dark Pattern	indian	nykaa	landing	0.8114965260406469	json_element	1.0	1.0	0.0	0.0	0.0	1.0	
Storage & Laundry Bags	0	Not Dark Pattern	indian	FirstCry	product	0.8342499566341538	json_element	1.0	1.0	0.0	0.0	0.0	1.0	
Health Specific	0	Not Dark Pattern	indian	Netmeds	landing	0.8015473788878191	json_element	1.0	1.0	0.0	0.0	0.0	1.0	
Apply More Coupons/Gift Cards	0	Not Dark Pattern	indian	Bewakoof	cart	0.8041610172787408	txt_body				0.0			
Ordering and shopping preferences	0	Not Dark Pattern	indian	amazon_in	settings	0.8425770191003857	txt_body				1.0			
Earn Fabcoins as you shop and use them	0	Not Dark Pattern	indian	FabIndia	settings	0.8763650150140243	txt_body				1.0			
Men's Jewellery	0	Not Dark Pattern	indian	bluestone	landing	0.8202505511122231	json_element	0.0	0.0	0.0	0.0	0.0	1.0	
T Shirts	0	Not Dark Pattern	indian	myntra	product	0.8466190226752458	json_element	0.0	0.0	1.0	0.0	0.0	1.0	
Beige Cotton Hand Block Printed Knee Length Kurta	0	Not Dark Pattern	indian	FabIndia	product	0.815579700244768	json_element	0.0	0.0	0.0	0.0	0.0	1.0	
Baby Bedding Sets & Pillows	0	Not Dark Pattern	indian	FirstCry	product	0.8078702548558335	json_element	1.0	1.0	0.0	0.0	0.0	1.0	
#1 Best Seller	0	Not Dark Pattern	indian	amazon_in	cart	0.8123208212444165	json_element	1.0	1.0	0.0	0.0	0.0	1.0	
Balwaan Krishi S-1 4L Plastic White Agricultural Single Barrel Manual Seeder MTAK-MA-HA-5309 ...	0	Not Dark Pattern	indian	Moglix	landing	0.8095287327604117	txt_body				0.0			
UL Store Kirtinagar	0	Not Dark Pattern	indian	urbanladder	landing	0.8461189717680832	json_element	0.0	0.0	0.0	0.0	0.0	1.0	
Country Chicken Curry Cut	0	Not Dark Pattern	indian	licious	product	0.8108493567789747	txt_body				0.0			
Body Care Products	0	Not Dark Pattern	indian	PharmEasy	landing	0.8520601556683787	json_element	1.0	1.0	0.0	0.0	0.0	1.0	
Delivery Details	0	Not Dark Pattern	indian	bluestone	payment	0.8201362287619114	txt_body				1.0			
From your My Account Dashboard you have the ability to view a snapshot of your recent account activity and update your account information. Select a link below to view or edit information.	0	Not Dark Pattern	indian	freshtohome	settings	0.8106841208662863	txt_body				1.0			
Bank of India	0	Not Dark Pattern	indian	amazon_in	checkout	0.8491015950954152	txt_body				1.0			
"Shop
                    By Hair Type"	0	Not Dark Pattern	indian	nykaa	landing	0.905693195407073	json_element	1.0	1.0	0.0	0.0	0.0	1.0	
"Auzaai Collection Men Printed Casual Multicolor Shirt
84% off
999
₹152
3.9
(881)"	0	Not Dark Pattern	indian	Shopsy	product	0.8087571604173526	json_element	0.0	0.0	0.0	0.0	0.0	1.0	
"RUBAL FASHION Men Polyester Regular Fit Striped Polo T Shirt ( Multicolor )

Rs."	0	Not Dark Pattern	indian	snapdeal	product	0.8298972194264544	json_element	0.0	0.0	0.0	0.0	0.0	1.0	
BLACK DOUBLE BELTED DRESS	0	Not Dark Pattern	indian	TheLabelLife	cart	0.8166232310523448	json_element	0.0	0.0	0.0	0.0	0.0	1.0	
Triva Remix Pro750 500W Stainless Steel Sky Blue Copper Armature Motor Mixer Grinder with 3 Jars, TRVMIXI063 ...	0	Not Dark Pattern	indian	Moglix	landing	0.8049549430715666	txt_body				0.0			
Tools and Accessories	0	Not Dark Pattern	indian	shoppers_stop	landing	0.91004165447668	json_element	0.0	0.0	1.0	0.0	0.0	1.0	
NY Bae Banana Loose Powder (5.8 gm) | Yellow | Matte Finish | Almond, Jojoba & Sunflower Oils | Makeup Setting Powder | Long Lasting	0	Not Dark Pattern	indian	Purplle	cart	0.8135091053159245	txt_body				0.0			
HOME & KITCHEN	0	Not Dark Pattern	indian	ajio	landing	0.8182298408287874	txt_body				0.0			
Baby Bath Tubs	0	Not Dark Pattern	indian	FirstCry	product	0.8723071622860602	json_element	1.0	1.0	0.0	0.0	0.0	1.0	
Baby Moo (44)	0	Not Dark Pattern	indian	FirstCry	product	0.8161882659174142	json_element	0.0	0.0	0.0	0.0	0.0	1.0	
Philips Accessories	0	Not Dark Pattern	indian	nykaa	landing	0.891539001623241	json_element	1.0	1.0	0.0	0.0	0.0	1.0	
Kindle Store	0	Not Dark Pattern	indian	amazon_in	product	0.8461189717680832	txt_body				0.0			
Realme C71 (128GB,Obsidian Black)	0	Not Dark Pattern	indian	flipkart	landing	0.806514921322065	json_element	1.0	1.0	0.0	0.0	0.0	1.0	
Share Again	0	Not Dark Pattern	indian	bluestone	cart	0.8590945204944196	json_element	1.0	1.0	0.0	0.0	0.0	1.0	
Newest First	0	Not Dark Pattern	indian	flipkart	product	0.8035551449764806	txt_body				0.0			
Selected	0	Not Dark Pattern	indian	myntra	product	0.8048454103912709	json_element	0.0	0.0	1.0	0.0	0.0	1.0	
Feeding Nursing	0	Not Dark Pattern	indian	ajio	landing	0.8176880783189651	json_element	0.0	0.0	0.0	0.0	0.0	1.0	
Mother and Baby Care	0	Not Dark Pattern	indian	PharmEasy	landing	0.8968612053738624	json_element	1.0	1.0	0.0	0.0	0.0	1.0	
Sports Modes	0	Not Dark Pattern	indian	boult	cart	0.8432322810150148	txt_body				0.0			
men printed long sleeve regular fit casual shirt	0	Not Dark Pattern	indian	LimeRoad	cart	0.8727505883348579	txt_body				0.0			
"!
Search ""milk""
Search ""bread"""	0	Not Dark Pattern	indian	Blinkit	settings	0.8472070359123456	json_element	0.0	0.0	0.0	1.0	0.0	1.0	
YtwoDesigns_1 Men Cotton Blend Oversized Fit Self Design T-Shirt ( Black )	0	Not Dark Pattern	indian	snapdeal	product	0.8295359018044373	txt_body				0.0			
Diamond Mangalsutras	0	Not Dark Pattern	indian	bluestone	landing	0.8149733379361532	json_element	0.0	0.0	1.0	0.0	0.0	1.0	
Hair Removal Tools	0	Not Dark Pattern	indian	nykaa	landing	0.8837788599363344	json_element	1.0	1.0	0.0	0.0	0.0	1.0	
Neck Creams	0	Not Dark Pattern	indian	nykaa	landing	0.8336614730486098	json_element	1.0	1.0	0.0	0.0	0.0	1.0	
Home Décor	0	Not Dark Pattern	indian	snapdeal	product	0.828516327986744	json_element	1.0	1.0	0.0	0.0	0.0	1.0	
Change country/region	0	Not Dark Pattern	indian	amazon_in	settings	0.8193627952160226	json_element	1.0	1.0	0.0	1.0	0.0	1.0	
Fresh White Eggs	0	Not Dark Pattern	indian	Zepto	cart	0.8030869331649406	txt_body				0.0			
The Body Care	0	Not Dark Pattern	indian	nykaa	landing	0.8334112903130333	json_element	1.0	1.0	0.0	0.0	0.0	1.0	
Black	0	Not Dark Pattern	indian	Bewakoof	product	0.806514921322065	txt_body				0.0			
Bathroom Storage	0	Not Dark Pattern	indian	nykaa	landing	0.8119587324184676	json_element	1.0	1.0	0.0	0.0	0.0	1.0	
Industrial Tools	0	Not Dark Pattern	indian	Moglix	landing	0.8403277778613562	txt_body				0.0			
TSS Originals: Tennis Green	0	Not Dark Pattern	indian	The Souled Store	product	0.8047109896005211	txt_body				0.0			
Boys Sea Shell Printed Shirt	0	Not Dark Pattern	indian	max_fashion	product	0.8515722277363389	json_element	0.0	0.0	0.0	0.0	0.0	1.0	
Boys	0	Not Dark Pattern	indian	lifestyle	landing	0.8214098038615054	json_element	0.0	0.0	1.0	0.0	0.0	1.0	
F Type	0	Not Dark Pattern	indian	spinny	product	0.832027194774079	txt_body				0.0			
ALL JEWELLERY	0	Not Dark Pattern	indian	bluestone	cart	0.9226349302968742	json_element	0.0	0.0	0.0	0.0	0.0	1.0	
Electronics & Accessories:	0	Not Dark Pattern	indian	Shopsy	landing	0.891539001623241	txt_body				0.0			
View Details	0	Not Dark Pattern	indian	bluestone	payment	0.8634061682050317	txt_body				1.0			
NAVY KNIT SLIT SLEEVE TOP	0	Not Dark Pattern	indian	TheLabelLife	product	0.8270789286412241	json_element	1.0	1.0	0.0	0.0	0.0	1.0	
Tools	0	Not Dark Pattern	indian	Techjockey	settings	0.8594336369111578	txt_body				1.0			
HELP CENTER	0	Not Dark Pattern	indian	snapdeal	product	0.839252071289923	txt_body				0.0			
Explore All	0	Not Dark Pattern	indian	JioMart	landing	0.868870083023899	json_element	0.0	0.0	0.0	0.0	0.0	1.0	
Spa by Clarins	0	Not Dark Pattern	indian	nykaa	landing	0.829879306540604	json_element	1.0	1.0	0.0	0.0	0.0	1.0	
| See All	0	Not Dark Pattern	indian	FirstCry	product	0.861910243249441	json_element	1.0	1.0	0.0	0.0	0.0	1.0	
MATERNITY SUPPORT ACCESSORIES	0	Not Dark Pattern	indian	FirstCry	product	0.8321432867924649	json_element	1.0	1.0	0.0	0.0	0.0	1.0	
TEAL SATIN RUCHED TOP	0	Not Dark Pattern	indian	TheLabelLife	product	0.8096774761692234	json_element	1.0	1.0	0.0	0.0	0.0	1.0	
home decor	0	Not Dark Pattern	indian	LimeRoad	landing	0.8344583179754759	json_element	1.0	1.0	0.0	0.0	0.0	1.0	
Men's Printed T-shirts	0	Not Dark Pattern	indian	Bewakoof	product	0.8688504227583871	json_element	0.0	0.0	0.0	0.0	0.0	1.0	
All Oral Contraceptives	0	Not Dark Pattern	indian	PharmEasy	landing	0.9226349302968742	json_element	1.0	1.0	0.0	0.0	0.0	1.0	
Body Sunscreen	0	Not Dark Pattern	indian	nykaa	landing	0.8082859214350229	json_element	1.0	1.0	0.0	0.0	0.0	1.0	
Cute Walk by Babyhug Velcro Closure Musical Sandal With Stripes - Blue	0	Not Dark Pattern	indian	FirstCry	product	0.832665613707426	json_element	0.0	0.0	0.0	0.0	0.0	1.0	
Data Encryption	0	Not Dark Pattern	indian	Techjockey	product	0.8072820378170742	txt_body				0.0			
Upcoming	0	Not Dark Pattern	indian	spinny	product	0.8021503057466224	txt_body				0.0			
Ethnic and Contemporary Styles for Women	0	Not Dark Pattern	indian	ajio	landing	0.825212348213229	txt_body				0.0			
Product	0	Not Dark Pattern	indian	DMart Ready	checkout	0.8091618835864216	txt_body				1.0			
Hair Fall & Thinning	0	Not Dark Pattern	indian	nykaa	landing	0.8286597115677193	json_element	1.0	1.0	0.0	0.0	0.0	1.0	
Bean Bags	0	Not Dark Pattern	indian	myntra	landing	0.8171913423787497	json_element	1.0	1.0	0.0	0.0	0.0	1.0	
Disposable Mats	0	Not Dark Pattern	indian	FirstCry	product	0.8129892885750925	json_element	1.0	1.0	0.0	0.0	0.0	1.0	
Body Massager	0	Not Dark Pattern	indian	PharmEasy	landing	0.8082859214350229	json_element	1.0	1.0	0.0	0.0	0.0	1.0	
How do I delete my account?	0	Not Dark Pattern	indian	Zepto	cancel_step	0.8339637511114586	txt_body				1.0			
BOYS INNERWEAR AND SLEEPWEAR	0	Not Dark Pattern	indian	pantaloons	landing	0.8781805391778136	json_element	1.0	1.0	0.0	0.0	0.0	1.0	
All Skin Care Products	0	Not Dark Pattern	indian	PharmEasy	landing	0.8920138511268444	json_element	1.0	1.0	0.0	0.0	0.0	1.0	
Bold Care	0	Not Dark Pattern	indian	nykaa	landing	0.8264863837642831	json_element	1.0	1.0	0.0	0.0	0.0	1.0	
Everherb Men's Formula - Blend Of Powerful Herb-Increase Sperm Count - Bottle Of	0	Not Dark Pattern	indian	PharmEasy	cart	0.8778985987220005	json_element	0.0	0.0	0.0	0.0	0.0	1.0	
terms and conditions	0	Not Dark Pattern	indian	Tata 1mg	cart	0.8530555770869717	json_element	0.0	0.0	0.0	0.0	0.0	1.0	
All Whey Protein	0	Not Dark Pattern	indian	PharmEasy	landing	0.8910636980979781	json_element	1.0	1.0	0.0	0.0	0.0	1.0	
Powered by Shopify	0	Not Dark Pattern	indian	TheLabelLife	landing	0.8411259321940354	json_element	1.0	1.0	0.0	0.0	0.0	1.0	
The Good Bug	0	Not Dark Pattern	indian	nykaa	landing	0.801896758477001	json_element	1.0	1.0	0.0	0.0	0.0	1.0	
Household Care	0	Not Dark Pattern	indian	flipkart	landing	0.8343623277733452	json_element	1.0	1.0	0.0	0.0	0.0	1.0	
113 reviews	0	Not Dark Pattern	indian	HealthKart	product	0.8157400372517509	txt_body				0.0			
footwear	0	Not Dark Pattern	indian	LimeRoad	landing	0.810178350661709	json_element	1.0	1.0	0.0	0.0	0.0	1.0	
Write a Review	0	Not Dark Pattern	indian	Techjockey	product	0.8439669220904108	json_element	0.0	0.0	0.0	0.0	0.0	1.0	
Mom & Baby Kits	0	Not Dark Pattern	indian	nykaa	landing	0.8176036136430903	json_element	1.0	1.0	0.0	0.0	0.0	1.0	
Men's Black Shirts	0	Not Dark Pattern	indian	Bewakoof	product	0.8583006893656374	json_element	0.0	0.0	0.0	0.0	0.0	1.0	
White Gold (193)	0	Not Dark Pattern	indian	bluestone	product	0.8132998167930905	json_element	0.0	0.0	0.0	0.0	1.0	0.0	
Polo T shirts	0	Not Dark Pattern	indian	snapdeal	landing	0.8466190226752458	json_element	0.0	0.0	1.0	0.0	0.0	1.0	
SHOP COORDS	0	Not Dark Pattern	indian	TheLabelLife	landing	0.8921112937052793	txt_body				0.0			
Benefits of Shopping with Shoppers Stop	0	Not Dark Pattern	indian	shoppers_stop	landing	0.8076487788609433	txt_body				0.0			
Aarvi Decor	0	Not Dark Pattern	indian	nykaa	landing	0.8067363916947177	json_element	1.0	1.0	0.0	0.0	0.0	1.0	
Pack of 6	0	Not Dark Pattern	indian	snapdeal	product	0.8481937893009843	json_element	0.0	0.0	0.0	0.0	0.0	1.0	
Nice product with fine quality	0	Not Dark Pattern	indian	flipkart	product	0.8444841049022529	txt_body				0.0			
Find a Store	0	Not Dark Pattern	indian	myntra	landing	0.8344969750816809	json_element	0.0	0.0	1.0	0.0	0.0	1.0	
Kids Gifts	0	Not Dark Pattern	indian	FirstCry	product	0.8373280554547529	json_element	1.0	1.0	0.0	0.0	0.0	1.0	
bed & bath	0	Not Dark Pattern	indian	LimeRoad	landing	0.81105883618981	json_element	1.0	1.0	0.0	0.0	0.0	1.0	
Detergents & Fabric Care	0	Not Dark Pattern	indian	snapdeal	product	0.831348444296219	json_element	1.0	1.0	0.0	0.0	0.0	1.0	
Good Health Platinum Package	0	Not Dark Pattern	indian	Tata 1mg	landing	0.8124957182008224	txt_body				0.0			
Shoppers Stop is home to a multitude of amazing products across fashion and lifestyle to cater to the needs of the entire family. While Shoppers Stop retail is a complete house of leading national and international brands for an exciting and memorable shopping experience, you can also shop at shoppersstop.com to take advantage of all the same benefits here.	0	Not Dark Pattern	indian	shoppers_stop	landing	0.8402493830158646	txt_body				0.0			
Educational Toys	0	Not Dark Pattern	indian	snapdeal	product	0.8283184996373271	json_element	1.0	1.0	0.0	0.0	0.0	1.0	
Good Health Silver Package	0	Not Dark Pattern	indian	Tata 1mg	landing	0.8049375878733306	txt_body				0.0			
Box of 400 gm powder	0	Not Dark Pattern	indian	Tata 1mg	cart	0.821045581319892	txt_body				0.0			
Winter Wear Accessories Combo	0	Not Dark Pattern	indian	LimeRoad	landing	0.8672740281127134	json_element	1.0	1.0	0.0	0.0	0.0	1.0	
Safety Shoes	0	Not Dark Pattern	indian	Moglix	landing	0.8283442031654122	txt_body				0.0			
Working | Crown Navigation	0	Not Dark Pattern	indian	boult	cart	0.8078611179836506	txt_body				0.0			
Women's Sandals	0	Not Dark Pattern	indian	flipkart	landing	0.8379972096164943	json_element	1.0	1.0	0.0	0.0	0.0	1.0	
Cleansers and Exfoliators	0	Not Dark Pattern	indian	shoppers_stop	landing	0.9020954775174482	json_element	0.0	0.0	1.0	0.0	0.0	1.0	
"4.6
 
TrueBasics Ashwagandha with 600 mg of KSM-66, 60 capsules"	0	Not Dark Pattern	indian	HealthKart	landing	0.8273434279646661	json_element	0.0	0.0	1.0	0.0	0.0	1.0	
Crop Tops	0	Not Dark Pattern	indian	LimeRoad	landing	0.8369002713534914	json_element	1.0	1.0	0.0	0.0	0.0	1.0	
Men's Jackets	0	Not Dark Pattern	indian	Bewakoof	product	0.8065247832821119	json_element	0.0	0.0	0.0	0.0	0.0	1.0	
Sleeve Length	0	Not Dark Pattern	indian	Clovia	checkout	0.819041882809614	json_element	1.0	1.0	0.0	1.0	0.0	1.0	
Back to top	0	Not Dark Pattern	indian	amazon_in	product	0.8198071600641268	json_element	0.0	0.0	1.0	0.0	1.0	0.0	
By Brand	0	Not Dark Pattern	indian	HealthKart	product	0.8156092738919734	json_element	0.0	0.0	0.0	0.0	0.0	1.0	
View all Offers	0	Not Dark Pattern	indian	max_fashion	cart	0.8983632246912778	txt_body				0.0			
2000 And Below105	0	Not Dark Pattern	indian	HealthKart	product	0.9020954775174482	json_element	0.0	0.0	0.0	0.0	0.0	1.0	
Baby Products:	0	Not Dark Pattern	indian	Shopsy	landing	0.878257902116786	txt_body				0.0			
Face Palettes and Sets	0	Not Dark Pattern	indian	shoppers_stop	landing	0.8704020424690393	json_element	0.0	0.0	1.0	0.0	0.0	1.0	
Joggers & Shorts	0	Not Dark Pattern	indian	westside	landing	0.8173899283939563	json_element	1.0	1.0	0.0	0.0	0.0	1.0	
Action Figurines Collectibles	0	Not Dark Pattern	indian	ajio	landing	0.8090396950315363	json_element	0.0	0.0	0.0	0.0	0.0	1.0	
Men's Pink Cotton Linen Shirt	0	Not Dark Pattern	indian	Bewakoof	product	0.820721784611264	txt_body				0.0			
Stomach Care	0	Not Dark Pattern	indian	Tata 1mg	landing	0.8264863837642831	json_element	0.0	0.0	0.0	0.0	0.0	1.0	
By: Maharaja	0	Not Dark Pattern	indian	Moglix	product	0.829879306540604	txt_body				0.0			
"Gifts @
                Nykaa"	0	Not Dark Pattern	indian	nykaa	landing	0.8373280554547529	json_element	1.0	1.0	0.0	0.0	0.0	1.0	
Home Fragrances	0	Not Dark Pattern	indian	ajio	landing	0.828516327986744	json_element	0.0	0.0	0.0	0.0	0.0	1.0	
Tube of 100 gm lotion	0	Not Dark Pattern	indian	Tata 1mg	cart	0.8108890255824776	txt_body				0.0			
Men's Formal Shoes	0	Not Dark Pattern	indian	flipkart	landing	0.8248710277248376	json_element	1.0	1.0	0.0	0.0	0.0	1.0	
Hair Brushes & Combs	0	Not Dark Pattern	indian	nykaa	landing	0.8609178298521453	json_element	1.0	1.0	0.0	0.0	0.0	1.0	
Hands and Feet	0	Not Dark Pattern	indian	shoppers_stop	landing	0.9020954775174482	json_element	0.0	0.0	1.0	0.0	0.0	1.0	
Televisions & Accessories	0	Not Dark Pattern	indian	myntra	product	0.891539001623241	json_element	0.0	0.0	0.0	0.0	0.0	1.0	
Wear Jukebox	0	Not Dark Pattern	indian	nykaa	landing	0.8159412897970688	json_element	1.0	1.0	0.0	0.0	0.0	1.0	
HOUSE OF COMFORT	0	Not Dark Pattern	indian	nykaa	landing	0.8587836492041244	json_element	1.0	1.0	0.0	0.0	0.0	1.0	
All New - Home & Living Store	0	Not Dark Pattern	indian	lifestyle	landing	0.9229318828109442	txt_body				0.0			
All Cold & Cough Medicines	0	Not Dark Pattern	indian	PharmEasy	landing	0.8669417413551652	json_element	1.0	1.0	0.0	0.0	0.0	1.0	
7UP Nimbooz with Lemon Juice	0	Not Dark Pattern	indian	Blinkit	landing	0.8252800389833127	txt_body				0.0			
Footwear (13741)	0	Not Dark Pattern	indian	FirstCry	product	0.810178350661709	json_element	0.0	0.0	0.0	0.0	0.0	1.0	
Women EDPs	0	Not Dark Pattern	indian	shoppers_stop	landing	0.8420474916744316	json_element	0.0	0.0	1.0	0.0	0.0	1.0	
Fujiyama Vikranta Pro 1100 900VA 12V Modified Sine Wave rMPPT Solar Inverter for Home, Office & Shop with 3 Years Warranty ...	0	Not Dark Pattern	indian	Moglix	landing	0.8123497788926842	txt_body				0.0			
Metabolic Care	0	Not Dark Pattern	indian	HealthKart	landing	0.8264863837642831	json_element	1.0	1.0	0.0	0.0	0.0	1.0	
SOAP BARS & BODY WASH	0	Not Dark Pattern	indian	FirstCry	product	0.8082859214350229	json_element	1.0	1.0	0.0	0.0	0.0	1.0	
Velvet – A plush embrace of comfort and opulence.	0	Not Dark Pattern	indian	myntra	product	0.8798048643176937	json_element	0.0	0.0	0.0	0.0	0.0	1.0	
Body Cream & Moisturisers	0	Not Dark Pattern	indian	FirstCry	product	0.8082859214350229	json_element	1.0	1.0	0.0	0.0	0.0	1.0	
TOP WEAR	0	Not Dark Pattern	indian	pantaloons	landing	0.8289083361851909	json_element	1.0	1.0	0.0	0.0	0.0	1.0	
Sweetheart Neck	0	Not Dark Pattern	indian	snapdeal	product	0.8336614730486098	json_element	0.0	0.0	0.0	0.0	0.0	1.0	
ApnaCam Full HD 2MP Mini PTZ Smart WiFi Camera with 355 deg View, Color Night Vision, V380 Pro App Live Streaming, 2 way Audio & Motion Detect Alert ...	0	Not Dark Pattern	indian	Moglix	landing	0.8110447649321902	txt_body				0.0			
All Face Care Products	0	Not Dark Pattern	indian	PharmEasy	landing	0.9017002535828871	json_element	1.0	1.0	0.0	0.0	0.0	1.0	
Ain Collection (3)	0	Not Dark Pattern	indian	bluestone	product	0.859410422023783	json_element	0.0	0.0	0.0	0.0	1.0	0.0	
Audio & Video Accessories	0	Not Dark Pattern	indian	snapdeal	product	0.891539001623241	json_element	1.0	1.0	0.0	0.0	0.0	1.0	
Country/Region	0	Not Dark Pattern	indian	TheLabelLife	checkout	0.8251770347479868	txt_body				1.0			
"Hello, Rohin
Account & Lists"	0	Not Dark Pattern	indian	amazon_in	product	0.833421891047106	json_element	0.0	0.0	0.0	0.0	0.0	1.0	
Cookie Settings	0	Not Dark Pattern	indian	Lenskart	landing	0.8287771533513208	json_element	0.0	0.0	1.0	0.0	0.0	1.0	
Clear all	0	Not Dark Pattern	indian	lifestyle	product	0.8882471388274427	json_element	0.0	0.0	0.0	0.0	1.0	0.0	
"Cotton Linen: Rosewood
Cotton Linen Shirts
₹ 1599"	0	Not Dark Pattern	indian	The Souled Store	product	0.8070384561383335	json_element	0.0	0.0	0.0	0.0	0.0	1.0	
Men Slim Fit Striped Formal Shirt	0	Not Dark Pattern	indian	max_fashion	product	0.8119878010445907	json_element	0.0	0.0	0.0	0.0	0.0	1.0	
(6 Reviews)	0	Not Dark Pattern	indian	Moglix	landing	0.8157400372517509	txt_body				0.0			
Ans: Look for proper labels, brand authenticity, and avoid products with broken seals or unclear details.	0	Not Dark Pattern	indian	HealthKart	product	0.8199389240127567	txt_body				0.0			
Balwaan Krishi S-1 4L Plastic White Agricultural Single Barrel Manual Seeder MTA	0	Not Dark Pattern	indian	Moglix	landing	0.8095287327604117	json_element	0.0	0.0	1.0	0.0	0.0	1.0	
Love Earth Vitamin C And Glutathione Glow Sleeping Mask With Pure Vitamin C & Al	0	Not Dark Pattern	indian	PharmEasy	product	0.8496014660753725	json_element	0.0	0.0	0.0	0.0	0.0	1.0	
Account Details	0	Not Dark Pattern	indian	Clovia	checkout	0.8146896181010094	json_element	1.0	1.0	0.0	1.0	0.0	1.0	
Kenneth Cole Accessories	0	Not Dark Pattern	indian	nykaa	landing	0.891539001623241	json_element	1.0	1.0	0.0	0.0	0.0	1.0	
HEALTH	0	Not Dark Pattern	indian	FirstCry	product	0.8015473788878191	json_element	0.0	0.0	0.0	0.0	0.0	1.0	
Why HealthKart ?	0	Not Dark Pattern	indian	HealthKart	landing	0.8109809681226671	txt_body				0.0			
women’s clothing	0	Not Dark Pattern	indian	shoppers_stop	landing	0.8844602304716109	json_element	0.0	0.0	1.0	0.0	0.0	1.0	
Women's Combo T-Shirts	0	Not Dark Pattern	indian	Bewakoof	product	0.8575654461211752	json_element	0.0	0.0	0.0	0.0	0.0	1.0	
Bath Books	0	Not Dark Pattern	indian	FirstCry	product	0.8455769179475622	json_element	1.0	1.0	0.0	0.0	0.0	1.0	
All Mother Wellness Products	0	Not Dark Pattern	indian	PharmEasy	landing	0.891049595506229	json_element	1.0	1.0	0.0	0.0	0.0	1.0	
Old School	0	Not Dark Pattern	indian	nykaa	landing	0.8181748494276723	json_element	1.0	1.0	0.0	0.0	0.0	1.0	
"Bath
                      Tools & Accessories"	0	Not Dark Pattern	indian	nykaa	landing	0.9038999538277585	json_element	1.0	1.0	0.0	0.0	0.0	1.0	
Green Coffee Bean Extracts	0	Not Dark Pattern	indian	HealthKart	landing	0.8240403281383941	json_element	1.0	1.0	0.0	0.0	0.0	1.0	
Axe International	0	Not Dark Pattern	indian	Purplle	landing	0.8181591606803024	json_element	1.0	1.0	0.0	0.0	0.0	1.0	
What is delivery fee? Why I am being charged?	0	Not Dark Pattern	indian	JioMart	cancel_step	0.8261442141863122	txt_body				1.0			
Biometric Devices	0	Not Dark Pattern	indian	Techjockey	settings	0.8261448658062739	json_element	1.0	1.0	0.0	1.0	0.0	1.0	
All Health Products on Best Deals	0	Not Dark Pattern	indian	PharmEasy	landing	0.8440642796119576	json_element	1.0	1.0	0.0	0.0	0.0	1.0	
Long	0	Not Dark Pattern	indian	bluestone	product	0.8129292020465775	json_element	1.0	1.0	0.0	0.0	0.0	1.0	
Faces Canada Fresh Eyes Kajal | 24Hr Stay | Waterproof | Comfortable & Lightweig	0	Not Dark Pattern	indian	Purplle	cart	0.8115240021534254	json_element	0.0	0.0	0.0	0.0	0.0	1.0	
Vissco Travel Ergonomic Neck Pillow With Sleeping Gel Eye Mask, Contoured Memory	0	Not Dark Pattern	indian	PharmEasy	product	0.8247416334439883	json_element	0.0	0.0	0.0	0.0	0.0	1.0	
VRLOOKS Men Self Design Casual White, Maroon Shirt	0	Not Dark Pattern	indian	Shopsy	product	0.856752093927666	txt_body				0.0			
"Nail
                      Art Kits"	0	Not Dark Pattern	indian	nykaa	landing	0.8024289742740925	json_element	1.0	1.0	0.0	0.0	0.0	1.0	
E ELMA Cotton Double Flat 104 TC Printed 1 Bedsheet wit...	0	Not Dark Pattern	indian	flipkart	product	0.8211509331052521	json_element	0.0	0.0	0.0	0.0	0.0	1.0	
Health Food & Drinks	0	Not Dark Pattern	indian	HealthKart	landing	0.8122182282264108	json_element	1.0	1.0	0.0	0.0	0.0	1.0	
GREEN STRIPED EMBROIDERED SHIRT	0	Not Dark Pattern	indian	TheLabelLife	product	0.8054673547227377	json_element	1.0	1.0	0.0	0.0	0.0	1.0	
"Categories 
All"	0	Not Dark Pattern	indian	Purplle	product	0.8874768286564929	json_element	0.0	0.0	0.0	0.0	0.0	1.0	
Men's Cargo Joggers	0	Not Dark Pattern	indian	Bewakoof	product	0.8152931045063281	json_element	0.0	0.0	1.0	0.0	0.0	1.0	
Night Wear	0	Not Dark Pattern	indian	pantaloons	landing	0.8203239658832119	json_element	1.0	1.0	0.0	0.0	0.0	1.0	
KEEP ACCOUNT	0	Not Dark Pattern	indian	myntra	cancel_step	0.8183466400495416	json_element	0.0	0.0	0.0	1.0	1.0	0.0	
Dimensity 7025 Ultra Processor	0	Not Dark Pattern	indian	flipkart	product	0.8072820378170742	txt_body				0.0			
MERE SKIN IMAGINED	0	Not Dark Pattern	indian	nykaa	landing	0.8026917869344168	json_element	1.0	1.0	0.0	0.0	0.0	1.0	
Ethnic Tops	0	Not Dark Pattern	indian	pantaloons	landing	0.8590710659811271	json_element	1.0	1.0	0.0	0.0	0.0	1.0	
Body care	0	Not Dark Pattern	indian	FirstCry	product	0.8333714650917182	json_element	1.0	1.0	0.0	0.0	0.0	1.0	
Account security concerns / Unauthorised activity	0	Not Dark Pattern	indian	Purplle	cancel_step	0.8278731657377201	json_element	1.0	1.0	0.0	1.0	1.0	0.0	
FirstCry KSA (English)	0	Not Dark Pattern	indian	FirstCry	product	0.8101779704326357	json_element	0.0	0.0	1.0	0.0	0.0	1.0	
Mason Home	0	Not Dark Pattern	indian	nykaa	landing	0.828516327986744	json_element	1.0	1.0	0.0	0.0	0.0	1.0	
Nappy Inserts & Accessories	0	Not Dark Pattern	indian	FirstCry	product	0.891539001623241	json_element	1.0	1.0	0.0	0.0	0.0	1.0	
Maximum simply dummy text of the printing and typesetting industry. Lorem Ipsum has been the industry s standard dummy text ever since the 1500s	0	Not Dark Pattern	indian	FirstCry	cart	0.8156297860925826	txt_body				0.0			
Slippers & Sandals	0	Not Dark Pattern	indian	LimeRoad	landing	0.8005312503086353	json_element	1.0	1.0	0.0	0.0	0.0	1.0	
FURR by Pee Safe	0	Not Dark Pattern	indian	Purplle	landing	0.8060411884843238	json_element	1.0	1.0	0.0	0.0	0.0	1.0	
Adidas Shoes	0	Not Dark Pattern	indian	myntra	landing	0.8339212378437332	json_element	0.0	0.0	0.0	0.0	0.0	1.0	
Home Gym	0	Not Dark Pattern	indian	snapdeal	product	0.828516327986744	json_element	1.0	1.0	0.0	0.0	0.0	1.0	
Men Stainless Steel Straps Chronograph Watch	0	Not Dark Pattern	indian	myntra	cart	0.81343946345441	txt_body				0.0			
All Healthy Snacking Picks	0	Not Dark Pattern	indian	PharmEasy	landing	0.8797267649830537	json_element	1.0	1.0	0.0	0.0	0.0	1.0	
Skin Treatment	0	Not Dark Pattern	indian	Netmeds	landing	0.8026917869344168	json_element	1.0	1.0	0.0	0.0	0.0	1.0	
Men's 3 Lab Diamond Band Ring	0	Not Dark Pattern	indian	westside	landing	0.8348312033074192	json_element	1.0	1.0	0.0	0.0	0.0	1.0	
"!
Search ""milk""
Search ""chips"""	0	Not Dark Pattern	indian	Blinkit	landing	0.8472070359123456	json_element	0.0	0.0	0.0	0.0	0.0	1.0	
FSSAI Food Safety Connect app	0	Not Dark Pattern	indian	myntra	landing	0.8215516585590303	json_element	0.0	0.0	0.0	0.0	0.0	1.0	
Bliss Of Earth	0	Not Dark Pattern	indian	nykaa	landing	0.8462129022973609	json_element	1.0	1.0	0.0	0.0	0.0	1.0	
"Cotton Linen: Coastal Vibe
Cotton Linen Shirts
₹ 1599"	0	Not Dark Pattern	indian	The Souled Store	product	0.8070384561383335	json_element	0.0	0.0	0.0	0.0	0.0	1.0	
Embroidery (162)	0	Not Dark Pattern	indian	FirstCry	product	0.8053646926152147	json_element	0.0	0.0	0.0	0.0	0.0	1.0	
Health & Pharma	0	Not Dark Pattern	indian	Blinkit	landing	0.8015473788878191	json_element	0.0	0.0	0.0	0.0	0.0	1.0	
Q. Will Spinny help me with car finance?	0	Not Dark Pattern	indian	spinny	landing	0.838443461956679	json_element	0.0	0.0	1.0	0.0	1.0	0.0	
What is the value of ROne points?	0	Not Dark Pattern	indian	JioMart	cancel_step	0.8614342732919582	txt_body				1.0			
SAGE STRAPPY RIBBED KNIT TOP	0	Not Dark Pattern	indian	TheLabelLife	product	0.8096774761692234	json_element	1.0	1.0	0.0	0.0	0.0	1.0	
View Eligible Styles	0	Not Dark Pattern	indian	myntra	cart	0.8609984429583657	json_element	0.0	0.0	0.0	0.0	0.0	1.0	
"Hair
                      Creams & Masks"	0	Not Dark Pattern	indian	nykaa	landing	0.853460755569743	json_element	1.0	1.0	0.0	0.0	0.0	1.0	
Personal Care	0	Not Dark Pattern	indian	ajio	landing	0.8267121079950567	json_element	0.0	0.0	0.0	0.0	0.0	1.0	
Air Fresheners	0	Not Dark Pattern	indian	snapdeal	product	0.8308420137299519	json_element	1.0	1.0	0.0	0.0	0.0	1.0	
Candere by Kalyan Jewellers	0	Not Dark Pattern	indian	nykaa	landing	0.829879306540604	json_element	1.0	1.0	0.0	0.0	0.0	1.0	
Men's Footwear	0	Not Dark Pattern	indian	DMart Ready	product	0.8314224701089115	json_element	0.0	0.0	1.0	0.0	0.0	1.0	
Oversized Shirt: Horses	0	Not Dark Pattern	indian	The Souled Store	product	0.808834491027449	txt_body				0.0			
"Privacy Policy
                          
                             /"	0	Not Dark Pattern	indian	Purplle	landing	0.8550736560195205	json_element	1.0	1.0	0.0	0.0	0.0	1.0	
Country of Origin	0	Not Dark Pattern	indian	amazon_in	product	0.8581989007297685	txt_body				0.0			
Stallion 500 Meter 4 Mode rechargeable battery zoomable Waterproof Torchlight LED Full Metal Body 10W Flashlight Torch Outdoor Search Light for home and camping hiking	0	Not Dark Pattern	indian	snapdeal	landing	0.8038418796471463	txt_body				0.0			
Women's Co-ord Sets	0	Not Dark Pattern	indian	Bewakoof	product	0.8194388029565851	json_element	0.0	0.0	0.0	0.0	0.0	1.0	
Disney Fashion	0	Not Dark Pattern	indian	nykaa	landing	0.830383209074695	json_element	1.0	1.0	0.0	0.0	0.0	1.0	
(Showing 1 - 20 of 748 products)	0	Not Dark Pattern	indian	Techjockey	product	0.8029948546867608	txt_body				0.0			
Dark Grey, Grey, White, Mustard yellow	0	Not Dark Pattern	indian	flipkart	product	0.8153160983769391	txt_body				0.0			
Video and photo slideshows	0	Not Dark Pattern	indian	Techjockey	product	0.9020954775174482	txt_body				0.0			
Baby Bath Tub	0	Not Dark Pattern	indian	Shopsy	landing	0.8723071622860602	json_element	0.0	0.0	0.0	0.0	0.0	1.0	
Herbal Hair Care	0	Not Dark Pattern	indian	nykaa	landing	0.8491749594017031	json_element	1.0	1.0	0.0	0.0	0.0	1.0	
Under Eye Care	0	Not Dark Pattern	indian	HealthKart	landing	0.8264863837642831	json_element	1.0	1.0	0.0	0.0	0.0	1.0	
By Creator Handicrafts	0	Not Dark Pattern	indian	pepperfry	product	0.829879306540604	txt_body				0.0			
Wall Mixers	0	Not Dark Pattern	indian	Moglix	landing	0.8133110611883945	txt_body				0.0			
Akaso Action Camera	0	Not Dark Pattern	indian	flipkart	landing	0.8090396950315363	json_element	1.0	1.0	0.0	0.0	0.0	1.0	
CLOCK SPEED	0	Not Dark Pattern	indian	flipkart	product	0.8099963518454091	txt_body				0.0			
"Types of
                  Skin"	0	Not Dark Pattern	indian	nykaa	landing	0.8504460723419253	json_element	1.0	1.0	0.0	0.0	0.0	1.0	
Women Jewellery	0	Not Dark Pattern	indian	shoppers_stop	landing	0.8420474916744316	json_element	0.0	0.0	1.0	0.0	0.0	1.0	
Burberry Accessories	0	Not Dark Pattern	indian	nykaa	landing	0.891539001623241	json_element	1.0	1.0	0.0	0.0	0.0	1.0	
Ethnic Bottoms	0	Not Dark Pattern	indian	westside	landing	0.8200080812180105	json_element	1.0	1.0	0.0	0.0	0.0	1.0	
Returns Policy	0	Not Dark Pattern	indian	HealthKart	landing	0.8581737230496761	json_element	0.0	0.0	1.0	0.0	0.0	1.0	
The North Face	0	Not Dark Pattern	indian	nykaa	landing	0.8133871353699402	json_element	1.0	1.0	0.0	0.0	0.0	1.0	
Shadani Chatpati & Sweet Imli Candy Combo	0	Not Dark Pattern	indian	Blinkit	landing	0.8075545086278582	txt_body				0.0			
Tiger Balm Oil | 3Ml (Set Of 2)	0	Not Dark Pattern	indian	PharmEasy	landing	0.851597928768339	txt_body				0.0			
Panties Combo Packs New	0	Not Dark Pattern	indian	Clovia	cart	0.8632788611291974	json_element	1.0	1.0	0.0	0.0	0.0	1.0	
Green Cotton Hand Block Printed Long Kurta	0	Not Dark Pattern	indian	FabIndia	cart	0.8343501590439094	json_element	0.0	0.0	0.0	0.0	0.0	1.0	
Sort By:	0	Not Dark Pattern	indian	Moglix	product	0.829879306540604	txt_body				0.0			
Sweat Shirts & Jackets (11557)	0	Not Dark Pattern	indian	FirstCry	product	0.8248879447411017	json_element	0.0	0.0	0.0	0.0	0.0	1.0	
bath mats	0	Not Dark Pattern	indian	LimeRoad	landing	0.8340808948327854	json_element	1.0	1.0	0.0	0.0	0.0	1.0	
shorts	0	Not Dark Pattern	indian	LimeRoad	landing	0.8173899283939563	json_element	1.0	1.0	0.0	0.0	0.0	1.0	
Olive Wave Jacquard Knit Top	0	Not Dark Pattern	indian	TheLabelLife	product	0.8096774761692234	json_element	0.0	0.0	1.0	0.0	0.0	1.0	
BEIGE RUCHED KNIT TOP	0	Not Dark Pattern	indian	TheLabelLife	product	0.8096774761692234	json_element	1.0	1.0	0.0	0.0	0.0	1.0	
T-shirts	0	Not Dark Pattern	indian	FirstCry	product	0.8466190226752458	json_element	1.0	1.0	0.0	0.0	0.0	1.0	
Face Scrubs	0	Not Dark Pattern	indian	PharmEasy	landing	0.8125236098643798	json_element	1.0	1.0	0.0	0.0	0.0	1.0	
Delivery charge	0	Not Dark Pattern	indian	Blinkit	cart	0.8093872313475949	txt_body				0.0			
View Premium Store	0	Not Dark Pattern	indian	FirstCry	product	0.9043631869360134	json_element	1.0	1.0	0.0	0.0	0.0	1.0	
"Auzaai Collection Men Printed Casual Blue Shirt
88% off
1,299
₹152
3.8
(187)
Or"	0	Not Dark Pattern	indian	Shopsy	product	0.8042165453738361	json_element	0.0	0.0	0.0	0.0	0.0	1.0	
Formal Shoes	0	Not Dark Pattern	indian	ajio	landing	0.8042056700449919	json_element	0.0	0.0	0.0	0.0	0.0	1.0	
Black 21 L	0	Not Dark Pattern	indian	HealthKart	cart	0.806514921322065	txt_body				0.0			
+7 more	0	Not Dark Pattern	indian	Zepto	product	0.8073250998351251	json_element	0.0	0.0	0.0	0.0	1.0	0.0	
Blankets, Wrappers & Sleeping Bags	0	Not Dark Pattern	indian	FirstCry	product	0.8184579232162287	json_element	1.0	1.0	0.0	0.0	0.0	1.0	
Set Of	0	Not Dark Pattern	indian	LimeRoad	product	0.8626018542437093	txt_body				0.0			
Bed Protectors with Foam	0	Not Dark Pattern	indian	FirstCry	product	0.8091790993580739	json_element	1.0	1.0	0.0	0.0	0.0	1.0	
TAD Accessories	0	Not Dark Pattern	indian	nykaa	landing	0.891539001623241	json_element	1.0	1.0	0.0	0.0	0.0	1.0	
Share Your Delivery Location	0	Not Dark Pattern	indian	FirstCry	cart	0.8369657485268316	txt_body				0.0			
Mobile Cases & Covers	0	Not Dark Pattern	indian	snapdeal	product	0.8210875876694776	json_element	1.0	1.0	0.0	0.0	0.0	1.0	
"Liveasy Tongue Cleaner - Pack Of 2 - Removes All Particles & Freshens Mouth
₹99"	0	Not Dark Pattern	indian	PharmEasy	cart	0.8164547246468796	json_element	0.0	0.0	0.0	0.0	0.0	1.0	
top wear	0	Not Dark Pattern	indian	LimeRoad	landing	0.8289083361851909	json_element	1.0	1.0	0.0	0.0	0.0	1.0	
Electronic Toys	0	Not Dark Pattern	indian	snapdeal	product	0.8283184996373271	json_element	1.0	1.0	0.0	0.0	0.0	1.0	
Videoleap is a user-friendly video editing software developed by Lightricks, designed for both beginners and profession... read more	0	Not Dark Pattern	indian	Techjockey	product	0.8340382748595109	txt_body				0.0			
Hair Growth Oil	0	Not Dark Pattern	indian	nykaa	landing	0.8394331759803774	json_element	1.0	1.0	0.0	0.0	0.0	1.0	
Delivery Fee	0	Not Dark Pattern	indian	Bewakoof	cart	0.8194790511964544	txt_body				0.0			
AC Care, Trust ZipCare	0	Not Dark Pattern	indian	myntra	landing	0.8264863837642831	txt_body				0.0			
ACCOUNT & INFORMATION	0	Not Dark Pattern	indian	pantaloons	settings	0.8402974415990416	txt_body				1.0			
(∗)subject to certain terms and conditions.	0	Not Dark Pattern	indian	spinny	landing	0.8195420407490412	txt_body				0.0			
Pharmeasy Glutathione - Promotes Healthy Skin - Reverses Signs Of Ageing - Bottle Of 30	0	Not Dark Pattern	indian	PharmEasy	cart	0.8233284019291863	txt_body				0.0			
The Art House	0	Not Dark Pattern	indian	nykaa	landing	0.8141124173942396	json_element	1.0	1.0	0.0	0.0	0.0	1.0	
"Pipa Bella by Nykaa
                    Fashion"	0	Not Dark Pattern	indian	nykaa	landing	0.8501464657404169	json_element	1.0	1.0	0.0	0.0	0.0	1.0	
Secure Remote Access	0	Not Dark Pattern	indian	Techjockey	product	0.8135184200424921	txt_body				0.0			
Lee Cooper	0	Not Dark Pattern	indian	myntra	product	0.8009270933736166	json_element	0.0	0.0	1.0	0.0	0.0	1.0	
More Filters	0	Not Dark Pattern	indian	pepperfry	product	0.8329208544118962	txt_body				0.0			
SHOP BY FEATURES	0	Not Dark Pattern	indian	noise	landing	0.8852359314134777	txt_body				0.0			
Whey is processed and refined into three different forms, such as isolate whey protein, whey protein concentrate, and hydrolysed whey protein, each offering unique benefits. Learn more about the compositions of different whey protein powders below:	0	Not Dark Pattern	indian	HealthKart	product	0.8562193142693428	txt_body				0.0			
BLACK CONTRAST PIPING GODET TOP	0	Not Dark Pattern	indian	TheLabelLife	product	0.8225734534313306	json_element	1.0	1.0	0.0	0.0	0.0	1.0	
HOME PLAY ACTIVITIES	0	Not Dark Pattern	indian	FirstCry	product	0.828516327986744	json_element	1.0	1.0	0.0	0.0	0.0	1.0	
AC Installation by resQ	0	Not Dark Pattern	indian	JioMart	landing	0.8091802633335148	json_element	0.0	0.0	0.0	0.0	0.0	1.0	
Men's Blue & Rust Orange Checked Shirt	0	Not Dark Pattern	indian	Bewakoof	product	0.8091671773411586	txt_body				0.0			
Best Prices	0	Not Dark Pattern	indian	Moglix	landing	0.8045043631703619	txt_body				0.0			
Men Fragrance	0	Not Dark Pattern	indian	shoppers_stop	landing	0.8202505511122231	json_element	0.0	0.0	1.0	0.0	0.0	1.0	
Next	0	Not Dark Pattern	indian	amazon_in	product	0.8072980308207757	json_element	0.0	0.0	1.0	0.0	0.0	1.0	
"Massage
                    Tools"	0	Not Dark Pattern	indian	nykaa	landing	0.8594336369111578	json_element	1.0	1.0	0.0	0.0	0.0	1.0	
help pages	0	Not Dark Pattern	indian	amazon_in	checkout	0.839252071289923	json_element	0.0	0.0	0.0	1.0	0.0	1.0	
+ 3 more	0	Not Dark Pattern	indian	bluestone	product	0.8073250998351251	json_element	0.0	0.0	0.0	0.0	1.0	0.0	
Browse Collection	0	Not Dark Pattern	indian	bluestone	cart	0.8486588762731279	json_element	1.0	1.0	0.0	0.0	0.0	1.0	
Lingerie & Accessories	0	Not Dark Pattern	indian	nykaa	landing	0.891539001623241	json_element	0.0	0.0	0.0	0.0	0.0	1.0	
Search Results	0	Not Dark Pattern	indian	licious	product	0.8099536447364994	txt_body				0.0			
SHOP BY AGE	0	Not Dark Pattern	indian	FirstCry	product	0.8924850709942213	json_element	1.0	1.0	0.0	0.0	0.0	1.0	
ECCO S Lite Moc 540514 Leather Slip-on Men's Casual Shoes	0	Not Dark Pattern	indian	shoppers_stop	product	0.8144050091597609	txt_body				0.0			
Tropical Rouge: Women's Perfume Gift Set	0	Not Dark Pattern	indian	The Souled Store	cart	0.8291523854402826	txt_body				0.0			
Bone & Joint Care Products	0	Not Dark Pattern	indian	PharmEasy	landing	0.8496404339746757	json_element	1.0	1.0	0.0	0.0	0.0	1.0	
Everherb Karela Jamun Juice - Helps Maintains Sugar Levels & Weight Management -	0	Not Dark Pattern	indian	PharmEasy	landing	0.8107354435306264	json_element	0.0	0.0	0.0	0.0	0.0	1.0	
Kids' Fashion	0	Not Dark Pattern	indian	snapdeal	product	0.830383209074695	json_element	1.0	1.0	0.0	0.0	0.0	1.0	
Express Store Pickup	0	Not Dark Pattern	indian	shoppers_stop	checkout	0.8461189717680832	txt_body				1.0			
Men's Shorts	0	Not Dark Pattern	indian	Bewakoof	product	0.8363906815916158	json_element	0.0	0.0	1.0	0.0	0.0	1.0	
SafesCCTV Cameras and AccessoriesSecurity AlarmsGPS TrackersHooters & BuzzersSensorsDVRAccess Control System	0	Not Dark Pattern	indian	Moglix	landing	0.8594587473991956	txt_body				0.0			
SOME BY MI	0	Not Dark Pattern	indian	nykaa	landing	0.8316950603296281	json_element	1.0	1.0	0.0	0.0	0.0	1.0	
Moglix is an e-commerce company that caters to both B2B and B2C operations. Moglix deals in various categories including industrial tools, electronic appliances, household appliances, office equipment and stationaries, agricultural tools, construction site products, medical equipment, and automotive parts. With over 800,000+ SKUs across 1500+ categories, Moglix is India's largest B2B e-commerce platform for industrial products. We provide digital procurement and supply chain solutions for various industries like agriculture, construction, healthcare, and automobiles. Additionally, we provide excellent deals on bulk orders as per the inquiries received.	0	Not Dark Pattern	indian	Moglix	landing	0.8112764156567215	txt_body				0.0			
+ 91 more	0	Not Dark Pattern	indian	bluestone	product	0.8073250998351251	json_element	0.0	0.0	0.0	0.0	1.0	0.0	
"Eye Care
                      (Lutein)"	0	Not Dark Pattern	indian	nykaa	landing	0.8264863837642831	json_element	1.0	1.0	0.0	0.0	0.0	1.0	
digital cameras	0	Not Dark Pattern	indian	flipkart	landing	0.814922924876636	json_element	1.0	1.0	0.0	0.0	0.0	1.0	
Freedom Tree	0	Not Dark Pattern	indian	myntra	product	0.8006237496816484	json_element	0.0	0.0	0.0	0.0	0.0	1.0	
Coconut Hookah Coal by Bongchie	0	Not Dark Pattern	indian	Blinkit	landing	0.829879306540604	txt_body				0.0			
All Ayurvedic Foods & Juices	0	Not Dark Pattern	indian	PharmEasy	landing	0.9226349302968742	json_element	1.0	1.0	0.0	0.0	0.0	1.0	
analog watches	0	Not Dark Pattern	indian	LimeRoad	landing	0.8158948667163735	json_element	1.0	1.0	0.0	0.0	0.0	1.0	
Vector Graphics Software	0	Not Dark Pattern	indian	Techjockey	settings	0.8057257572090624	json_element	1.0	1.0	0.0	1.0	0.0	1.0	
Limeroad iOS App	0	Not Dark Pattern	indian	LimeRoad	landing	0.8090152585321595	json_element	1.0	1.0	0.0	0.0	0.0	1.0	
Jalwa by Deepika	0	Not Dark Pattern	indian	nykaa	landing	0.829879306540604	json_element	1.0	1.0	0.0	0.0	0.0	1.0	
Cart Total(Incl. of all taxes)	0	Not Dark Pattern	indian	The Souled Store	cart	0.810793814439145	txt_body				0.0			
STITCHROOT Men Polyester Regular Fit Colorblock Polo T Shirt ( Black )	0	Not Dark Pattern	indian	snapdeal	cart	0.8341464708615021	json_element	0.0	0.0	0.0	0.0	0.0	1.0	
Coup Hunter Green | Prebook Pass.	0	Not Dark Pattern	indian	boult	landing	0.8047109896005211	txt_body				0.0			
Kab's Jackpot Fiery and Crunchy Crisps	0	Not Dark Pattern	indian	Blinkit	settings	0.9020954775174482	txt_body				1.0			
Can I delete my existing Shoppersstop account?	0	Not Dark Pattern	indian	shoppers_stop	cancel_step	0.8631600627568582	txt_body				1.0			
Travel Bags	0	Not Dark Pattern	indian	ajio	landing	0.8043722055310083	json_element	0.0	0.0	0.0	0.0	0.0	1.0	
Face Wipes	0	Not Dark Pattern	indian	nykaa	landing	0.8125236098643798	json_element	1.0	1.0	0.0	0.0	0.0	1.0	
Hair Treatments	0	Not Dark Pattern	indian	shoppers_stop	landing	0.8519917957434677	json_element	0.0	0.0	1.0	0.0	0.0	1.0	
Cleansing Brushes	0	Not Dark Pattern	indian	nykaa	landing	0.8171176034574377	json_element	1.0	1.0	0.0	0.0	0.0	1.0	
Gift Store	0	Not Dark Pattern	indian	noise	landing	0.8353160970385715	json_element	0.0	0.0	0.0	0.0	0.0	1.0	
Bath Gloves	0	Not Dark Pattern	indian	FirstCry	product	0.8231640134305687	json_element	1.0	1.0	0.0	0.0	0.0	1.0	
Baby Diapering	0	Not Dark Pattern	indian	FirstCry	product	0.8683306295557556	json_element	0.0	0.0	0.0	0.0	0.0	1.0	
Dog Supplies	0	Not Dark Pattern	indian	snapdeal	product	0.8076514716989607	json_element	1.0	1.0	0.0	0.0	0.0	1.0	
"Best Seller

4.5"	0	Not Dark Pattern	indian	boult	product	0.8123208212444165	json_element	0.0	0.0	0.0	0.0	0.0	1.0	
"My
                                            Profile"	0	Not Dark Pattern	indian	Techjockey	settings	0.8554423190225995	json_element	1.0	1.0	0.0	1.0	0.0	1.0	
English	0	Not Dark Pattern	indian	amazon_in	product	0.8101779704326357	json_element	0.0	0.0	1.0	0.0	0.0	1.0	
Bathroom Accessories,	0	Not Dark Pattern	indian	urbanladder	landing	0.8731014409332493	json_element	0.0	0.0	0.0	0.0	0.0	1.0	
HELP	0	Not Dark Pattern	indian	flipkart	landing	0.839252071289923	txt_body				0.0			
Data Backup Software	0	Not Dark Pattern	indian	Techjockey	settings	0.8072820378170742	json_element	1.0	1.0	0.0	1.0	0.0	1.0	
My addresses	0	Not Dark Pattern	indian	Netmeds	settings	0.869635263945345	json_element	0.0	0.0	0.0	1.0	0.0	1.0	
Premium Chicken Thigh Curry Cut (with Skin)	0	Not Dark Pattern	indian	freshtohome	landing	0.81828675939686	txt_body				0.0			
Green Girgit	0	Not Dark Pattern	indian	nykaa	landing	0.8047109896005211	json_element	1.0	1.0	0.0	0.0	0.0	1.0	
Home Interiors	0	Not Dark Pattern	indian	urbanladder	landing	0.828516327986744	json_element	0.0	0.0	0.0	0.0	0.0	1.0	
trousers	0	Not Dark Pattern	indian	ajio	landing	0.8284285096276921	json_element	0.0	0.0	0.0	0.0	0.0	1.0	
Stomach & Liver Care	0	Not Dark Pattern	indian	PharmEasy	landing	0.8264863837642831	json_element	1.0	1.0	0.0	0.0	0.0	1.0	
Country Chicken with Skin (Singe)	0	Not Dark Pattern	indian	licious	product	0.8483260566764994	txt_body				0.0			
Color: Apex Blue	0	Not Dark Pattern	indian	boult	cart	0.8048356131029349	txt_body				0.0			
wall decor	0	Not Dark Pattern	indian	LimeRoad	landing	0.8250169774159191	json_element	1.0	1.0	0.0	0.0	0.0	1.0	
Respiratory Supplies	0	Not Dark Pattern	indian	Netmeds	landing	0.8092721764444412	json_element	1.0	1.0	0.0	0.0	0.0	1.0	
CSMS by Nykaa	0	Not Dark Pattern	indian	nykaa	landing	0.829879306540604	json_element	1.0	1.0	0.0	0.0	0.0	1.0	
Girls Bags And Backpacks	0	Not Dark Pattern	indian	pantaloons	product	0.8659335011841687	json_element	1.0	1.0	0.0	0.0	0.0	1.0	
Beetel B29 Designer Slim and Stylish Corded Landline Pho…	0	Not Dark Pattern	indian	amazon_in	product	0.8260903812998394	txt_body				0.0			
Gentlemen's Guide	0	Not Dark Pattern	indian	Clovia	landing	0.8146953272497949	json_element	0.0	0.0	0.0	0.0	0.0	1.0	
Maternity Bottom wear	0	Not Dark Pattern	indian	FirstCry	product	0.8094637733108317	json_element	1.0	1.0	0.0	0.0	0.0	1.0	
Sports Shoes (12)	0	Not Dark Pattern	indian	FirstCry	product	0.8089017957403205	json_element	0.0	0.0	0.0	0.0	0.0	1.0	
Search forHome Decor	0	Not Dark Pattern	indian	myntra	landing	0.8474152411188474	txt_body				0.0			
Sort by :	0	Not Dark Pattern	indian	Bewakoof	product	0.829879306540604	txt_body				0.0			
Fulfilment by Amazon	0	Not Dark Pattern	indian	amazon_in	product	0.829879306540604	json_element	0.0	0.0	1.0	0.0	0.0	1.0	
Our Certifications	0	Not Dark Pattern	indian	bluestone	landing	0.813857409139088	json_element	0.0	0.0	1.0	0.0	0.0	1.0	
All Healthcare Devices	0	Not Dark Pattern	indian	PharmEasy	landing	0.8970045254197889	json_element	1.0	1.0	0.0	0.0	0.0	1.0	
"Lip
                      Care"	0	Not Dark Pattern	indian	nykaa	landing	0.8264863837642831	json_element	1.0	1.0	0.0	0.0	0.0	1.0	
Urbano Fashion Men Teal Green Slim Fit Tropical Printed Pure Cotton T-shirt	0	Not Dark Pattern	indian	myntra	product	0.857783526586234	json_element	0.0	0.0	1.0	0.0	0.0	1.0	
Address Book	0	Not Dark Pattern	indian	freshtohome	settings	0.8045531802495731	json_element	0.0	0.0	0.0	1.0	0.0	1.0	
All transactions are secure and encrypted.	0	Not Dark Pattern	indian	TheLabelLife	checkout	0.8652270872023557	txt_body				1.0			
White (2081)	0	Not Dark Pattern	indian	bluestone	product	0.8095287327604117	json_element	0.0	0.0	0.0	0.0	1.0	0.0	
All Skin Health Supplements	0	Not Dark Pattern	indian	PharmEasy	landing	0.8775194843069386	json_element	1.0	1.0	0.0	0.0	0.0	1.0	
Sports & Activewear	0	Not Dark Pattern	indian	LimeRoad	landing	0.8432322810150148	json_element	1.0	1.0	0.0	0.0	0.0	1.0	
Stanley Power tools	0	Not Dark Pattern	indian	Moglix	landing	0.8524020757706471	json_element	0.0	0.0	1.0	0.0	0.0	1.0	
Diamond Necklaces|	0	Not Dark Pattern	indian	bluestone	landing	0.8149733379361532	txt_body				0.0			
Squeeze Toys	0	Not Dark Pattern	indian	FirstCry	product	0.8283184996373271	json_element	1.0	1.0	0.0	0.0	0.0	1.0	
Hillgrove 700W 13mm Power Drill Machine with 9 Pcs Drill Bits, HGCM1162 ...	0	Not Dark Pattern	indian	Moglix	landing	0.8024599594277656	json_element	0.0	0.0	0.0	0.0	0.0	1.0	
Shop All Things Home	0	Not Dark Pattern	indian	myntra	landing	0.9138679178569153	txt_body				0.0			
Eye care	0	Not Dark Pattern	indian	HealthKart	landing	0.8264863837642831	json_element	1.0	1.0	0.0	0.0	0.0	1.0	
Return of defective goods	0	Not Dark Pattern	indian	westside	cancel_step	0.853034460041033	txt_body				1.0			
Protein Pack (Chicken) - Max	0	Not Dark Pattern	indian	freshtohome	landing	0.8048049074313691	txt_body				0.0			
(9 Reviews)	0	Not Dark Pattern	indian	Moglix	landing	0.8157400372517509	txt_body				0.0			
Men’s Sports Shoes	0	Not Dark Pattern	indian	flipkart	landing	0.8698563466091958	txt_body				0.0			
Westside Home White Sitting Buddha Idol Decorative Object	0	Not Dark Pattern	indian	westside	landing	0.8375655734919687	json_element	1.0	1.0	0.0	0.0	0.0	1.0	
Titan Watches	0	Not Dark Pattern	indian	myntra	landing	0.8158948667163735	json_element	0.0	0.0	0.0	0.0	0.0	1.0	
Women's Sweaters	0	Not Dark Pattern	indian	flipkart	landing	0.8420474916744316	json_element	1.0	1.0	0.0	0.0	0.0	1.0	
"Secure
Transaction"	0	Not Dark Pattern	indian	JioMart	cart	0.8120523673406865	json_element	0.0	0.0	0.0	0.0	1.0	0.0	
ETHNIC BOTTOMS	0	Not Dark Pattern	indian	westside	landing	0.8200080812180105	json_element	0.0	0.0	0.0	0.0	0.0	1.0	
OFFICE STATIONERY SUPPLIES:	0	Not Dark Pattern	indian	Moglix	landing	0.8280849167320186	txt_body				0.0			
LATEST RINGS	0	Not Dark Pattern	indian	bluestone	product	0.8016875606713378	json_element	1.0	1.0	0.0	0.0	0.0	1.0	
Bar Accessories	0	Not Dark Pattern	indian	snapdeal	product	0.891539001623241	json_element	1.0	1.0	0.0	0.0	0.0	1.0	
Reginald Men	0	Not Dark Pattern	indian	Purplle	landing	0.8202505511122231	json_element	1.0	1.0	0.0	0.0	0.0	1.0	
Boys Trackpant	0	Not Dark Pattern	indian	snapdeal	product	0.8214098038615054	json_element	1.0	1.0	0.0	0.0	0.0	1.0	
Dry Fruits & Gifts Boxes	0	Not Dark Pattern	indian	snapdeal	product	0.831915426386057	json_element	1.0	1.0	0.0	0.0	0.0	1.0	
LED Lights	0	Not Dark Pattern	indian	Moglix	landing	0.8071913945338969	json_element	0.0	0.0	1.0	0.0	0.0	1.0	
Click on UPI Settings to view VPA ID	0	Not Dark Pattern	indian	FirstCry	cart	0.8060244649432076	txt_body				0.0			
Shop by Essential Accessories	0	Not Dark Pattern	indian	HealthKart	landing	0.9021839426194138	txt_body				0.0			
Details of refund	0	Not Dark Pattern	indian	westside	cancel_step	0.8023953222138118	txt_body				1.0			
Zuba Taupe Bandhani Printed Cotton-Blend Tunic	0	Not Dark Pattern	indian	westside	product	0.8144019711300102	json_element	0.0	0.0	0.0	0.0	0.0	1.0	
TAPOM Girls & Women Fashion Watch Rose Gold with Purple Dial, Elegant Bracelet Style Wrist Watch, Stylish Analog Watch for Ladies, Casual & Party Wear | Purple	0	Not Dark Pattern	indian	JioMart	product	0.8255157394601588	txt_body				0.0			
Women's Kurtis	0	Not Dark Pattern	indian	Bewakoof	product	0.8420474916744316	json_element	0.0	0.0	0.0	0.0	0.0	1.0	
How can I redeem my JioMart Gift Voucher?	0	Not Dark Pattern	indian	JioMart	cancel_step	0.8405932348075537	txt_body				1.0			
Casual shirts	0	Not Dark Pattern	indian	LimeRoad	landing	0.8678169974813664	json_element	1.0	1.0	0.0	0.0	0.0	1.0	
ACCOUNT	0	Not Dark Pattern	indian	myntra	settings	0.833421891047106	txt_body				1.0			
Samskara Home	0	Not Dark Pattern	indian	nykaa	landing	0.828516327986744	json_element	1.0	1.0	0.0	0.0	0.0	1.0	
Stay Quirky	0	Not Dark Pattern	indian	Purplle	landing	0.8663200475064139	json_element	1.0	1.0	0.0	0.0	0.0	1.0	
Bath Slings	0	Not Dark Pattern	indian	FirstCry	product	0.8254199075808023	json_element	1.0	1.0	0.0	0.0	0.0	1.0	
Editing Tools	0	Not Dark Pattern	indian	Techjockey	product	0.8594336369111578	txt_body				0.0			
Men's Innerwear	0	Not Dark Pattern	indian	Bewakoof	product	0.8202505511122231	json_element	0.0	0.0	0.0	0.0	0.0	1.0	
Set of Vests & Jhablas	0	Not Dark Pattern	indian	FirstCry	product	0.8626018542437093	json_element	1.0	1.0	0.0	0.0	0.0	1.0	
Lip Masks	0	Not Dark Pattern	indian	nykaa	landing	0.8125236098643798	json_element	1.0	1.0	0.0	0.0	0.0	1.0	
All Sexual Wellness Products	0	Not Dark Pattern	indian	PharmEasy	landing	0.9099538291600271	json_element	1.0	1.0	0.0	0.0	0.0	1.0	
HVNLY by Shoetopia	0	Not Dark Pattern	indian	nykaa	landing	0.829879306540604	json_element	1.0	1.0	0.0	0.0	0.0	1.0	
Worship Supplies	0	Not Dark Pattern	indian	nykaa	landing	0.8092721764444412	json_element	1.0	1.0	0.0	0.0	0.0	1.0	
Noise Power Charger	0	Not Dark Pattern	indian	noise	landing	0.8031960084213855	txt_body				0.0			
Dimensity 7400-Turbo Processor	0	Not Dark Pattern	indian	flipkart	product	0.8072820378170742	txt_body				0.0			
Women Checked Shirt	0	Not Dark Pattern	indian	max_fashion	product	0.815594922874411	json_element	0.0	0.0	0.0	0.0	0.0	1.0	
Policy Info	0	Not Dark Pattern	indian	PharmEasy	landing	0.8589269203233497	txt_body				0.0			
black-grey-patta	0	Not Dark Pattern	indian	flipkart	product	0.8180114815898303	txt_body				0.0			
Baby Pillows & Bolster Sets	0	Not Dark Pattern	indian	FirstCry	product	0.8078702548558335	json_element	1.0	1.0	0.0	0.0	0.0	1.0	
Children Health	0	Not Dark Pattern	indian	HealthKart	landing	0.8015473788878191	json_element	1.0	1.0	0.0	0.0	0.0	1.0	
Ani Collection (7)	0	Not Dark Pattern	indian	bluestone	product	0.859410422023783	json_element	0.0	0.0	0.0	0.0	1.0	0.0	
Stay updated with us	0	Not Dark Pattern	indian	HealthKart	landing	0.8500598833970414	txt_body				0.0			
Guide to Fit and Healthy Lifestyle	0	Not Dark Pattern	indian	HealthKart	landing	0.8366716882610676	txt_body				0.0			
Veruschka By Payal Kothari	0	Not Dark Pattern	indian	nykaa	landing	0.829879306540604	json_element	1.0	1.0	0.0	0.0	0.0	1.0	
Treatments	0	Not Dark Pattern	indian	Netmeds	landing	0.8267872279680554	json_element	1.0	1.0	0.0	0.0	0.0	1.0	
Light Grey (31)	0	Not Dark Pattern	indian	FirstCry	product	0.8068254223388722	txt_body				0.0			
Room Decor & Furnishing	0	Not Dark Pattern	indian	FirstCry	product	0.8067363916947177	json_element	1.0	1.0	0.0	0.0	0.0	1.0	
Men's Pajamas	0	Not Dark Pattern	indian	Bewakoof	product	0.8202505511122231	json_element	0.0	0.0	1.0	0.0	0.0	1.0	
View All Preset Solitaire Earrings	0	Not Dark Pattern	indian	bluestone	cart	0.9268831423180166	json_element	1.0	1.0	0.0	0.0	0.0	1.0	
Eye Masks	0	Not Dark Pattern	indian	nykaa	landing	0.8125236098643798	json_element	1.0	1.0	0.0	0.0	0.0	1.0	
BRASPANTIESSLEEPACTIVESHAPERS4 BRAS @8993 BRAS @10994 PANTIES @599MEN'SEXCLUSIVEACCESSORIESMENSTRUAL CARE	0	Not Dark Pattern	indian	Clovia	checkout	0.8100034584998587	txt_body				1.0			
Bags Belts Wallets	0	Not Dark Pattern	indian	ajio	landing	0.828920307370952	json_element	0.0	0.0	0.0	0.0	0.0	1.0	
BABY SKIN CARE	0	Not Dark Pattern	indian	FirstCry	product	0.8667524343429299	json_element	1.0	1.0	0.0	0.0	0.0	1.0	
Bird Supplies	0	Not Dark Pattern	indian	snapdeal	product	0.8072820358662108	json_element	1.0	1.0	0.0	0.0	0.0	1.0	
Join Webinar	0	Not Dark Pattern	indian	Techjockey	settings	0.8031645607496135	json_element	1.0	1.0	0.0	1.0	1.0	0.0	
Fitizen Wood Black & White Height Adjustable Wall Table, FITI-153-BW ...	0	Not Dark Pattern	indian	Moglix	product	0.8068510202197203	json_element	0.0	0.0	1.0	0.0	0.0	1.0	
noise power chargersupports all iphones | globally compatible | macbooks₹3,799₹4	0	Not Dark Pattern	indian	noise	product	0.8843230681639316	json_element	1.0	1.0	0.0	0.0	0.0	1.0	
Better services and authentic products	0	Not Dark Pattern	indian	HealthKart	landing	0.8401582230203891	txt_body				0.0			
#shirts #stripes #western	0	Not Dark Pattern	indian	LimeRoad	product	0.8466190226752458	txt_body				0.0			
hair care	0	Not Dark Pattern	indian	LimeRoad	landing	0.8491749594017031	json_element	1.0	1.0	0.0	0.0	0.0	1.0	
Refresh Page	0	Not Dark Pattern	indian	TheLabelLife	checkout	0.8103910281200734	json_element	1.0	1.0	0.0	1.0	0.0	1.0	
Sebamed Products	0	Not Dark Pattern	indian	PharmEasy	landing	0.8315948966771027	json_element	1.0	1.0	0.0	0.0	0.0	1.0	
(187 Reviews)	0	Not Dark Pattern	indian	Moglix	landing	0.8157400372517509	txt_body				0.0			
Men Polo Collar Pockets T-shirt	0	Not Dark Pattern	indian	myntra	product	0.8313606064618004	txt_body				0.0			
AND Fragrances	0	Not Dark Pattern	indian	nykaa	landing	0.9020954775174482	json_element	1.0	1.0	0.0	0.0	0.0	1.0	
Office Suites	0	Not Dark Pattern	indian	Techjockey	settings	0.8152741288915003	json_element	1.0	1.0	0.0	1.0	0.0	1.0	
Click to view and Scan the QR Code with your preferred UPI App	0	Not Dark Pattern	indian	FirstCry	cart	0.8345607646426025	txt_body				0.0			
explore all	0	Not Dark Pattern	indian	nykaa	landing	0.868870083023899	json_element	1.0	1.0	0.0	0.0	0.0	1.0	
Inner Wear & Thermals (7431)	0	Not Dark Pattern	indian	FirstCry	product	0.8110766398555482	json_element	0.0	0.0	0.0	0.0	0.0	1.0	
All Diabetic Care OTC Products	0	Not Dark Pattern	indian	PharmEasy	landing	0.9073041694672539	json_element	1.0	1.0	0.0	0.0	0.0	1.0	
Address Nickname (optional)	0	Not Dark Pattern	indian	FabIndia	checkout	0.8047331694505517	txt_body				1.0			
Brands + Models	0	Not Dark Pattern	indian	spinny	product	0.8159176299925301	json_element	0.0	0.0	0.0	0.0	1.0	0.0	
SPORTS AND ACTIVEWEAR	0	Not Dark Pattern	indian	pantaloons	landing	0.8913931304470426	json_element	1.0	1.0	0.0	0.0	0.0	1.0	
Boys Solid Shirt	0	Not Dark Pattern	indian	max_fashion	product	0.8322161614741077	json_element	0.0	0.0	0.0	0.0	0.0	1.0	
Baby Bottomwear	0	Not Dark Pattern	indian	pantaloons	product	0.8683306295557556	json_element	1.0	1.0	0.0	0.0	0.0	1.0	
Tops & Tunics	0	Not Dark Pattern	indian	snapdeal	product	0.8590710659811271	json_element	1.0	1.0	0.0	0.0	0.0	1.0	
Skin Care|	0	Not Dark Pattern	indian	DMart Ready	product	0.8316117188993262	json_element	0.0	0.0	1.0	0.0	0.0	1.0	
Utsa Blue Floral Printed Tunic	0	Not Dark Pattern	indian	westside	product	0.8118141815778238	json_element	0.0	0.0	0.0	0.0	0.0	1.0	
home lighting	0	Not Dark Pattern	indian	flipkart	landing	0.8285617898258244	json_element	1.0	1.0	0.0	0.0	0.0	1.0	
Dimensity 7020 Processor	0	Not Dark Pattern	indian	flipkart	product	0.8072820378170742	txt_body				0.0			
"Cotton Linen: Ivy Green
Cotton Linen Shirts
₹ 1599"	0	Not Dark Pattern	indian	The Souled Store	product	0.8163443295297621	json_element	0.0	0.0	0.0	0.0	0.0	1.0	
423,255 Ratings & 1,178 Reviews	0	Not Dark Pattern	indian	flipkart	product	0.8157400372517509	txt_body				0.0			
Women's Sports Shoes	0	Not Dark Pattern	indian	flipkart	landing	0.8793980831375049	json_element	1.0	1.0	0.0	0.0	0.0	1.0	
House of D'oro	0	Not Dark Pattern	indian	nykaa	landing	0.8587836492041244	json_element	1.0	1.0	0.0	0.0	0.0	1.0	
/search?q=shirts	0	Not Dark Pattern	indian	Bewakoof	product	0.8719892395467352	txt_body				0.0			
Shop by Category	0	Not Dark Pattern	indian	freshtohome	landing	0.8829951106174092	txt_body				0.0			
Bath & Shower	0	Not Dark Pattern	indian	Netmeds	landing	0.8254199075808023	json_element	1.0	1.0	0.0	0.0	0.0	1.0	
Men Shorts	0	Not Dark Pattern	indian	Shopsy	landing	0.8363906815916158	json_element	0.0	0.0	0.0	0.0	0.0	1.0	
Religious Print	0	Not Dark Pattern	indian	snapdeal	product	0.8161635097808819	json_element	0.0	0.0	0.0	0.0	0.0	1.0	
Set Of Two Spirtiual Rakhi	0	Not Dark Pattern	indian	myntra	cart	0.8138110324285339	txt_body				0.0			
Sun Care	0	Not Dark Pattern	indian	nykaa	landing	0.8264863837642831	json_element	1.0	1.0	0.0	0.0	0.0	1.0	
Queen Size Mattresses,	0	Not Dark Pattern	indian	myntra	landing	0.8009113180712711	json_element	0.0	0.0	1.0	0.0	0.0	1.0	
Luxe Flat Gold Table Lamp with Pleated Shade	0	Not Dark Pattern	indian	myntra	landing	0.80996736594069	json_element	0.0	0.0	0.0	0.0	0.0	1.0	
D-Max V-Cross	0	Not Dark Pattern	indian	spinny	product	0.8131659209691487	txt_body				0.0			
Store & Events	0	Not Dark Pattern	indian	nykaa	landing	0.8527562977900133	json_element	0.0	0.0	0.0	0.0	0.0	1.0	
Make and Model	0	Not Dark Pattern	indian	spinny	landing	0.8175654554333271	txt_body				0.0			
Myfitness By Paradise iOAT-H2O, 500 g Strawberry Creme	0	Not Dark Pattern	indian	HealthKart	landing	0.8124597057443836	txt_body				0.0			
Health Concern	0	Not Dark Pattern	indian	PharmEasy	landing	0.8015473788878191	json_element	1.0	1.0	0.0	0.0	0.0	1.0	
Diaper Changing Mats	0	Not Dark Pattern	indian	FirstCry	product	0.8086395712343091	json_element	1.0	1.0	0.0	0.0	0.0	1.0	
Printed	0	Not Dark Pattern	indian	Clovia	landing	0.8291807848869142	json_element	1.0	1.0	0.0	0.0	0.0	1.0	
Home Decor, Furnishing & more:	0	Not Dark Pattern	indian	Shopsy	landing	0.8423028055986826	txt_body				0.0			
My Beauty Profile	0	Not Dark Pattern	indian	Purplle	settings	0.8319452083503025	txt_body				1.0			
AnRp Fashion Polycotton Single Flat 240 TC Floral 1 Sum...	0	Not Dark Pattern	indian	flipkart	product	0.8229731732456036	json_element	0.0	0.0	0.0	0.0	0.0	1.0	
Pancreas Care Products	0	Not Dark Pattern	indian	PharmEasy	landing	0.8496404339746757	json_element	1.0	1.0	0.0	0.0	0.0	1.0	
New Releases	0	Not Dark Pattern	indian	amazon_in	product	0.8979326447184729	json_element	0.0	0.0	0.0	0.0	0.0	1.0	
By Tomorrow, 8 PM	0	Not Dark Pattern	indian	Tata 1mg	checkout	0.829879306540604	txt_body				1.0			
"Casual Shirt: Vintage Greens
Holiday Shirts
₹ 1499"	0	Not Dark Pattern	indian	The Souled Store	product	0.8470326674000297	json_element	0.0	0.0	0.0	0.0	0.0	1.0	
VideoCrypt is a secure live streaming platform that enables content creators and publishers to stream high-quality live... read more	0	Not Dark Pattern	indian	Techjockey	product	0.8393871662421503	txt_body				0.0			
Hair Oils	0	Not Dark Pattern	indian	FirstCry	product	0.8537299390655018	json_element	1.0	1.0	0.0	0.0	0.0	1.0	
WHAT'S THE DIFFERENCE BETWEEN DESIGNING A MEN'S T-SHIRT AND WOMEN'S T-SHIRT?	0	Not Dark Pattern	indian	myntra	product	0.8831739065086556	txt_body				0.0			
Happy is My SuperPower	0	Not Dark Pattern	indian	Clovia	landing	0.809473551279285	txt_body				0.0			
Acuvue 2 Bi-Weekly 10Hrs	0	Not Dark Pattern	indian	Lenskart	product	0.8110724523262935	txt_body				0.0			
Pack of 4 Rakhis & Roli Chawal	0	Not Dark Pattern	indian	myntra	cart	0.8481937893009843	txt_body				0.0			
Polka Print	0	Not Dark Pattern	indian	Clovia	landing	0.8161635097808819	json_element	1.0	1.0	0.0	0.0	0.0	1.0	
All Diabetic Supplements	0	Not Dark Pattern	indian	PharmEasy	landing	0.9226349302968742	json_element	1.0	1.0	0.0	0.0	0.0	1.0	
All Pet Food	0	Not Dark Pattern	indian	PharmEasy	landing	0.8853558806060309	json_element	1.0	1.0	0.0	0.0	0.0	1.0	
EIGHT & BOB	0	Not Dark Pattern	indian	nykaa	landing	0.818695287853837	json_element	1.0	1.0	0.0	0.0	0.0	1.0	
Face masks/sheets	0	Not Dark Pattern	indian	FirstCry	product	0.8398304956741802	json_element	1.0	1.0	0.0	0.0	0.0	1.0	
Pink Cotton Hand Block Printed Long Kurta	0	Not Dark Pattern	indian	FabIndia	product	0.8269526418562949	json_element	0.0	0.0	0.0	0.0	0.0	1.0	
"New Delhi
2 Stores"	0	Not Dark Pattern	indian	myntra	landing	0.8979326447184729	json_element	0.0	0.0	0.0	0.0	0.0	1.0	
OnePlus N6 5G (Midnight Green, 128 GB)	0	Not Dark Pattern	indian	flipkart	product	0.8047109896005211	txt_body				0.0			
Paperless Office Software	0	Not Dark Pattern	indian	Techjockey	settings	0.8152741288915003	json_element	1.0	1.0	0.0	1.0	0.0	1.0	
Women's Dresses	0	Not Dark Pattern	indian	Bewakoof	product	0.836464539312469	json_element	0.0	0.0	0.0	0.0	0.0	1.0	
Mats	0	Not Dark Pattern	indian	Shopsy	landing	0.8086395712343091	json_element	0.0	0.0	0.0	0.0	0.0	1.0	
fastrack watches	0	Not Dark Pattern	indian	myntra	settings	0.8158948667163735	json_element	0.0	0.0	0.0	1.0	0.0	1.0	
"Womens
                    Fragrance"	0	Not Dark Pattern	indian	nykaa	landing	0.8276593871700701	json_element	1.0	1.0	0.0	0.0	0.0	1.0	
PAYMENT METHOD	0	Not Dark Pattern	indian	FirstCry	product	0.8221785757612646	txt_body				0.0			
Pepe Jeans Fragrance	0	Not Dark Pattern	indian	nykaa	landing	0.804582952952454	json_element	1.0	1.0	0.0	0.0	0.0	1.0	
Lip Care	0	Not Dark Pattern	indian	FirstCry	product	0.8264863837642831	json_element	1.0	1.0	0.0	0.0	0.0	1.0	
FreshoCartz Mixed Nuts 500 g	0	Not Dark Pattern	indian	snapdeal	landing	0.820839971417956	txt_body				0.0			
Oversized Shirts	0	Not Dark Pattern	indian	The Souled Store	product	0.8466190226752458	txt_body				0.0			
Body Wash	0	Not Dark Pattern	indian	ajio	landing	0.8082859214350229	json_element	0.0	0.0	0.0	0.0	0.0	1.0	
"Purplle Credit
Manage your refunds and gift cards"	0	Not Dark Pattern	indian	Purplle	settings	0.8246687903793867	json_element	0.0	0.0	0.0	1.0	0.0	1.0	
Rosara Home	0	Not Dark Pattern	indian	nykaa	landing	0.828516327986744	json_element	1.0	1.0	0.0	0.0	0.0	1.0	
Rustic Art	0	Not Dark Pattern	indian	nykaa	landing	0.8106463749759749	json_element	1.0	1.0	0.0	0.0	0.0	1.0	
Bath & Blends	0	Not Dark Pattern	indian	Purplle	landing	0.8254199075808023	json_element	1.0	1.0	0.0	0.0	0.0	1.0	
Urbn Power Banks	0	Not Dark Pattern	indian	flipkart	landing	0.8031960084213855	json_element	1.0	1.0	0.0	0.0	0.0	1.0	
Green (120)	0	Not Dark Pattern	indian	FirstCry	product	0.8047109896005211	txt_body				0.0			
CLOTHES & SHOES	0	Not Dark Pattern	indian	FirstCry	product	0.8170994940600841	txt_body				0.0			
Women Panties	0	Not Dark Pattern	indian	Shopsy	landing	0.8420474916744316	json_element	0.0	0.0	0.0	0.0	0.0	1.0	
7. Authentic and Quality Assured	0	Not Dark Pattern	indian	HealthKart	product	0.8706787689478905	txt_body				0.0			
Sofas and Seating	0	Not Dark Pattern	indian	myntra	product	0.9020954775174482	txt_body				0.0			
Utsa Mustard Floral Printed Cotton Tunic	0	Not Dark Pattern	indian	westside	product	0.8114237941230937	json_element	0.0	0.0	0.0	0.0	0.0	1.0	
Baseball Shirts	0	Not Dark Pattern	indian	The Souled Store	product	0.8466190226752458	txt_body				0.0			
First Name *	0	Not Dark Pattern	indian	Bewakoof	checkout	0.8063504526913331	txt_body				1.0			
Videonetics is a leading provider of AI-powered video management software, offering a unified platform designed to hand... read more	0	Not Dark Pattern	indian	Techjockey	product	0.8574243067719005	txt_body				0.0			
Ray Ban Meta Smart Glasses	0	Not Dark Pattern	indian	flipkart	landing	0.801113011964097	json_element	1.0	1.0	0.0	0.0	0.0	1.0	
All Skin Cleansers	0	Not Dark Pattern	indian	PharmEasy	landing	0.8871969730398813	json_element	1.0	1.0	0.0	0.0	0.0	1.0	
GoBoult Wireless Earphones	0	Not Dark Pattern	indian	flipkart	landing	0.82105650420803	json_element	1.0	1.0	0.0	0.0	0.0	1.0	
Updates on What Is Trending and New Product Launches	0	Not Dark Pattern	indian	myntra	landing	0.8095287195492445	txt_body				0.0			
Pink Cotton Silk Printed Slim Fit Long Kurta	0	Not Dark Pattern	indian	FabIndia	landing	0.8264725196183846	json_element	0.0	0.0	0.0	0.0	0.0	1.0	
MOSQUITO REPELLENTS & CARE	0	Not Dark Pattern	indian	FirstCry	product	0.8264863837642831	json_element	1.0	1.0	0.0	0.0	0.0	1.0	
Zoom Shoes	0	Not Dark Pattern	indian	nykaa	landing	0.8339212378437332	json_element	1.0	1.0	0.0	0.0	0.0	1.0	
Android Smart Watches	0	Not Dark Pattern	indian	noise	landing	0.8158948667163735	json_element	0.0	0.0	0.0	0.0	0.0	1.0	
Dishant Patel  Men Sports Shoes  Adidas  Arrow  Fila  Online Shopping  Nike  Pepe Jeans  Puma  United Colors Of Benetton  Fastrack  Shorts  Being Human  Skirts  Woodland  Supra  Dresses  Men Shopping  Women Shopping  Blazers  Sherwani  Online Shopping  Men Olive Green & Cream Coloured St  Rahul Raina  Saurabh Sharma  Clothing  Jewellery  T Shirts  Shoes  Bags  Watches  Caps  Shirts  Backpacks  Puma Tshirts  Woodland Shoes  Titan Watches  Fastrack Watches  Wrangler Shirts  Adidas Tshirts  Nike Shoes  Roadster Shirts  Casual Shoes  Running Shoes  Nike Sports Shoes  Jeans  Being Human Tshirts  Converse Shoes  Cricket Shoes	0	Not Dark Pattern	indian	myntra	product	0.8935786206120097	txt_body				0.0			
Join	0	Not Dark Pattern	indian	FirstCry	cart	0.8031645607496135	txt_body				0.0			
see all	0	Not Dark Pattern	indian	Blinkit	landing	0.861910243249441	json_element	0.0	0.0	0.0	0.0	0.0	1.0	
● Reviews	0	Not Dark Pattern	indian	myntra	landing	0.8157400372517509	txt_body				0.0			
Combo Pack of Tata 1mg Pain Relief Spray (100gm) & Tata 1mg Calcium 500mg & Vita	0	Not Dark Pattern	indian	Tata 1mg	landing	0.8394361694481574	json_element	0.0	0.0	0.0	0.0	0.0	1.0	
Square Rakhi With Roli Chawal	0	Not Dark Pattern	indian	myntra	cart	0.8336071840746878	txt_body				0.0			
Non-Returnable Products	0	Not Dark Pattern	indian	FirstCry	cart	0.8315948966771027	txt_body				0.0			
Book Car	0	Not Dark Pattern	indian	spinny	settings	0.8031103191219409	json_element	0.0	0.0	0.0	1.0	0.0	1.0	
Feeding Sets	0	Not Dark Pattern	indian	FirstCry	product	0.8019401874180485	json_element	1.0	1.0	0.0	0.0	0.0	1.0	
View Profile	0	Not Dark Pattern	indian	Tata 1mg	product	0.8791683596169982	json_element	1.0	1.0	0.0	0.0	0.0	1.0	
We accept all major cards except Diners Club.	0	Not Dark Pattern	indian	HealthKart	checkout	0.8532873039294601	txt_body				1.0			
Pre-School Learning	0	Not Dark Pattern	indian	FirstCry	product	0.8181748494276723	json_element	1.0	1.0	0.0	0.0	0.0	1.0	
Green Tea Extract: For good immunity and good weight management green tea extract is the right choice.	0	Not Dark Pattern	indian	HealthKart	landing	0.8011721374958272	txt_body				0.0			
Round Neck T-shirt	0	Not Dark Pattern	indian	myntra	product	0.8433910303807479	json_element	0.0	0.0	1.0	0.0	0.0	1.0	
Ansee by Addery	0	Not Dark Pattern	indian	nykaa	landing	0.829879306540604	json_element	1.0	1.0	0.0	0.0	0.0	1.0	
Office Furniture & Decor	0	Not Dark Pattern	indian	Moglix	product	0.8263119888580378	json_element	0.0	0.0	0.0	0.0	0.0	1.0	
"Baby
                      Oil"	0	Not Dark Pattern	indian	nykaa	landing	0.8517961824588726	json_element	1.0	1.0	0.0	0.0	0.0	1.0	
Bicycle Accessories	0	Not Dark Pattern	indian	snapdeal	product	0.8591748364858328	json_element	1.0	1.0	0.0	0.0	0.0	1.0	
Men's Light Pink & White Checked Shirt	0	Not Dark Pattern	indian	Bewakoof	product	0.8394931341076621	txt_body				0.0			
Books & Stationery	0	Not Dark Pattern	indian	DMart Ready	product	0.8260323259021548	json_element	0.0	0.0	1.0	0.0	0.0	1.0	
Videos First	0	Not Dark Pattern	indian	boult	cart	0.8035551449764806	txt_body				0.0			
Converse Shoes	0	Not Dark Pattern	indian	myntra	product	0.8335052323309962	json_element	0.0	0.0	1.0	0.0	0.0	1.0	
Hodaqe Magnetic Quick Release Adapter Compatible with DJI Action Cameras | Magnetic snap-on base with locking clips, silicone contact pads and a standard action camera mounting interface.	0	Not Dark Pattern	indian	amazon_in	cart	0.8318588138573522	txt_body				0.0			
Bath | Shower	0	Not Dark Pattern	indian	westside	landing	0.8254199075808023	json_element	1.0	1.0	0.0	0.0	0.0	1.0	
View All Preset Solitaire Pendants	0	Not Dark Pattern	indian	bluestone	cart	0.9412076797625144	json_element	1.0	1.0	0.0	0.0	0.0	1.0	
Grey, Beige	0	Not Dark Pattern	indian	flipkart	product	0.8031669800491422	txt_body				0.0			
Shop By Concern	0	Not Dark Pattern	indian	nykaa	landing	0.8924850709942213	json_element	1.0	1.0	0.0	0.0	0.0	1.0	
Shop By Categories	0	Not Dark Pattern	indian	myntra	product	0.8875511259312944	txt_body				0.0			
Body Weighing Scales	0	Not Dark Pattern	indian	Moglix	landing	0.8082859214350229	json_element	0.0	0.0	1.0	0.0	0.0	1.0	
Baby Nutrition	0	Not Dark Pattern	indian	PharmEasy	landing	0.8683306295557556	json_element	1.0	1.0	0.0	0.0	0.0	1.0	
Casual Shoes	0	Not Dark Pattern	indian	ajio	landing	0.8599195977665046	json_element	0.0	0.0	0.0	0.0	0.0	1.0	
Role & Pretend Play Toys	0	Not Dark Pattern	indian	FirstCry	product	0.8283184996373271	json_element	1.0	1.0	0.0	0.0	0.0	1.0	
Neck Type	0	Not Dark Pattern	indian	LimeRoad	product	0.8545350608774942	txt_body				0.0			
PUMA Smash Pop Softfoam+ Men Sports Shoes	0	Not Dark Pattern	indian	lifestyle	product	0.8698563466091958	json_element	0.0	0.0	0.0	0.0	0.0	1.0	
AJIO has a regular schedule of new collections that are sourced from the latest fashion trends from around the world and the latest trends from the Indian subcontinent. The site sells clothing, shoes, accessories and lifestyle products for women and men, and selected beauty and home products for children. Shopping with AJIO is not only about a vast array of products but also a host of exciting fashion offers, special deals and discounts all year round to make shopping even more fun. AJIO Big Bold Sale is the time when customers can get big discounts on the best brands and categories of fashion products, making it more affordable and accessible.	0	Not Dark Pattern	indian	ajio	landing	0.8193224616788325	txt_body				0.0			
team	0	Not Dark Pattern	indian	LimeRoad	landing	0.8392615909891572	json_element	1.0	1.0	0.0	0.0	0.0	1.0	
Heeled Sandals	0	Not Dark Pattern	indian	ajio	landing	0.8005312503086353	json_element	0.0	0.0	0.0	0.0	0.0	1.0	
Rhymes & Poetry Books	0	Not Dark Pattern	indian	FirstCry	product	0.8260323259021548	json_element	1.0	1.0	0.0	0.0	0.0	1.0	
BlueStone App	0	Not Dark Pattern	indian	bluestone	cart	0.8090152585321595	txt_body				0.0			
Eye Care	0	Not Dark Pattern	indian	FirstCry	product	0.8264863837642831	json_element	1.0	1.0	0.0	0.0	0.0	1.0	
Complete Specialised Skincare Collection	0	Not Dark Pattern	indian	Purplle	landing	0.8238439060291762	json_element	1.0	1.0	0.0	0.0	0.0	1.0	
State Bank of Hyderabad	0	Not Dark Pattern	indian	amazon_in	checkout	0.8583504963111845	txt_body				1.0			
Delivery inEnter Pincode above	0	Not Dark Pattern	indian	lifestyle	cart	0.8428064550001023	txt_body				0.0			
Select a payment method:	0	Not Dark Pattern	indian	freshtohome	payment	0.8233294923834529	txt_body				1.0			
Men's Jewellery|	0	Not Dark Pattern	indian	bluestone	landing	0.8202505511122231	txt_body				0.0			
Ducati Accessories	0	Not Dark Pattern	indian	nykaa	landing	0.891539001623241	json_element	1.0	1.0	0.0	0.0	0.0	1.0	
All Healthcare Appliances	0	Not Dark Pattern	indian	PharmEasy	landing	0.8705876602812956	json_element	1.0	1.0	0.0	0.0	0.0	1.0	
Breast Feeding	0	Not Dark Pattern	indian	FirstCry	product	0.8019401874180485	json_element	1.0	1.0	0.0	0.0	0.0	1.0	
Delivery timelines:	0	Not Dark Pattern	indian	myntra	product	0.8428064550001023	txt_body				0.0			
OWS with Airwave™...40H Playtime with...	0	Not Dark Pattern	indian	noise	cart	0.8336071840746878	txt_body				0.0			
All Urinary Support and Care Products	0	Not Dark Pattern	indian	PharmEasy	landing	0.9017892156461661	json_element	1.0	1.0	0.0	0.0	0.0	1.0	
Home Furniture	0	Not Dark Pattern	indian	FirstCry	product	0.828516327986744	json_element	1.0	1.0	0.0	0.0	0.0	1.0	
Power Series	0	Not Dark Pattern	indian	noise	landing	0.8031960084213855	json_element	0.0	0.0	0.0	0.0	0.0	1.0	
Good Vibes Acne Control Tea Tree Cleansing Toner with Power of Serum | Treats Acne (120 ml)	0	Not Dark Pattern	indian	Purplle	cart	0.8569157715083948	txt_body				0.0			
Peachy Accessories	0	Not Dark Pattern	indian	nykaa	landing	0.891539001623241	json_element	1.0	1.0	0.0	0.0	0.0	1.0	
Face Gel	0	Not Dark Pattern	indian	nykaa	landing	0.8125236098643798	json_element	1.0	1.0	0.0	0.0	0.0	1.0	
As a leading online furniture store, we understand the importance of convenience and customer satisfaction. Shopping with us is hassle-free, with detailed product descriptions, high-resolution images, and easy-to-navigate categories that help you make informed decisions. You can also explore various home decorative items to complement your furniture and complete the look of your home. Plus, with our secure payment options and fast delivery services, we ensure a seamless shopping experience from start to finish.	0	Not Dark Pattern	indian	myntra	landing	0.8130973045756882	txt_body				0.0			
Top brands	0	Not Dark Pattern	indian	lifestyle	landing	0.8286023021298972	json_element	0.0	0.0	1.0	0.0	0.0	1.0	
Box of 240 ml feeding bottle	0	Not Dark Pattern	indian	Tata 1mg	cart	0.8148801382560273	txt_body				0.0			
Belts, Scarves & More	0	Not Dark Pattern	indian	myntra	landing	0.8073250998351251	json_element	0.0	0.0	0.0	0.0	0.0	1.0	
Fear of God	0	Not Dark Pattern	indian	nykaa	landing	0.8306908963135091	json_element	1.0	1.0	0.0	0.0	0.0	1.0	
Chevron Men Printed Casual Multicolor Shirt	0	Not Dark Pattern	indian	Shopsy	cart	0.8693715413428558	txt_body				0.0			
Toys and Stationary:	0	Not Dark Pattern	indian	Shopsy	landing	0.8807682715688772	txt_body				0.0			
Toy Guns Accessories	0	Not Dark Pattern	indian	ajio	landing	0.891539001623241	json_element	0.0	0.0	0.0	0.0	0.0	1.0	
"6.1 And Above
35"	0	Not Dark Pattern	indian	HealthKart	product	0.81850023383972	json_element	0.0	0.0	0.0	0.0	0.0	1.0	
Sports, Books & More	0	Not Dark Pattern	indian	flipkart	product	0.8617057841277972	txt_body				0.0			
slippers and flip flops	0	Not Dark Pattern	indian	LimeRoad	landing	0.84492141996553	json_element	1.0	1.0	0.0	0.0	0.0	1.0	
Filters:	0	Not Dark Pattern	indian	noise	product	0.8229229076976428	txt_body				0.0			
Soy based protein	0	Not Dark Pattern	indian	HealthKart	landing	0.8128714109188933	json_element	0.0	0.0	1.0	0.0	0.0	1.0	
New Santro 1.1	0	Not Dark Pattern	indian	spinny	product	0.8979326447184729	txt_body				0.0			
"Bath &
                  Body"	0	Not Dark Pattern	indian	nykaa	landing	0.8338494843725253	json_element	1.0	1.0	0.0	0.0	0.0	1.0	
Women's Hoodies	0	Not Dark Pattern	indian	flipkart	landing	0.8420474916744316	json_element	1.0	1.0	0.0	0.0	0.0	1.0	
Discover Our Brands	0	Not Dark Pattern	indian	myntra	landing	0.8273992463429314	json_element	0.0	0.0	1.0	0.0	0.0	1.0	
Girls Oversized Striped Shirt	0	Not Dark Pattern	indian	max_fashion	product	0.8162999813061966	json_element	0.0	0.0	1.0	0.0	0.0	1.0	
Our Marketplace Policies	0	Not Dark Pattern	indian	myntra	landing	0.813857409139088	json_element	0.0	0.0	1.0	0.0	0.0	1.0	
Gifts under ₹999	0	Not Dark Pattern	indian	westside	landing	0.8373280554547529	json_element	1.0	1.0	0.0	0.0	0.0	1.0	
Vaseline Deep Moisture Body Lotion N | For Cushion Soft Skin| With Ceramides Hya	0	Not Dark Pattern	indian	Purplle	product	0.800847201433488	json_element	0.0	0.0	0.0	0.0	0.0	1.0	
Nose Pin|	0	Not Dark Pattern	indian	bluestone	landing	0.8268720803564445	txt_body				0.0			
Top Categories	0	Not Dark Pattern	indian	Lenskart	landing	0.8240521802922102	txt_body				0.0			
Men Footwear	0	Not Dark Pattern	indian	shoppers_stop	landing	0.8314224701089115	json_element	0.0	0.0	1.0	0.0	0.0	1.0	
Personal Care & Grooming	0	Not Dark Pattern	indian	snapdeal	product	0.8267121079950567	json_element	1.0	1.0	0.0	0.0	0.0	1.0	
Sort By	0	Not Dark Pattern	indian	FabIndia	product	0.829879306540604	txt_body				0.0			
Men's Diamond Braclets	0	Not Dark Pattern	indian	bluestone	landing	0.8348312033074192	json_element	0.0	0.0	1.0	0.0	0.0	1.0	
Cables & Chargers	0	Not Dark Pattern	indian	snapdeal	product	0.8094721869694407	json_element	1.0	1.0	0.0	0.0	0.0	1.0	
Men Comfort Fit Lounge T-Shirt	0	Not Dark Pattern	indian	myntra	product	0.8250938024252603	txt_body				0.0			
Trolley Luggage Bags	0	Not Dark Pattern	indian	FirstCry	product	0.8171913423787497	json_element	1.0	1.0	0.0	0.0	0.0	1.0	
Boys Checked Relaxed Shirt	0	Not Dark Pattern	indian	max_fashion	product	0.8052634156445302	json_element	0.0	0.0	0.0	0.0	0.0	1.0	
Popular Search In Women:- Women Clothing | Women Indianwear | Women Westernwear | Lingerie & Nightwear | Women Footwear | women watches | Fragrance For Women | Women Bags & Wallets | Women Sunglasses | Women Jewellery | Women Accessories	0	Not Dark Pattern	indian	shoppers_stop	landing	0.845247419084499	txt_body				0.0			
Babyhug Musical Bump And Go Beetle Projector Toy...	0	Not Dark Pattern	indian	FirstCry	cart	0.8276571640936875	txt_body				0.0			
TYPE Beauty	0	Not Dark Pattern	indian	nykaa	landing	0.8028051594486272	json_element	1.0	1.0	0.0	0.0	0.0	1.0	
Keyboards | Earbuds | Earphones | Speaker | Mouse | Vaccum Cleaner | Hair Straightener | Hard Disks | Irons | Trimmer | Trimmers For Men | Epilators | Hair Dryer | Hdmi Cable | Mobile Cover | Laptop Stands | Neckband | Pen Drives | Wifi Routers	0	Not Dark Pattern	indian	Shopsy	landing	0.8059917187898239	txt_body				0.0			
Delivery:	0	Not Dark Pattern	indian	amazon_in	checkout	0.8428064550001023	txt_body				1.0			
My Scrapbook	0	Not Dark Pattern	indian	LimeRoad	landing	0.869635263945345	json_element	1.0	1.0	0.0	0.0	0.0	1.0	
Popular Search In Hair:-Hair |Shampoo and Conditioners |Hair Treatments |Hair Masks |Hair Oils |Hair Serums |Scalp Treatments |Hair Styling |Tools and Accessories |Hair Brushes and Combs |Hair Dryers |Straighteners and Flat Irons |Hair Multi Stylers |Hair Accessories	0	Not Dark Pattern	indian	shoppers_stop	landing	0.8933300300808983	txt_body				0.0			
Coupons store	0	Not Dark Pattern	indian	JioMart	settings	0.8043295419854308	json_element	0.0	0.0	0.0	1.0	0.0	1.0	
ApnaCam Full HD 2MP Mini PTZ Smart WiFi Camera with 355 deg View, Color Night Vi	0	Not Dark Pattern	indian	Moglix	landing	0.8025598335032997	json_element	0.0	0.0	1.0	0.0	0.0	1.0	
Face Serum	0	Not Dark Pattern	indian	HealthKart	landing	0.8125236098643798	json_element	1.0	1.0	0.0	0.0	0.0	1.0	
Beauty and Hair Accessories	0	Not Dark Pattern	indian	shoppers_stop	landing	0.9029496102575625	json_element	0.0	0.0	1.0	0.0	0.0	1.0	
Nisrag Home	0	Not Dark Pattern	indian	nykaa	landing	0.828516327986744	json_element	1.0	1.0	0.0	0.0	0.0	1.0	
BOTTOM WEAR	0	Not Dark Pattern	indian	pantaloons	landing	0.8094637733108317	json_element	1.0	1.0	0.0	0.0	0.0	1.0	
Slazenger Accessories	0	Not Dark Pattern	indian	nykaa	landing	0.891539001623241	json_element	1.0	1.0	0.0	0.0	0.0	1.0	
Book Cases	0	Not Dark Pattern	indian	myntra	landing	0.8070046993200313	json_element	1.0	1.0	0.0	0.0	0.0	1.0	
Flat (L x W): 240 cm x 215 cm	0	Not Dark Pattern	indian	flipkart	product	0.8176396670134762	txt_body				0.0			
Mosquito Repellents & Care	0	Not Dark Pattern	indian	FirstCry	product	0.8264863837642831	json_element	1.0	1.0	0.0	0.0	0.0	1.0	
Delivery by Fri Sep 4	0	Not Dark Pattern	indian	Shopsy	cart	0.859551784372934	txt_body				0.0			
Utsa Orange Fruit Printed Cotton Tunic	0	Not Dark Pattern	indian	westside	product	0.820109159704224	json_element	0.0	0.0	0.0	0.0	0.0	1.0	
"4.7
1
2
3
4
Acuvue 2 Bi-Weekly 10Hrs
6 lens/box

Delivery by 17, August

₹ 1499"	0	Not Dark Pattern	indian	Lenskart	product	0.8142034016542161	json_element	0.0	0.0	0.0	0.0	0.0	1.0	
Shop All Products	0	Not Dark Pattern	indian	Purplle	product	0.9307221433521491	txt_body				0.0			
VIEW ALL	0	Not Dark Pattern	indian	DMart Ready	product	0.9412076797625144	json_element	0.0	0.0	0.0	0.0	1.0	0.0	
Board Books	0	Not Dark Pattern	indian	FirstCry	product	0.823100395458455	json_element	1.0	1.0	0.0	0.0	0.0	1.0	
Date of Birth	0	Not Dark Pattern	indian	pepperfry	cancel_step	0.8280412829715714	txt_body				1.0			
Women's Slippers & Flip Flops	0	Not Dark Pattern	indian	flipkart	landing	0.8234752243796597	json_element	1.0	1.0	0.0	0.0	0.0	1.0	
Enable Single Click Payment	0	Not Dark Pattern	indian	FirstCry	cart	0.8224138322896845	txt_body				0.0			
Bra Accessories	0	Not Dark Pattern	indian	Clovia	landing	0.8622600062349877	json_element	1.0	1.0	0.0	0.0	0.0	1.0	
Women's Plus Size Store	0	Not Dark Pattern	indian	Bewakoof	product	0.857341280681377	json_element	0.0	0.0	0.0	0.0	0.0	1.0	
Sports, Fitness & Outdoors	0	Not Dark Pattern	indian	amazon_in	product	0.8432322810150148	json_element	0.0	0.0	0.0	0.0	0.0	1.0	
Close My Account	0	Not Dark Pattern	indian	amazon_in	cancel_step	0.8658436373900783	txt_body				1.0			
Babyhug Silicone Medicine Feeder With Pacifier...	0	Not Dark Pattern	indian	FirstCry	checkout	0.8336071840746878	txt_body				1.0			
Black Cotton Long Kurta	0	Not Dark Pattern	indian	FabIndia	cart	0.8158941170623639	json_element	0.0	0.0	0.0	0.0	0.0	1.0	
"My Wallet
Bewakoof Wallet History And Redeemed Gift Cards"	0	Not Dark Pattern	indian	Bewakoof	settings	0.8817129187046646	json_element	0.0	0.0	0.0	1.0	1.0	0.0	
Azai By Nykaa Fashion	0	Not Dark Pattern	indian	nykaa	landing	0.8501464657404169	json_element	1.0	1.0	0.0	0.0	0.0	1.0	
Shop By Lifestyle	0	Not Dark Pattern	indian	boult	landing	0.8833532625006494	txt_body				0.0			
Air Buds Pro 6	0	Not Dark Pattern	indian	noise	product	0.820630391159515	json_element	0.0	0.0	0.0	0.0	0.0	1.0	
MME 220V 200m Plastic Black Industrial Police Tone Siren	0	Not Dark Pattern	indian	Moglix	landing	0.8048952580464379	json_element	0.0	0.0	1.0	0.0	0.0	1.0	
Makita Power DrillsPower Tool KitsDewalt Angle GrindersCordless Power ToolsStanley Power toolsBosch Power Tools	0	Not Dark Pattern	indian	Moglix	landing	0.8066565230293474	txt_body				0.0			
Women Kurtas	0	Not Dark Pattern	indian	Shopsy	landing	0.8420474916744316	json_element	0.0	0.0	0.0	0.0	0.0	1.0	
Ethnic Footwear (9)	0	Not Dark Pattern	indian	FirstCry	product	0.810178350661709	json_element	0.0	0.0	0.0	0.0	0.0	1.0	
Dewon Electric 40A Double Pole MCB Type Changeover	0	Not Dark Pattern	indian	Moglix	landing	0.8084395275425552	json_element	0.0	0.0	0.0	0.0	0.0	1.0	
Cooling Pads	0	Not Dark Pattern	indian	snapdeal	product	0.8006510177399246	json_element	1.0	1.0	0.0	0.0	0.0	1.0	
Whey protein isolate	0	Not Dark Pattern	indian	HealthKart	landing	0.8153768438095506	json_element	0.0	0.0	1.0	0.0	0.0	1.0	
Silcon Gold MS01 3+1 2.5m 220W Plastic White Extension Board	0	Not Dark Pattern	indian	Moglix	landing	0.8158846613870786	json_element	0.0	0.0	0.0	0.0	0.0	1.0	
Plaid Shirt: Cobalt	0	Not Dark Pattern	indian	The Souled Store	product	0.808834491027449	txt_body				0.0			
Helmet Accessories	0	Not Dark Pattern	indian	snapdeal	product	0.891539001623241	json_element	1.0	1.0	0.0	0.0	0.0	1.0	
"WOMEN	MEN	KIDS	HOME"	0	Not Dark Pattern	indian	LimeRoad	landing	0.866078686371379	txt_body				0.0			
Mars by GHC	0	Not Dark Pattern	indian	nykaa	landing	0.829879306540604	json_element	1.0	1.0	0.0	0.0	0.0	1.0	
Heeled Shoes	0	Not Dark Pattern	indian	ajio	landing	0.8339212378437332	json_element	0.0	0.0	0.0	0.0	0.0	1.0	
Infants Toys	0	Not Dark Pattern	indian	ajio	landing	0.8283184996373271	json_element	0.0	0.0	0.0	0.0	0.0	1.0	
Product Origin	0	Not Dark Pattern	indian	boult	cart	0.8091618835864216	txt_body				0.0			
Light Meters	0	Not Dark Pattern	indian	Moglix	landing	0.8337418591659395	json_element	0.0	0.0	1.0	0.0	0.0	1.0	
Butter and Edible Oils	0	Not Dark Pattern	indian	PharmEasy	landing	0.9020954775174482	json_element	1.0	1.0	0.0	0.0	0.0	1.0	
Product USP	0	Not Dark Pattern	indian	boult	cart	0.8091618835864216	txt_body				0.0			
POWER PIXEL	0	Not Dark Pattern	indian	Moglix	landing	0.8031960084213855	txt_body				0.0			
UI/UX Design Tools	0	Not Dark Pattern	indian	Techjockey	settings	0.843090121215884	json_element	1.0	1.0	0.0	1.0	0.0	1.0	
Why Licious?	0	Not Dark Pattern	indian	licious	landing	0.8109809681226671	json_element	0.0	0.0	0.0	0.0	0.0	1.0	
Fuchsia by Aashka Mehta	0	Not Dark Pattern	indian	nykaa	landing	0.829879306540604	json_element	1.0	1.0	0.0	0.0	0.0	1.0	
PAGE 1	0	Not Dark Pattern	indian	lifestyle	product	0.8103910281200734	json_element	0.0	0.0	1.0	0.0	1.0	0.0	
Recommended Payment Options	0	Not Dark Pattern	indian	myntra	payment	0.8003484564947426	txt_body				1.0			
THE HOME TALK	0	Not Dark Pattern	indian	nykaa	landing	0.8271635699422468	json_element	1.0	1.0	0.0	0.0	0.0	1.0	
NY Bae-sics Matte SPF Compact Powder | Soft-Focus | Non-Sticky Matte Finish | Bu	0	Not Dark Pattern	indian	Purplle	cart	0.8209989042673143	json_element	0.0	0.0	0.0	0.0	0.0	1.0	
View more products	0	Not Dark Pattern	indian	DMart Ready	product	0.8972232844764173	json_element	0.0	0.0	1.0	0.0	1.0	0.0	
What is My Account?	0	Not Dark Pattern	indian	JioMart	cancel_step	0.8587407753309495	txt_body				1.0			
Hair Color	0	Not Dark Pattern	indian	Netmeds	landing	0.8485634964287831	json_element	1.0	1.0	0.0	0.0	0.0	1.0	
Returns & Refunds	0	Not Dark Pattern	indian	The Souled Store	landing	0.8130328518941423	json_element	0.0	0.0	0.0	0.0	0.0	1.0	
VIEW ALL PREMIUM PRODUCTS	0	Not Dark Pattern	indian	FirstCry	product	0.939953895242229	json_element	1.0	1.0	0.0	0.0	0.0	1.0	
By CIPZER	0	Not Dark Pattern	indian	PharmEasy	product	0.829879306540604	txt_body				0.0			
NY Bae The Big Apple of My Eye Kajal | Twin Pack | Waterproof | Smudgeproof | Bl	0	Not Dark Pattern	indian	Purplle	cart	0.8800543582931533	json_element	0.0	0.0	0.0	0.0	0.0	1.0	
Hand & Face Towels	0	Not Dark Pattern	indian	FirstCry	product	0.807473615862913	json_element	1.0	1.0	0.0	0.0	0.0	1.0	
By LOVE EARTH	0	Not Dark Pattern	indian	PharmEasy	product	0.8078109369645763	txt_body				0.0			
Sports, Health & Fitness	0	Not Dark Pattern	indian	Shopsy	landing	0.8415293951702684	txt_body				0.0			
Edit Personal Info And Change Password	0	Not Dark Pattern	indian	Bewakoof	settings	0.8603544160546233	txt_body				1.0			
UNALLUME BY NISHA	0	Not Dark Pattern	indian	nykaa	landing	0.829879306540604	json_element	1.0	1.0	0.0	0.0	0.0	1.0	
5. RAHUL LOOK Men Solid Casual Light Green Shirt	0	Not Dark Pattern	indian	Shopsy	product	0.8694332008757794	txt_body				0.0			
Help And Support	0	Not Dark Pattern	indian	myntra	product	0.845644240446462	json_element	0.0	0.0	0.0	0.0	0.0	1.0	
Doctor Strange: Eye of Horus	0	Not Dark Pattern	indian	The Souled Store	product	0.89821305945525	txt_body				0.0			
SHOP BY COLLECTION	0	Not Dark Pattern	indian	FirstCry	product	0.9087596403712416	json_element	1.0	1.0	0.0	0.0	0.0	1.0	
tops	0	Not Dark Pattern	indian	LimeRoad	landing	0.8590710659811271	json_element	1.0	1.0	0.0	0.0	0.0	1.0	
Best Eye Creams	0	Not Dark Pattern	indian	Purplle	landing	0.8123208212444165	json_element	1.0	1.0	0.0	0.0	0.0	1.0	
Continue with	0	Not Dark Pattern	indian	myntra	landing	0.8140315974293506	txt_body				0.0			
Pain Relief Products	0	Not Dark Pattern	indian	PharmEasy	landing	0.8315948966771027	json_element	1.0	1.0	0.0	0.0	0.0	1.0	
Baby Diapers	0	Not Dark Pattern	indian	PharmEasy	landing	0.8683306295557556	json_element	1.0	1.0	0.0	0.0	0.0	1.0	
Eggoz Protein Plus Egg	0	Not Dark Pattern	indian	Zepto	checkout	0.8055116243861976	txt_body				1.0			
fashion jewellery	0	Not Dark Pattern	indian	LimeRoad	landing	0.830383209074695	json_element	1.0	1.0	0.0	0.0	0.0	1.0	
By THE FACE SHOP	0	Not Dark Pattern	indian	PharmEasy	product	0.8622076572391967	txt_body				0.0			
Babyhug Spout And Straw Sipper Set Of 2 Pink...	0	Not Dark Pattern	indian	FirstCry	cart	0.902056592510562	txt_body				0.0			
Lounge Wear | Sleep Wear	0	Not Dark Pattern	indian	westside	landing	0.8159412897970688	json_element	1.0	1.0	0.0	0.0	0.0	1.0	
Kaniry Artise of Novelty	0	Not Dark Pattern	indian	nykaa	landing	0.89821305945525	json_element	1.0	1.0	0.0	0.0	0.0	1.0	
Even with a well-planned diet, meeting every nutritional need isn’t always possible. Factors like lifestyle, age, and health conditions can influence how much of certain vitamins and minerals your body actually gets. Vitamin and mineral supplements are often used to help bridge these gaps and support overall health when taken appropriately. Taking these supplements supports overall health, recovery, and energy levels, especially when you can’t get enough of these nutrients due to a busy lifestyle, irregular eating habits, stress, or a lack of a varied diet.	0	Not Dark Pattern	indian	HealthKart	landing	0.8144473149401643	txt_body				0.0			
WHITE STRAPPY KNIT TOP	0	Not Dark Pattern	indian	TheLabelLife	product	0.8244420702182161	json_element	1.0	1.0	0.0	0.0	0.0	1.0	
"Hair
                      Extensions"	0	Not Dark Pattern	indian	nykaa	landing	0.839870180229841	json_element	1.0	1.0	0.0	0.0	0.0	1.0	
Product Related	0	Not Dark Pattern	indian	shoppers_stop	cancel_step	0.8091618835864216	txt_body				1.0			
Liveasy Tongue Cleaner - Pack Of 2 - Removes All Particles & Freshens Mouth	0	Not Dark Pattern	indian	PharmEasy	cart	0.9064530192030844	txt_body				0.0			
Fusion Wear	0	Not Dark Pattern	indian	ajio	landing	0.8159412897970688	json_element	0.0	0.0	0.0	0.0	0.0	1.0	
Women Diamond Rings|	0	Not Dark Pattern	indian	bluestone	landing	0.848365234137243	txt_body				0.0			
Protein peanut butter	0	Not Dark Pattern	indian	HealthKart	landing	0.8153768438095506	json_element	0.0	0.0	1.0	0.0	0.0	1.0	
"Bath
                  & Body Combos"	0	Not Dark Pattern	indian	nykaa	landing	0.8338494843725253	json_element	1.0	1.0	0.0	0.0	0.0	1.0	
Media House	0	Not Dark Pattern	indian	Techjockey	settings	0.8152452365122344	json_element	1.0	1.0	0.0	1.0	0.0	1.0	
Several social media platforms such as Facebook and Instagram along with various online shopping websites have chosen to help filter content, increasing user engagement, retention and customer loyalty.	0	Not Dark Pattern	indian	myntra	landing	0.8445833020745035	txt_body				0.0			
Return & Cancellation Policy	0	Not Dark Pattern	indian	Purplle	landing	0.8074950429244304	json_element	1.0	1.0	0.0	0.0	0.0	1.0	
"All
1050 results"	0	Not Dark Pattern	indian	Netmeds	product	0.852325430554441	json_element	0.0	0.0	0.0	0.0	1.0	0.0	
Advertise With Us	0	Not Dark Pattern	indian	Techjockey	product	0.8037390504970987	json_element	0.0	0.0	1.0	0.0	0.0	1.0	
Ethnic Footwear	0	Not Dark Pattern	indian	FirstCry	product	0.810178350661709	json_element	1.0	1.0	0.0	0.0	0.0	1.0	
Bath Salts	0	Not Dark Pattern	indian	nykaa	landing	0.8254199075808023	json_element	1.0	1.0	0.0	0.0	0.0	1.0	
Download Our Apps	0	Not Dark Pattern	indian	lifestyle	landing	0.8280718949945017	json_element	0.0	0.0	0.0	0.0	0.0	1.0	
COLLECTION	0	Not Dark Pattern	indian	FirstCry	product	0.859410422023783	txt_body				0.0			
All Metabolic System Care Products	0	Not Dark Pattern	indian	PharmEasy	landing	0.900732117942498	json_element	1.0	1.0	0.0	0.0	0.0	1.0	
Skin Supplements	0	Not Dark Pattern	indian	HealthKart	landing	0.8026917869344168	json_element	1.0	1.0	0.0	0.0	0.0	1.0	
Pack of 1	0	Not Dark Pattern	indian	snapdeal	product	0.8481937893009843	json_element	0.0	0.0	0.0	0.0	0.0	1.0	
TrueBasics Immuno Boost: With the richness of natural herbs, natural bad bacteria killers, active against microbes, ashwagandha, the TrueBasics Immuno Boost helps to support the immune system.	0	Not Dark Pattern	indian	HealthKart	landing	0.8023163978807497	txt_body				0.0			
Shampoo and Conditioners	0	Not Dark Pattern	indian	shoppers_stop	landing	0.8499382747424313	json_element	0.0	0.0	1.0	0.0	0.0	1.0	
Nursing & Feeding	0	Not Dark Pattern	indian	nykaa	landing	0.8176880783189651	json_element	1.0	1.0	0.0	0.0	0.0	1.0	
Ladies Watches	0	Not Dark Pattern	indian	myntra	landing	0.8065488874782677	json_element	0.0	0.0	0.0	0.0	0.0	1.0	
Bikes and Scooters	0	Not Dark Pattern	indian	FirstCry	product	0.9020954775174482	json_element	1.0	1.0	0.0	0.0	0.0	1.0	
Manage Subscription	0	Not Dark Pattern	indian	FirstCry	settings	0.8003271452556426	json_element	0.0	0.0	0.0	1.0	0.0	1.0	
By: Kawachi	0	Not Dark Pattern	indian	Moglix	product	0.829879306540604	txt_body				0.0			
Search for Medicines and Health Products	0	Not Dark Pattern	indian	Tata 1mg	landing	0.8456472706722284	txt_body				0.0			
Need Help ? Contact Us	0	Not Dark Pattern	indian	myntra	cart	0.8022321429198153	json_element	1.0	1.0	1.0	0.0	0.0	1.0	
THE BEETEL HOUSE Men Colourblocked Polo Collar T-shirt	0	Not Dark Pattern	indian	myntra	product	0.8301653099625677	json_element	0.0	0.0	1.0	0.0	0.0	1.0	
Office Products	0	Not Dark Pattern	indian	amazon_in	product	0.8409134705025278	txt_body				0.0			
My Calls & Demo	0	Not Dark Pattern	indian	Techjockey	settings	0.869635263945345	json_element	0.0	0.0	0.0	1.0	0.0	1.0	
Hair Care	0	Not Dark Pattern	indian	ajio	landing	0.8491749594017031	json_element	0.0	0.0	0.0	0.0	0.0	1.0	
LATEST BANGLES	0	Not Dark Pattern	indian	bluestone	product	0.8016875606713378	json_element	1.0	1.0	0.0	0.0	0.0	1.0	
Medical Care	0	Not Dark Pattern	indian	FirstCry	product	0.832966124324453	json_element	1.0	1.0	0.0	0.0	0.0	1.0	
Home Cleaning	0	Not Dark Pattern	indian	snapdeal	product	0.8274076869326025	json_element	1.0	1.0	0.0	0.0	0.0	1.0	
Product image	0	Not Dark Pattern	indian	TheLabelLife	cart	0.8091618835864216	txt_body				0.0			
Combo Pack of Tata 1mg Pain Relief Spray (100gm) & Tata 1mg Pain Relief Gel (75g	0	Not Dark Pattern	indian	Tata 1mg	landing	0.8394361694481574	json_element	0.0	0.0	0.0	0.0	0.0	1.0	
"My Credit
₹0

View your available credit balance."	0	Not Dark Pattern	indian	lifestyle	settings	0.8029714776375427	json_element	0.0	0.0	0.0	1.0	0.0	1.0	
E-401, Kanakia Paris Sales Office, F Block, Bkc, Bandra East, Bandra East, MUMBAI, MAHARASHTRA, 400051, India	0	Not Dark Pattern	indian	amazon_in	checkout	0.8216735953413395	txt_body				1.0			
Baby Wipes	0	Not Dark Pattern	indian	FirstCry	product	0.8683306295557556	json_element	1.0	1.0	0.0	0.0	0.0	1.0	
Manage your shipping and billing addresses.	0	Not Dark Pattern	indian	lifestyle	settings	0.8002104366457998	txt_body				1.0			
Kits and Combos	0	Not Dark Pattern	indian	shoppers_stop	landing	0.8439940721185969	json_element	0.0	0.0	1.0	0.0	0.0	1.0	
Biotin Hair Shampoo	0	Not Dark Pattern	indian	HealthKart	landing	0.8537299390655018	json_element	0.0	0.0	1.0	0.0	0.0	1.0	
Find a store near me	0	Not Dark Pattern	indian	Bewakoof	landing	0.8344969750816809	txt_body				0.0			
Dove International	0	Not Dark Pattern	indian	Purplle	landing	0.8181591606803024	json_element	1.0	1.0	0.0	0.0	0.0	1.0	
Baby Dresses	0	Not Dark Pattern	indian	pantaloons	landing	0.8551879612130043	json_element	1.0	1.0	0.0	0.0	0.0	1.0	
Fastrack Watches	0	Not Dark Pattern	indian	myntra	landing	0.8158948667163735	json_element	0.0	0.0	0.0	0.0	0.0	1.0	
Download Techjockey Partner App	0	Not Dark Pattern	indian	Techjockey	landing	0.8260978517331912	txt_body				0.0			
Home > My Account > Cash Coupons	0	Not Dark Pattern	indian	FirstCry	settings	0.8424758260148633	txt_body				1.0			
FreeStyle Libre 2 Plus Continous Glucose Monitoring System Sensor Device (Pack of 2)	0	Not Dark Pattern	indian	Netmeds	cart	0.8439000288276349	txt_body				0.0			
Manage apps and services with data access	0	Not Dark Pattern	indian	amazon_in	settings	0.8594489929223156	json_element	0.0	0.0	0.0	1.0	0.0	1.0	
Sunfeast Marie Light Biscuit : 924 g	0	Not Dark Pattern	indian	DMart Ready	product	0.8337418591659395	json_element	0.0	0.0	0.0	0.0	0.0	1.0	
Rohin's Amazon.in	1	Social Proof	indian	amazon_in	product	0.7016675248716308	json_element	0.0	0.0	0.0	0.0	0.0	1.0	False Activity Messages
Limited time deal	1	Urgency	indian	amazon_in	product	0.7755143181922496	json_element	0.0	0.0	0.0	0.0	0.0	1.0	Creating a False Sense of Urgency
In stock	1	Scarcity	indian	amazon_in	cart	0.9288872273710908	txt_body				0.0			False Activity Messages
4.7M People like this	1	Social Proof	indian	Bewakoof	product	0.6866847062580843	json_element	0.0	0.0	0.0	0.0	0.0	1.0	False Activity Messages
1M People like this	1	Social Proof	indian	Bewakoof	product	0.6866847062580843	json_element	0.0	0.0	0.0	0.0	0.0	1.0	False Activity Messages
Newly In	1	Social Proof	indian	boult	landing	0.7016675248716308	txt_body				0.0			False Activity Messages
1.8k People ordered this in the last 24 hours	1	Social Proof	indian	boult	cart	0.8843382818597778	txt_body				0.0			False Activity Messages
Only Pictures	1	Scarcity	indian	boult	cart	0.9393096864357928	txt_body				0.0			False Activity Messages
Parle Fab Jam-In 3 Flavours Biscuits : 320 g	1	Social Proof	indian	DMart Ready	product	0.7016675248716308	json_element	0.0	0.0	0.0	0.0	0.0	1.0	False Activity Messages
Intelliskills 2 In 1 Play Mat Jungle & Roadmap...	1	Social Proof	indian	FirstCry	cart	0.7016675248716308	txt_body				0.0			False Activity Messages
NO, THANKS YES, PLEASE	1	Misdirection	indian	FirstCry	cart	0.8371967126899584	txt_body				0.0			Trick Wording
Only few left	1	Scarcity	indian	flipkart	product	0.8824296753685155	txt_body				0.0			False Activity Messages
Only 1 left	1	Scarcity	indian	flipkart	product	0.9868011951876455	txt_body				0.0			False Activity Messages
Only 3 left	1	Scarcity	indian	flipkart	product	0.9868011951876455	txt_body				0.0			False Activity Messages
Only 2 left	1	Scarcity	indian	flipkart	product	0.9868011951876455	txt_body				0.0			False Activity Messages
FSSAI Lic. No. 11221999000168	1	Misdirection	indian	freshtohome	cart	0.8465993088082049	txt_body				0.0			Trick Wording
HKPAY IN 3	1	Social Proof	indian	HealthKart	checkout	0.7016675248716308	json_element	0.0	0.0	0.0	1.0	1.0	0.0	False Activity Messages
No Hidden	1	Misdirection	indian	JioMart	cart	0.8465993088082049	txt_body				0.0			Trick Wording
"Waterproof	No"	1	Misdirection	indian	JioMart	cart	0.8465993088082049	txt_body				0.0			Trick Wording
"Blood Oxygen Monitoring (SpO2)	No"	1	Misdirection	indian	JioMart	cart	0.8465993088082049	txt_body				0.0			Trick Wording
"Activity Tracker	No"	1	Misdirection	indian	JioMart	cart	0.8465993088082049	txt_body				0.0			Trick Wording
"Calorie Tracker	No"	1	Misdirection	indian	JioMart	cart	0.8465993088082049	txt_body				0.0			Trick Wording
"Music Player	No"	1	Misdirection	indian	JioMart	cart	0.8465993088082049	txt_body				0.0			Trick Wording
No thanks	1	Misdirection	indian	Lenskart	landing	0.9536624342639155	json_element	0.0	0.0	0.0	0.0	1.0	0.0	Trick Wording
9958410404 | 9958410404@guest.in	1	Social Proof	indian	licious	payment	0.7016675248716308	txt_body				1.0			False Activity Messages
9958410404@guest.in	1	Social Proof	indian	licious	cancel_step	0.7016675248716308	txt_body				1.0			False Activity Messages
In Trend	1	Social Proof	indian	lifestyle	landing	0.7016675248716308	txt_body				0.0			False Activity Messages
Under Fourteen Only	1	Scarcity	indian	LimeRoad	landing	0.9393096864357928	json_element	1.0	1.0	0.0	0.0	0.0	1.0	False Activity Messages
"Helpcentre
helpin.maxfashion.in"	1	Social Proof	indian	max_fashion	landing	0.7016675248716308	json_element	0.0	0.0	1.0	0.0	0.0	1.0	False Activity Messages
helpin.maxfashion.in	1	Social Proof	indian	max_fashion	product	0.7016675248716308	txt_body				0.0			False Activity Messages
₹10,50057% OFF	1	Urgency	indian	Moglix	landing	0.6709823634658826	txt_body				0.0			Creating a False Sense of Urgency
₹10,00041% OFF	1	Urgency	indian	Moglix	landing	0.6709823634658826	txt_body				0.0			Creating a False Sense of Urgency
₹10,20052% OFF	1	Urgency	indian	Moglix	landing	0.6709823634658826	txt_body				0.0			Creating a False Sense of Urgency
₹10,90031% OFF	1	Urgency	indian	Moglix	landing	0.6709823634658826	txt_body				0.0			Creating a False Sense of Urgency
₹10,90024% OFF	1	Urgency	indian	Moglix	landing	0.6709823634658826	txt_body				0.0			Creating a False Sense of Urgency
₹10,0499% OFF	1	Urgency	indian	Moglix	landing	0.6709823634658826	txt_body				0.0			Creating a False Sense of Urgency
₹10,50042% OFF	1	Urgency	indian	Moglix	landing	0.6709823634658826	txt_body				0.0			Creating a False Sense of Urgency
₹10,46779% OFF	1	Urgency	indian	Moglix	landing	0.6709823634658826	txt_body				0.0			Creating a False Sense of Urgency
Show in stock only (34)	1	Scarcity	indian	Moglix	product	0.8334694370405095	txt_body				0.0			False Activity Messages
Only Few Left!	1	Scarcity	indian	myntra	product	0.8824296753685155	txt_body				0.0			False Activity Messages
No-cost EMI	1	Misdirection	indian	myntra	product	0.8465993088082049	txt_body				0.0			Trick Wording
No-cost EMI eligibility:	1	Misdirection	indian	myntra	product	0.8465993088082049	txt_body				0.0			Trick Wording
"(13)

Buds Vector

₹4,499

₹1,499

66% OFF

Hi-Res Audio40H Playtime

Offer Pric"	1	Urgency	indian	noise	landing	0.7594048824174319	json_element	0.0	0.0	0.0	0.0	0.0	1.0	Creating a False Sense of Urgency
1100+ People ordered this in the last 15 days	1	Social Proof	indian	noise	cart	0.8379012024856985	txt_body				0.0			False Activity Messages
Bond No.9	1	Misdirection	indian	nykaa	landing	0.8465993088082049	json_element	1.0	1.0	0.0	0.0	0.0	1.0	Trick Wording
Drape In Vogue	1	Social Proof	indian	nykaa	landing	0.7016675248716308	json_element	1.0	1.0	0.0	0.0	0.0	1.0	False Activity Messages
Godrej No.1	1	Misdirection	indian	nykaa	landing	0.8465993088082049	json_element	1.0	1.0	0.0	0.0	0.0	1.0	Trick Wording
ONLY	1	Scarcity	indian	nykaa	landing	0.9393096864357928	json_element	1.0	1.0	0.0	0.0	0.0	1.0	False Activity Messages
TRYBUY.IN	1	Social Proof	indian	nykaa	landing	0.7016675248716308	json_element	1.0	1.0	0.0	0.0	0.0	1.0	False Activity Messages
Only At Nykaa	1	Scarcity	indian	nykaa	landing	0.6910655909564191	json_element	1.0	1.0	0.0	0.0	0.0	1.0	False Activity Messages
Leave-in Conditioner	1	Social Proof	indian	nykaa	landing	0.7016675248716308	json_element	1.0	1.0	0.0	0.0	0.0	1.0	False Activity Messages
50g Mask in Jar	1	Social Proof	indian	PharmEasy	product	0.7016675248716308	txt_body				0.0			False Activity Messages
14g Lip Balm in Jar	1	Social Proof	indian	PharmEasy	product	0.7016675248716308	txt_body				0.0			False Activity Messages
Alps Goodness Rosemary Foaming Shampoo | Presoaked in Amla Reetha Shikakai water	1	Social Proof	indian	Purplle	cart	0.7016675248716308	json_element	0.0	0.0	0.0	0.0	0.0	1.0	False Activity Messages
Having trouble logging in?	1	Social Proof	indian	shoppers_stop	landing	0.7016675248716308	txt_body				0.0			False Activity Messages
₹4949.10₹5499.00| 10% Off	1	Urgency	indian	shoppers_stop	cart	0.7658806651464554	txt_body				0.0			Creating a False Sense of Urgency
Only 4 left	1	Scarcity	indian	Shopsy	cart	0.9868011951876455	txt_body				0.0			False Activity Messages
© 2020-2026 Shopsy.in	1	Social Proof	indian	Shopsy	cart	0.7016675248716308	txt_body				0.0			False Activity Messages
"Yourstory
Earning trust with no shortcuts, no price negotiations"	1	Misdirection	indian	spinny	landing	0.8135356073334405	json_element	0.0	0.0	0.0	0.0	0.0	1.0	Trick Wording
Pre Owned Tata Cars in Delhi NCR	1	Social Proof	indian	spinny	product	0.7016675248716308	json_element	1.0	1.0	0.0	0.0	0.0	1.0	False Activity Messages
Old Honda Cars in Delhi NCR	1	Social Proof	indian	spinny	product	0.7016675248716308	json_element	1.0	1.0	0.0	0.0	0.0	1.0	False Activity Messages
Earning trust with no shortcuts, no price negotiations	1	Misdirection	indian	spinny	landing	0.8135356073334405	txt_body				0.0			Trick Wording
Ends in 2:59	1	Urgency	indian	The Souled Store	payment	0.7859535118744664	txt_body				1.0			Creating a False Sense of Urgency
Additional up to ₹10,000 off. Use code EXTRA10K | Limited-time deal—Shop now!	1	Urgency	indian	urbanladder	landing	0.7397167895202018	txt_body				0.0			Creating a False Sense of Urgency
Delivering In	1	Social Proof	indian	urbanladder	landing	0.7016675248716308	txt_body				0.0			False Activity Messages
Britannia Pure Whole Wheat Bread (No Maida)	1	Misdirection	indian	Zepto	product	0.8465993088082049	txt_body				0.0			Trick Wording
Seller License No.	1	Misdirection	indian	Zepto	cart	0.8465993088082049	txt_body				0.0			Trick Wording
fssai lic no : 11224999000872	1	Misdirection	indian	Zepto	cart	0.8465993088082049	txt_body				0.0			Trick Wording
